﻿Name,Img_url,Info,Writer,Num,Typ,Desc
一脸死相的三好,http://www.vshang66.com/uploads/allimg/210828/1-210RQ521160-L.jpg,在这个热闹非凡的日子里，有许多各怀鬼胎的人出入其中，他们不约而同地将红...,青橘剧制,其他,民国/欢乐/阵营/本格,"神马，盘北镇有黄金？神马，日本人要运送黄金？神马，黄金就在红浪漫里！,红浪漫歌舞厅“三个月还没有倒闭”的庆典在今日隆重举行。要知道，在这个兵荒马乱的年代，能开业这么久实属不易！,在这个热闹非凡的日子里，有许多各怀鬼胎的人出入其中，他们不约而同地将红浪漫歌舞厅作为据点，即使倒贴笑脸也要和黄金死磕到底！,人物角色：文鼎，男，挽救万千失足少女，五官如刀刻般英俊的红浪漫歌舞厅歌手。张玄书，男，时常因为过于优秀而深感孤独的红浪漫歌舞厅拔火罐技师。阿巴，男，不得不为自己的成熟魅力而卑贱活着的红浪漫歌舞厅拔火罐技师。"
椰枣,http://www.vshang66.com/uploads/allimg/210802/1_0P216321W957.jpg,"人生本来就没有公平的事,你也不知道这个世界上有多残暴多可怕的事情在发生...",云儿/文工人,其他,阵营/立意/本格,"游戏时长：4.5-5h,剧本简介：不息的幼发拉底河，灌溉着美索不达米亚平原孕育了人类最早的文明。只是，自此往后数千年，罪恶也未从在这块土地上缺席。有多少恶贯满盈，嗜血成性的暴君，就有多少仁人志士，替天行道。正如，漫漫黄沙之上，翱翔，盘旋着的苍鹰，为了正义，公平，等待着，等待着出击的那一刻……,人物介绍：Lisa:19岁，女，泽国大学生,Haya:19岁，女，谢赫自卫队大队长,埃布尔：26岁，男，谢赫自卫队军官,哈桑：30岁，男，谢赫自卫队军官,阿迪莱：51岁，女，谢赫自卫队队医"
男德修院,http://www.vshang66.com/uploads/allimg/210801/1_0P1232G5O09.png,在汉都城外设立一所“男德修院”，男德修院院长程苍年在汉都德高望重，近期...,S.H剧制,其他,欢乐/机制/开放,江允南：二十六岁，富家公子，笑里藏刀。于君彻：二十五岁，富甲一方，长相帅气。周褚尧：二十五岁，肥硕身材，憨厚老实。娄雨沁：三十岁，汉都头牌第美女。江允霞：二十三岁，刁蛮任性，不讲道理。叶昱柠：二十五岁，富甲一方，端庄大气。高姝月：三十五岁，长相秀丽，身材高挑。
夜深知雪重,http://www.vshang66.com/uploads/allimg/210731/1_0I1222454P27.jpg,"北村美纱绪近年来稳坐业界No.1的收视率女王,却由于绯闻缠身,同时也被人们戏称...",南本出品,其他,日式/情感/还原,"北村美纱绪近年来稳坐业界No.1的收视率女王，却由于绯闻缠身，同时也被人们戏称为“绯闻女王""。面对漫天的绯阃，她概不回应，而是用其精湛的演技使得质疑声逐渐沉寂下来,但只有曾轰动一时的六花的悲剧事件除外。它源于一部由日本国宝级导演(伊多乃名)执导的电影，这部电影还曾一度由于老牌女星槙村雪江与当红女演员北村美纱绪共同参演而引发热议。然而、在电影即将杀青前的一个纷飞雪夜，伊多乃导演因事故意外身亡，电影虽然完成了最后的拍摄，却由于北村美纱绪的退出宣言而最终未能面世，随之而来的是制作公司的破产，电影原带也在混乱中不翼而飞。制作公司社长冲田下落不明，女星槙村雪江作为冲田的担保人，也因负债累累，一蹶不振，自杀身亡。由于伊多乃导演及槙村雪江死亡当日都下着雪，因此这事件又被称作“六花的悲剧”(六花=雪花)。人们都说，正是因为北村美沙绪的突然退出，才会让事态一发不可收拾。五年后的一个雪夜，一家民宿里，迎来了一场盛大的同学聚会。知名女演员美沙绪竟也参与其中。热情好客的民宿主人，貌合神离的夫妻，曾经的同窗伙伴，各怀心事的众人间又将会发生怎样扑朔迷离的故事呢？是夜，屋内一派温暖祥和然而，谁都未曾想到同样一个大雪纷飞的夜里，悲剧将再次上演……,人物简介：黑泽亮介,北村美沙绪,村越茂人,柴山千帆"
无人生还,http://www.vshang66.com/uploads/allimg/210729/1_0H92329305N7.jpg,一场突如其来的大火，让所有人猝不及防，从那场火灾中活下来的人们，加入了...,玩剧工作室,其他,情感/现代/恐怖,"剧本难度：新手，进阶，难度可控,剧本亮点：国内真实公交纵火案改编,剧本简介：“一场突如其来的大火，让所有人猝不及防，从那场火灾中活下来的人们，加入了一个受害者后援会，在他们当中，有人对未来依然充满了希望，也有人永远活在了那天的阴影之中无法自拔。俗话说，逝者已矣，生者如斯。但等待他们的究竟是无尽的黑暗，还是重获的新生？”,人物介绍：女白领 段馨,体院老师 温诚,女警察 江欢,大学生 高良"
十字坡·三碗不过缸,http://www.vshang66.com/uploads/allimg/210722/1_0H21641153537.jpg,策马奔腾纵横江湖恩仇！替天行道兄弟情谊义薄云天！水浒众豪杰何去何从？...,桌迷藏,其他,古风/欢乐/机制/本格,"游戏时长：4-5h,剧本亮点：水浒题材欢乐，喝酒(可控),剧本简介：策马奔腾纵横江湖恩仇！,替天行道兄弟情谊义薄云天！,水浒众豪杰何去何从？十字坡上再聚首！虎颤抖,杯光壶影、觥筹交错,酒酣耳热之际谁是那真豪杰？谁是那娇美人？"
拿什么拯救你，我的李大爷,http://www.vshang66.com/uploads/allimg/210702/1_0F222491521K.jpg,艳阳似火，筒子楼下的院坝里，一红一绿两位身穿碎花布衫的大妈在大榕树的树...,叉叉,其他,现代/架空/欢乐,"游戏时长：3.5-4h,剧本亮点：轻松诙谐，用多种不同的视角讲述了一段特殊的故事，绝对是一个有记忆点的本。5~9的人数设定，方便店内人员安排，时长适合店家翻台。欢乐撕逼给与玩家和店家大量发挥空间，对于表现欲极强的玩家和npc绝对的爆本，凶案推理难度适中，无双胞胎、无人皮面具、无失忆、无三刀两毒、无比惨大会。有的只是我们许多人经历过，身边正在发生或听说过的一个故事。剧本简介：艳阳似火，筒子楼下的院坝里，一红一绿两位身穿碎花布衫的大妈在大榕树的树荫下乘凉，扇着扇子唠着嗑。暑气似乎无法穿透这大树的阴影，树荫下的人享受着这难得的清凉。啥？李大爷做的？”,那可不！,“不是吧！谁做的我都信，李大爷的不可能。”"
小林一番,http://www.vshang66.com/uploads/allimg/210630/1_0630110423S40.png,对于喜欢还原故事，或者喜欢多翻转的玩家，《小林》的体验可能不会太好。它...,TAKU&夙愿,其他,独家/侦探/硬核/推理,对于喜欢还原故事，或者喜欢多翻转的玩家，《小林》的体验可能不会太好。它很朴实，没有太多花哨的东西，而是回归了最纯真的谋杀之谜。 对于喜欢硬核推理的玩家，《小林》会是绝对不能错过的佳作。 小林独特的机制，让游戏更加灵活机动。你的朋友迟到了？没关系。组局的人跳车或者鸽了？没关系。临时多了一个人？没关系。朋友情侣吵架玩到一半要走？没关系。 无论作为玩家还是店家，再也不用因为人数和时间问题而影响游戏体验了，当真是个宝藏剧本。
绾君心,http://www.vshang66.com/uploads/allimg/210608/1_060Q531425Y8.jpg,剧本亮点：集商业翻台和文笔故事于一身的宫斗本！你从未见过的欢乐机制！...,安妮,其他,古风/架空/欢乐/本格,"剧本简介：自恒朝建国一百多年以来，已换至第四任皇帝元尧帝凤楚辰。他看似喜怒无常，却韬光养晦，在上一任太子和二皇子斗得两败俱伤后一举夺得皇位。凤楚辰正值盛年意气风发，可无奈登基之后，先是年仅六岁的嫡子突然夭折，继而皇后一病不起，现唯一存活的二皇子看上去智商也不太行……如今极得盛宠的容嫔已宣布有孕，凤楚辰的后宫眼看又将不得安宁……,人物介绍：皇后——龙卿玖，中极殿大学士嫡次女,穆贵妃——萧如念，骠骑大将军独女,贞妃——杨意，太后亲信,容嫔——陆锦桐，京城梨花园园主独女,宜嫔——叶清漓，南诏国嫡公主,忻嫔——顾兰茵，湖广总督嫡次女"
