﻿Name,Img_url,Info,Writer,Num,Typ,Desc
食梦记,http://www.vshang66.com/uploads/allimg/211103/1-2111032143020-L.jpg,你从爆炸声中惊醒，身上的衣服被汗水浸透，脑海中乱成一团…… 被溺死的美...,妄想剧场工作室,6人本,硬核/推理/还原/城限,这个世界这个世界，有儒；有道；有佛；有妖；有术士。充斥着尔虞我诈，阴谋阳谋的对抗，棋手间的对弈，棋子间的搏杀。风平浪静，拨云见日，真相究竟如何。故事从大奉说起……人物介绍:【丽娜】女，19岁。吃货属性的异域少女。【浮香】女，20岁。花魁，擅长撩拨男人。【许新年】男，19岁。
月光下的持刀者,http://www.vshang66.com/uploads/allimg/211001/1-2110011535490-L.jpg,作为一个本格硬推本，故事线完整且富有内核，线索与剧情交相呼应，缜密的心...,七一工作室,6人本,现代/推理/核诡/硬核,自天帝划分六界以来，妖族与人族互相攻伐，人族死伤无数。数万年前，为护佑黎民，众多仙人自愿放弃进入仙界的机会，与妖族拼死作战，涌现出蜀山派、蓬莱剑派、南海仙山等赫赫有名的修仙门派。蓬莱剑派信守忠贞之节，世人谓之“蓬莱君子”；南海仙山孤悬海外，护佑一方平安。然时过境迁，今日之两派俱已日薄西山。这天，两位少年护送镖局马队从遥远的锦城出发，踏上一段未知的旅程……人物介绍：【灰衣男子】二十八岁。英气俊美，神情轻佻。唯幸此心无大愿，笑梦一生又何妨。【黄裙女子】十九岁。
大奉打更人,http://www.vshang66.com/uploads/allimg/211001/1-2110011533590-L.jpg,内容承接的超级完整，剧本也是幽默诙谐还带有悬疑。 就是在原著的基础上，...,谜境档案,7人本,推理/机制/硬核/IP本/城限,"剧本故事：欢迎各位玩家，来到奇异人生游戏公司。如往常一样，大家将进入一款第一人称VR游戏，体验2100年的赛博朋克世界。6位队员，共同审判这世界的一切：秩序、压迫、人工智能、爱、虚伪、自由、战争。抱歉了，因为这回，他们的梦，由你决定…由你承担…但——毕竟只是个游戏而已，对吧？请深呼吸,奇异人生公司邀请您现在进入：游戏时间,角色介绍：苳——心理医生,千喙——演员"
昼尽夜阳时,http://www.vshang66.com/uploads/allimg/211001/1-2110011529110-L.jpg,本格部分和情感升华、还原、点题的结合做到了很好的契合，分量比重处理均衡...,游趣剧本,6人本,硬核/还原/沉浸/立意,故事背景：南朝宋国年间，宋孝武帝刘骏做了一个梦，梦里他定了众皇子中样貌最为出挑的刘子业为储君。他找来一个颇有神通的相士卜卦，卦象显示，只有以美貌定人尊卑，才能换得大宋百年昌盛。从此以后，刘骏万事不再以能力定高低，偏以美貌论输赢，建康城渐渐兴起了以美为尊的不良风气。刘骏死后，年仅十六的皇太子刘子业继为新帝，然他暴虐成性，狂悖无道，引得朝野上下不安。不仅如此，刘子业的姐姐山阴公主好男色，养面首，骄奢淫逸。建康城以美为尊的不良风气愈发盛行宋国混乱不堪，百姓艰难度日。而原来被驱赶的宗室血脉也开始凝聚势力，暗地里妄图推翻刘子业的统治。在这动荡的乱世中，恩怨情仇与国家大义，究竟孰轻孰重？是匆匆恍然一生，还是以拯救苍生为己任？角色介绍：【兰雁书】名门长女，长相温婉，知书达理。【刘楚玉】山阴公主，有皇族第一美人之称，为人骄傲蛮横，十分霸道。【沈玥儿】建康城新贵，沈氏车马行东家，娇俏可爱，开朗活泼，精明能干。【刘子业】刘宋皇帝，外表精致俊美，内心暴虐无度，冷酷无情。
狂泉之水,http://www.vshang66.com/uploads/allimg/210930/1-2109302054110-L.jpg,相传从前有一个国家，国内有一汪泉水，名为狂泉。 国里的人喝了这水，没有...,廿九剧创工作室,6人本,未来/推理/硬核/城限,"是止不住的蝉鸣,放不完的飞鸟,还有,那深夜中注视着你的 深绿色眼瞳,呱——,呱——,呱——,你的头上有一只,倒吊蟾,摸摸你的额头"
骗过死神的影子,http://www.vshang66.com/uploads/allimg/210930/1-2109301P6170-L.jpg,虚拟的数据夹杂着真实的鲜血，洞开一扇扇撕裂逻辑的真相之门后，在那虚幻与...,灰烬工作室,6人本,架空/硬核/新本格/还原,"游戏时长：4.5-5h,剧本简介:不息的幼发拉底河，灌溉着美索不达米亚平原孕育了人类最早的文明。只是，自此往后数千年，罪恶也未从在这块土地上缺席。有多少恶贯满盈，嗜血成性的暴君，就有多少仁人志士，替天行道。正如，漫漫黄沙之上，翱翔，盘旋着的苍鹰，为了正义，公平，等待着，等待着出击的那一刻……人物介绍:Lisa:19岁，女，泽国大学生,Haya:19岁，女，谢赫自卫队大队长,埃布尔：26岁，男，谢赫自卫队军官,哈桑：30岁，男，谢赫自卫队军官,阿迪莱：51岁，女，谢赫自卫队队医"
南都遗梦,http://www.vshang66.com/uploads/allimg/210907/1_0ZGJ6235554.jpg,南都遗梦作为一个PVE 仿刑侦本，形式类似<白日孤灯>。玩家作为警队一员，将在...,火缉剧本,6人本,现代/硬核/仿刑侦/本格,"剧本亮点：根据真实事件改编，变革还原暗黑恐怖故事，可玩性十足。剧本简介：育希高中位于雾都的城边，这里常年大雾，寒冷和迷雾是这个城市的代名词。毗邻着学校的周围有一个全市知名的车站——如月车站。这个车站知名的原因并不是车站本身，而是关于这个车站的怪谈。相传，车站已经废弃很久，但总有学生能够在夜深人静之时听到火车的轰鸣声，也曾有人表示看到过一列火车从铁轨上“飘”过。当然，这一切究竟是传闻，还是真实呢？最近学校里的关于这个怪谈又有了新的说法：如果你在7月中旬前后鬼门大开的时候，在这条铁轨上卧轨自杀，将会闯入鬼门，或者说你可能会去一个神秘的地方。这个怪谈的变化出自于一个叫诡匠的网络灵异社团，而7月12日，则是这个社团的招魂会，5个怀着不同想法的人聚在一起，似乎在研究着什么新事物……人物介绍：杨凯雯，16岁，育希中学学生，内敛寡言，长相瘦小,徐梦瑶16岁，育希中学学生，乐于助人，长相甜美,雷波，17岁，育希中学学生，大大咧咧，性格外向,林小浪，14岁，育希中学学生，沉默寡言，内向文艺,秦芸，29岁，育希中学校医美艳动人，性格冷淡"
时空管理局-第三号事件,http://www.vshang66.com/uploads/allimg/210906/1-210Z62250140-L.jpg,每一幕的连接都不会有任何过多的赘述，代入感很强。最开始的线索都是通过大...,夹心果冻,6人本,硬核/推理/还原,有人说一水阁大都督尧，身份高贵，出道以来未尝败绩，是真正的天下第一人！当命运的九人相聚江南一水阁，惊世之战的主角便不止两位。少年啊，你是谁，你自何处来，你往何处去。少年啊，你这一生可有后悔之事，谁能阻止少年慷慨赴死啊，他们听不到。人物介绍：将成：32岁，天策上将军，大乾朝的中流砥柱。尧：27岁，一水阁大都督，号称棍之所及，天下无敌。王婉如：25岁，天下博约社一览先生，将成妻子。苏苏：19岁，一水阁月神，尧的妻子。黄夫人：38岁，面容俊秀，衣着华丽的珠宝商人。风子衣：36岁，女，江湖第一大派天山宫宫主。陈浮生：26岁，刚出道的新人剑客。苍生医师：42岁，厨神居二当家，着名医者。
薛定谔的铃声,http://www.vshang66.com/uploads/allimg/210905/1-210Z5122Q70-L.jpg,《薛定谔的铃声》在一个好的故事框架下，推理部分的设计就显得游刃有余的多...,大猫儿工作室,6人本,硬核/还原/沉浸/破冰,想找到传说中富可敌国的宝藏吗？现任海盗首领徐海的大寿之日，海盗们齐聚一堂，更有葡萄牙人和倭寇的到来，看似风平浪静下，实则暗涛汹涌。….准备好了吗？
帕佐庄园,http://www.vshang66.com/uploads/allimg/210905/1-210Z5113K30-L.jpg,侦探推理式的整理、拼凑、打碎、重新拼凑，整个推理过程几乎全程高能。...,周文丰,6人本,硬核/本格/还原,"剧本简介：说书人，说故事。东辰大陆自古便流传着血魔的传说。每隔千年，血魔降世，若不将其阻止，江湖则会血雨腥风，生灵涂炭。“8月3日，十里小镇，天柳树荫，午时三刻，取你性命，如若不来，8月4日，天魔上下，鸡犬不宁。”今日一封战帖汇集天下武林人士在一个小小的十里镇。客栈内，两位头戴斗笠的妙龄少女，一位风韵犹存的中年美妇，一位面容和善的中年男子， 一位风度翩翩的黑衣青年。几人汇聚一堂，每个人似乎都有道不尽的故事，江湖在这几人手中，风起云涌,人物简介：鬼阡陌，男，风度翩翩的黑衣青年。柳随风，男，兵器店掌柜，面容和善的瘸脚中年男士。孟  戈，女，头戴斗笠的青衣妙龄少女。孟清秋，女，头戴斗笠的黑衣妙龄少女。赵三娘，女，丝绸商人，风韵犹存的中年美妇。"
祸起穷奇,http://www.vshang66.com/uploads/210904/1-210Z415492Y42.jpg,据《山海经·海内北经》文述，穷奇外貌像老虎，长有一双翅膀，喜欢吃人，更...,别拿,6人本,古风/硬核/还原,剧本亮点：与众不同的游戏流程，全新的推理乐趣。剧本简介：位于法国西南部阿基坦大区比利牛斯-大洋省低纳瓦拉的拉帕鲁尔城堡迎来了一批新的客人。他们是本地电视台“夏日古堡试胆”节目的摄制组。由导演率领的摄制组先头部队在当天晚上会住在这座古堡中，等候转天到来的全部摄制成员。不过在当天晚上，潘多拉的盒子却被悄然打开，一场后来席卷全球的末日灾厄就是从这里开始…六个古堡事件的幸存者在高科技仪器的帮助之下，试图找回失去的记忆，重现在古堡当天晩上所发生的事情。纳粹遗留的研究所、神秘废弃的古堡、潜伏在历史背后的宗教、隐藏在古老词句中的真相。穿过重重的迷雾找到那个阻止灾厄的答案。
W在场证明,http://www.vshang66.com/uploads/allimg/210904/1_0Z415461441X.jpg,你是谁？ 坐在你身边，其余六个神态莫测的人又是谁？ 面覆般若面具的神秘男...,谜里文创,7人本,机制/硬核/还原/沉浸,"六位性格、家庭背景迥异的同窗，,在花样的年纪，,被卷入了震惊世界的事件。为什么……会发生这样的事情！这个世界……难道不是美好的吗！如何成长、作何选择？他们的抉择，,将深深的改变自己、国家、,甚至全人类的命运。"
幸存,http://www.vshang66.com/uploads/allimg/210904/1_0Z4154245F13.jpg,整个故事由“一艘游轮，三起命案，六名嫌疑人”组成，推理逻辑完成得全都很...,忘忧谷工作室,6人本,硬核/本格,"剧本简介:自恒朝建国一百多年以来，已换至第四任皇帝元尧帝凤楚辰。他看似喜怒无常，却韬光养晦，在上一任太子和二皇子斗得两败俱伤后一举夺得皇位。凤楚辰正值盛年意气风发，可无奈登基之后，先是年仅六岁的嫡子突然夭折，继而皇后一病不起，现唯一存活的二皇子看上去智商也不太行……如今极得盛宠的容嫔已宣布有孕，凤楚辰的后宫眼看又将不得安宁……人物介绍:皇后——龙卿玖，中极殿大学士嫡次女,穆贵妃——萧如念，骠骑大将军独女,贞妃——杨意，太后亲信,容嫔——陆锦桐，京城梨花园园主独女,宜嫔——叶清漓，南诏国嫡公主,忻嫔——顾兰茵，湖广总督嫡次女"
让蝉声渐响,http://www.vshang66.com/uploads/allimg/210904/1_0Z415362V640.png,开局会有一个小型案件让玩家热身，设计的很精妙。正式案件线索很多，玩家可...,刘律舟,6人本,现代/硬核/立意/本格,"平静的商业街发生普通的盗窃案，背后竟引出一连串的杀戮。可爱猫咪们的悲惨过往和笼罩在背后的巨大阴谋你是否能揭开……如果乌云藏在阳光背后，你是否愿意直面乌云？人物角色,德文：德文卷毛，电玩城老板，温柔善良，热心真诚。来福：银渐层，商业街经理，纯粹率真，爱憎分明。静安：暹罗，电玩城老板，古灵精怪，自由洒脱。弗卡：乳白英，知名甜品师，聪明伶俐，重情重义。么么：布偶，甜品店老板，甜美可爱，乐善好施。蛋挞：橘狸，小卖部老板，好色大叔，秉性善良。"
犯罪创意馆：基本演绎,http://www.vshang66.com/uploads/allimg/210904/1_0Z41532505602.jpg,真的有种自己穿越进了《神夏》的感觉，像是做了一场梦，却好像这一切又都真...,剧作时代,5人本,欧式/推理/硬核/演绎,"游戏时长：4-6h,剧本简介:1924年，印度大文豪泰戈尔访问中国。对于中国，泰戈尔直言道“这里就像是我的第二个故乡！”,造访中国期间，泰戈尔带着他的着作《漂鸟集》在各地演说，影响了多名国内学者以及民众，可《漂鸟集》却不在巡讲的途中不翼而飞。同年《国民新报》报道国民党78军司令员贾富贵诞辰56岁，将于12月11日在自己府中设宴。由于是私人宴会，这次仅邀请数位宾客参加晚宴，并在自己生日晚宴上进行拍卖会，而竞品竟是消失数月的《漂鸟集》。今日便是1924年12月11日，想必你们到这里都是来参加贾司令的生日拍卖宴吧！人物介绍:【百乐门头牌】：白玫瑰，万种风情的美妇人。【贾司令之女】：贾轻轻，清丽脱俗的年轻女孩。"
高级动物,http://www.vshang66.com/uploads/allimg/210904/1_0Z41529291349.jpg,能够感受到一个个体在这样的社会里那种无助，为了生存可以出卖灵魂，可以烧...,叱鲸文化,6人本,硬核/立意,01呼叫总部，目标区域发现有地下结构，请求进入……收到，批准。……发现生命体活动迹象……是否启动2号预案？收到，批准。……这是……什……你们看见了什么？01汇报情况！别过来……你是谁……别过来！01？……呼叫01！收到请应答！
窃听,http://www.vshang66.com/uploads/allimg/210902/1-210Z22312090-L.jpg,在那个年代有很多人投身于各个阵营，为了自己或者说为了自己想守护的人，身...,森森,7人本,硬核/推理/阵营/谍战,"“连你都骗我……？”,“正因为是你，所以才骗你。”,伪装是你我太过自私，还是人类本身就乐于欺瞒？以色列国家科学院专家约兰·科恩博士遇刺身亡，相隔数十国家之外的南江市中，一场看似毫无关联的命定意外却随之悄然启动。是随性而起的凶杀案？还是早有预谋的至暗计划？森林别墅之中，六人命运彼此牵绊。大戏正等你上演……人物介绍：【Lisa】女，18岁。"
一发入魂,http://www.vshang66.com/uploads/allimg/210902/1-210Z22253060-L.jpg,乍一看【一发入魂】的画风超级可爱，萌萌哒，但不要被欺骗了，这其实是个...,水鸟推理社,6人本,scp/硬核/机制/欢乐,"剧本亮点：独创电影沉浸式剧情推进，手工dy科技风道具，让玩家体验视觉盛宴,剧本简介：这是最好的时代，也是最令人绝望的时代。向前一步即是黎明，踏错一步便坠入深渊。3071年，持续了200年之久的战争终于进入尾声，地球的资源最后由三股势力瓜分。当平民以为得以喘息之时，一座自由之都却在一天之内被屠杀殆尽。10年后，一套名为“上帝计划”的新程序研发完毕，据说将它植入机器人中可以彻底代替人力实现战斗、生产。当阳光再次照亮那座废墟，怀表的指针向前跳动了一下……"
举头三尺,http://www.vshang66.com/uploads/allimg/210902/1-210Z2224P40-L.jpg,一个关于村庄，关于过去，关于宗教，关于神明的故事，涉及到好几代人，体量...,醉丝轩,6人本,硬核/现代/还原/城限,剧本简介：当黑夜降临，前路黯淡之时，不要忘了回头看看，也许在你身后，有人为你留下了最后一道光明。不要绝望，也不要悲伤，因为一切都是最好的安排。你爱的人，爱你的人，都将化作盛大的勇气，伴你前行。走出黑暗，天光终将破晓。人物介绍：【直爽利落的短发女】女，28岁。山河集团物流部主管，喜欢将自己伪装成人畜无害的样子。【打扮精致的长发贵妇】女，32岁。山河集团副总裁，手段与心计均属上乘。【面黄肌瘦的斯文男】男，22岁。学生，看起来瘦弱斯文。【小眼睛的高个男】男，30岁。山河集团副总裁，一人之下万人之上。
扫黄,http://www.vshang66.com/uploads/allimg/210828/1-210RQ510060-L.jpg,全程参与度极高，没有任何的边缘人物，每个人本里的细节都很重要，往往细节...,灵当,6人本,港风/欢乐/硬核/还原,"北村美纱绪近年来稳坐业界No.1的收视率女王，却由于绯闻缠身，同时也被人们戏称为“绯闻女王""。面对漫天的绯阃，她概不回应，而是用其精湛的演技使得质疑声逐渐沉寂下来,但只有曾轰动一时的六花的悲剧事件除外。它源于一部由日本国宝级导演(伊多乃名)执导的电影，这部电影还曾一度由于老牌女星槙村雪江与当红女演员北村美纱绪共同参演而引发热议。然而、在电影即将杀青前的一个纷飞雪夜，伊多乃导演因事故意外身亡，电影虽然完成了最后的拍摄，却由于北村美纱绪的退出宣言而最终未能面世，随之而来的是制作公司的破产，电影原带也在混乱中不翼而飞。制作公司社长冲田下落不明，女星槙村雪江作为冲田的担保人，也因负债累累，一蹶不振，自杀身亡。由于伊多乃导演及槙村雪江死亡当日都下着雪，因此这事件又被称作“六花的悲剧”(六花=雪花)。人们都说，正是因为北村美沙绪的突然退出，才会让事态一发不可收拾。五年后的一个雪夜，一家民宿里，迎来了一场盛大的同学聚会。知名女演员美沙绪竟也参与其中。热情好客的民宿主人，貌合神离的夫妻，曾经的同窗伙伴，各怀心事的众人间又将会发生怎样扑朔迷离的故事呢？是夜，屋内一派温暖祥和然而，谁都未曾想到同样一个大雪纷飞的夜里，悲剧将再次上演……人物简介:黑泽亮介,北村美沙绪,村越茂人,柴山千帆"
费洛蒙,http://www.vshang66.com/uploads/allimg/210823/1_0R323245G9E.jpg,隐秘角落里沉睡的干尸、火光冲天中扭曲的肢体、暗潮涌动的都市传说、死亡现...,许寒酥,7人本,现代/硬核/机制/推理,剧本亮点：选取背景宏大，人妖仙三界混杂，恩怨纷乱如麻。剑断不平事，唯不斩情丝，到最后，又是谁负了谁。剧本简介：数百年前，尘世间突然开始兴起修仙一说，于是太虚境便在这种环境下应声而起，经过数百年漫长的发展，终成为世人眼中的修仙圣地，可望而不可即。而随着时代变迁，太虚境弟子除了修仙以外，也开始将斩妖除魔视为己任。三年前，太虚境交到了一女弟子的手中。这位新任掌门虽是女儿之身，却诚然是修行上的佼佼者，太虚境在她的带领下达到鼎盛。然而天妒英才，在文曦二十四年八月初十那日，那位女掌门死在了太虚境自己的地盘上，魂魄散得干干净净，四海八荒，连一缕残魂都找不到。也不知道是受人命令还是心照不宣，太虚境上下都对女掌门的死因缄口不提。九月廿九，女掌门尸体在法华寺停灵七七四十九后，将会在京城最大的客栈『镜花水月』暂留一晚，次日送回太虚境祖陵安葬。而这天，这所客栈却来了一些不同寻常的客人……人物介绍：1.花想容：京城最大客栈『镜花水月』老板娘，眉间一点艳红花钿，一袭红裳掩不住衣底风情，执着美人团扇，笑得慵懒而勾人。
心慌慌,http://www.vshang66.com/uploads/allimg/210823/1_0R32323306100.jpg,绝望的黑暗中，一声，两声，三声，四声...... 这出自人类本能的惨叫总计出现...,盛世剧制,7人本,民国/推理/恐怖/硬核,"“哎小明啊，这玩意真能让别人看见我啊？你看看我这头发，梳整齐没？”,“太奶奶，已经开始啦，客人都看着您呐”,“哎哟，那你快去，把我准备的礼物给大家拿过来，趁你太爷爷去找胸针了，先让大家拆礼物吧。”,“太奶奶，这四个礼物怎么拆啊？”,“礼物当然要一个一个拆，咱们就先拆那个蓝色的吧！”,7七位来宾，四场婚礼，两位主角，一个跨越七十年的，浪漫礼物。来，一起来拆开这第一份，送给你们的礼物吧~,人物介绍:女婿，司机，66岁,外孙子，商人，35岁"
二十四夜的祷告,http://www.vshang66.com/uploads/allimg/210823/1_0R323042232O.jpg,京都府北部，日本海蔚蓝深邃。距离海岸十余里，有一座海岛，这里曾经是二战...,稻草人工作室,7人本,推理/还原/硬核/城限,"游戏时长：4h,剧本简介：招租啦！招租啦！我们位置极佳，开窗可见野人骑熊猫，尽享原始生态;我们注重养生，距公交站至少20公里，能有效避免罹患高血压;我们品味奢华，采取复古式装修，但凡找出一块好的墙皮就能获赔付幸福小区的住户都需要通过严格筛选，为人正直善良。我们美名远扬，好名昭着，在此特邀诸位自诩“好人”的朋友与我们共同生活！当清晨的第一缕阳光斜落，十里坡键神顶着黑眼圈刚刚入睡，做着一刀99级的美梦;无敌好客负手散步，大骂行人走路顺拐;朝阳大妈煮了早饭，盘算今天也是要喂肥邻居的天;樱桃大丸子已经在看书，哭晕过去就当是睡回笼觉;剩女贞德刚送了丈夫出门，就立即抱怨他还不回家;晨跑的这个小哥不太冷，为了避免与人打招呼匍匐前进。嗯，这可真是个超友爱的小区呢，你确定不搬过来死…啊,呸，试试,人物介绍：无敌好客：以我无敌通天之力，为你端茶递水,这个小哥不太冷：快把空调打开，老子不够冷酷了,十里坡键神：蓬莱仙岛太远，我就在沙发上原地飞仙吧"
兽行细道,http://www.vshang66.com/uploads/allimg/210822/1-210R21421240-L.jpg,《兽行细道》，由只言片语工作室联合发行，作者A4。目前跑团类剧本少之又少...,A4,6人本,现代/日式/本格/硬核,故事背景:数千年前，混元石破裂后，其碎片散落于青城山各处，蕴含着大量灵气、魔气的碎片，让使得山里很多动物修成了精，多以蛇为主。贪婪的人们为了提升自己的修为、大势捕蛇取其精气，从此江湖中便有了-种新的职业，名唤“捕蛇师”。在这里，蛇是个好东西，不仅可以提升修为、滋养肌肤，还能补身治病。为此每年立冬，溪湖镇都会举办“溪湖庙会”，以供所有的富商以及捕蛇师于此相聚，交易彼此的收获。这日的庙会上人声鼎沸，其中有一药铺学徒打扮之人格外引人注目，只因他的身前有着-条美丽的白蛇。
纹枰论道,http://www.vshang66.com/uploads/allimg/210822/1-210R21404100-L.jpg,《纹枰论道》是一个围棋题材的硬核推凶本，从故事到文笔都是透露着本格日式...,东吴侦探社,7人本,日式/机制/推理/硬核,"直到有一天，槐安城首富龙叶买下了这栋别墅，随着你们的到来，尘封的秘密逐渐浮现……题材：现代/恐怖/机制/变格,工作室：烤生蚝剧制,作者：陈白猫/纪伊/胡八一,游戏人数：6人（3男3女）,游戏难度：进阶,游戏时长：3.5-4h"
长门歌,http://www.vshang66.com/uploads/allimg/210821/1_0R12059531428.jpg,剧本亮点：纯本格推理，核诡较为复杂，本子中有很细节的东西需要挖掘，不建...,2102工作室,7人本,古风/硬核/本格/还原,是谁的脚下伏尸过百，是谁的智谋冠绝古今。是谁的枪法百步穿杨，是谁的勇猛可当万夫。是谁的缜密滴水不漏，是谁的巧手金石为开。这天，六名身怀绝技的悍匪因为一条名为《高薪诚聘精英干票大的》的帖子在此聚首。招聘帖子内容为：你还在因为吃不上饭而苦恼吗？你还在因为房租给不上而流浪吗？你还在羡慕周围人的优渥生活吗？不要犹豫，赶紧加入我们！不用任何费用。
溱洧,http://www.vshang66.com/uploads/allimg/210820/1_0R016131D216.jpg,这个本简直神本，从开头到结尾丝滑串联，盘凶让人意想不到。摒弃固有线索分...,均泽国风工作室,5人本,古风/架空/硬核/还原,明朝国宝风雨飘零，霜雪剥落，同归于湮没。藏在光与影中的罗盘，洛阳铲掘开尘封旧事。是兰因絮果？还是花开花落自有时？梅花漏野，暗香浮动。人物介绍：【夏梦】19岁。明德艺术学院，摄影专业，大二学生。【言抉雪】19岁。明德艺术学院，表演专业，大二学生。【红绫】21岁。
云天纪II·鬼衣,http://www.vshang66.com/uploads/allimg/210820/1_0R01556005946.png,《云天纪II·鬼衣》，是紧接《云天纪·刺天》之后的故事，它不仅延续了《云天...,老崔,5人本,古风/硬核/恐怖/演绎,凌冽的寒风掠过小巷，衣襟摆动。那身影陌生又熟悉。是挚友？是敌人？或许都不是……你扣动扳机，射出的是仇恨还是无奈？连你自己都不确定。唯一确定的是—这样做，不后悔！凌冽的寒风掠过小巷，空空荡荡。当生命凋零，如同落叶，身不由己。人物角色：马辛，男，乱流中独孤的漂泊，临终前倔强的洄游。安娜，女，冽冽狂风撕扯，翩翩振翅起舞。弗兰克，男，黑夜浸透我双眼，我依旧凝视星光。
愚人,http://www.vshang66.com/uploads/allimg/210818/1_0QR00935c47.jpg,世界嘈杂是因为内心欲望喧嚣，惴惴不安是因为人生庸碌迷茫，狼狈被粉饰太平...,甬木,6人本,硬核/刑侦/还原,"剧本类型：本格推理,角色人数：8人,故事背景：19世纪末，大英帝国最为繁荣的年代。而潜伏在伦敦雾影之下的，却是贫富差异巨大、犯罪猖獗、人心堕落的黑暗。被贫困、肮脏、疾病、苦难所包围的伦敦东区，无疑成为了犯罪者的温床。1888年8月—10月，“开膛手杰克”在白教堂一带以残忍的手法疯狂杀害了多名妓女，整个伦敦都笼罩在血色的阴影之中。警方对此展开了铺天盖地的调查，却始终未将其抓入法网，杰克的身份也成为了历史悬案。1888年12月1日，没有人知道，一列从伦敦驶向达灵顿的普通列车上，却承载着抓住杰克最后的希望……【角色介绍】,庄园主索菲：一位雍容华贵的庄园主，大约六、七十岁的年纪。她匆匆赶来，惊讶的轻轻捂住了嘴，拉低了帽檐，眼神中带有一丝疑惑和不安。上校劳伦斯："
英雄的赞美诗,http://www.vshang66.com/uploads/allimg/210818/1_0QR00G3a15.jpg,《王国巨象前传·英雄的赞美诗》这个名字，在玩过整车后，才充分理解他的含...,悟空,7人本,欧式/架空/硬核/机制,滴滴，滴滴，滴滴……机械般的计时声响起，几名男女缓缓睁开眼睛，黑暗中那诡异猩红的目光紧紧盯住了每一个人。一阵怪异的嘶吼在房间中回荡，他们回想起了十年前在庄园里的点点滴滴，却无法记起是如何来到这里。神秘的代号？密闭的房间？狰狞的怪物？连通地狱的游戏开始了……人物介绍:【A】女。黑发盘起，清澈的瞳孔散发着如水般的温柔。【B】男。冷酷之下，黝黄的皮肤看起来十分健康。【C】女。头戴黑色蕾丝礼帽，举手投足间散发着优雅的气息。【D】男。沉稳之下，一脸胡渣显得十分沧桑。
房屋守则,http://www.vshang66.com/uploads/allimg/210818/1_0QQG022J48.jpg,6人城市限定本《房屋守则》（原名《囚徒》），由 关键时刻&入界文创 发行，...,十月,6人本,架空/机制/硬核/推理,故事背景：话说永乐七年，江湖波澜骤起，关于乱神共工现世的传说四散，同时有传闻说在那昆仑山的山脚处有一神秘宫殿，该殿内机关重重，内藏长生还魂丹和神兽之血，据说那长生还魂丹可令人长生不死，那神兽之血可让人法力无边，普天之下有非凡之能力者皆可开启神殿而取之，明成祖朱棣笃信世上定有长生不老之神药，派人请来苗疆圣女，圣女夜观天象，占卜出几句，七月初七，神殿开启。七为数极，长生无期。七月初七这一天，各方势力齐聚昆仑。人物介绍：巴都：南洋岛民，身材高大，腰别短矛，皮肤黝黑，20出头的年纪。李千山：锦衣卫大都督，飞鱼袍，绣春刀，鹰钩鼻，眼神阴郁，年龄38岁左右。蓝秀荷：苗疆圣女，一袭蓝裙身姿丰美，肤若凝脂，黑发黑瞳，眼眸深邃，24岁左右。林无为：黑龙镖局镖师，皂衣劲装，腰挂单刀，黑发黑眸，面容坚毅，35岁左右。青青：神秘少女，脸带面纱，身姿窈窕，眸若秋水，惹人怜爱，年龄20出头。郑天寿：一袭黑衣，容貌俊美，性感孤傲，腰挂短剑，一副生人勿进模样，年龄20多岁。
第四堵墙,http://www.vshang66.com/uploads/allimg/210816/1_0Q623355232c.jpg,《第四堵墙》的核心真的是以近乎洗脑的方式进入你的大脑，带给你陷入“盗梦...,小琛子,7人本,硬核/微恐/微机制,"剧本简介：多年来M市一直游荡着可怕的杀人狂魔。妓女陆续以奇怪的姿势惨死街头，兔八哥阴森的狞笑弥漫在黑夜之中，熠熠发光的人横遭惨死并被侮辱……而这一切只是冰山一角。1975年的雨夜，6个神秘的来访者在倒闭废弃的圣玛丽疗养院醒来。他们头上贴着奇怪的仪器，昏昏沉沉，一些片段在脑袋中跳跃。阴森的病室传来奇怪的声音，可怕的凶案就在不远处……人物简介：裂口女--嘴角开裂的很不自然女人，总一副诡异的笑脸,绷带女--从脖子开始都缠着绷带萝莉裙的女人，很混沌的样子"
彷徨之鬼,http://www.vshang66.com/uploads/allimg/210816/1_0Q62334361332.jpg,慢热tuo的品控还是非常给力的，不管是美工，制作，内容都值得很多店家盲拿。...,慢热TUO工作室,6人本,日式/本格/硬核/还原,"阅读体量：1W字（单人阅读体量）,剧本简介：千古兴亡多少事？悠悠，不尽长江滚滚流。天元王朝疆土辽阔，盛极一时，蔓延了数百载。天元三二零年，元武帝昏庸无道，朝纲混乱，诸侯并起。十月初八，后宫突起大火，死伤无数，当火势扑灭后，在灰烬中发现了数具烧焦了的残骸，已经难以辨认。据宫人们说其中便有元武帝、皇后以及八岁太子的尸体。眼看国将大乱，人心惶惶。殿阁大学士楚乾、以及诸侯中实力最强的慕容廉、素元清联手平定乱局，并建立夏、燕、齐三国各自称王。得以幸免于战火波及的百姓们无不称颂。为了祭奠天元王朝，三国决定仍然沿用“天元”年号。三国各有所长，夏国幅员辽阔，沃土千里，物产极为丰富，有“天下粮仓”的美誉，燕国和齐国每年都要从夏国采购大量粮食物品。燕国地处草原，全民精于骑射，骑兵天下无敌；齐国疆内多矿山，齐国皇室掌握着独步天下的炼铁术，冶炼出的精铁所制造武器铠甲非他人能及，铁甲军战无不胜。三国相互依存也互相牵制，一直相安无事。天元三二七年，燕国突然大举进犯齐国，出乎所有人意料的是，战事迅速以燕国战败告终，三国间的关系也发生了微妙的变化。天元三三五年，夏国新皇楚钰亲政大典在即，燕、齐两国皆遣使道贺，却不想……剧本角色：楚钰（男）夏国皇帝，20岁,国师（男）夏国国师，外貌40岁上下,赵昭（男）齐国侍从，20岁,楚向晚（女）夏国公主，15岁,天明（男）男性角色，24岁,燕国公主（女）燕国公主，18岁"
幸福商业街,http://www.vshang66.com/uploads/allimg/210816/1_0Q6232ZX619.png,一个从立意到推理到情感，方方面面都体验拉满的本本！感触很多，不论是对于...,鱼腩鱼松,6人本,硬核/欢乐/架空/刑侦,"剧本时长：4小时,阅读体量：8000字左右,剧本亮点：轻松欢乐机制，店家翻台率高,剧本简介：荣耀帝国是大陆上最为强大的国家，其君主皇帝理查是整个大陆上最有权势的人物。在荣耀帝国版图的不远处，有一个和平安宁，却又非常弱小的森林王国。有一天，人们发现皇帝最疼爱的女儿，银月公主死在了森林王国之中！愤怒的皇帝点起大军，发誓要将森林王国夷为平地！荣耀帝国兵临城下，森林王国人人自危。在这个紧要关头，森林王子忒修斯自告奋勇，要去面见暴君皇帝，解释公主的死因，陈述利害关系，从而劝说暴君皇帝退兵。王子此去凶多吉少，但他义无反顾踏上了征程。"
扇下,http://www.vshang66.com/uploads/allimg/210807/1_0PH325019121.jpg,非常不错的古风硬核本，从故事背景到人物的描述，作者做了很细致的描述，分...,繁华工作室,6人本,古风/硬核/还原/城限,"剧本亮点：极致的沉浸体验。《你不知道的事》墨得创意联合山橘推理常州首发！剧本简介：那些发生在，离你很远，却又在你身边的，你不知道的事。这次，我想让你们倾听……人物介绍：杜亮,黄慧,贾晓晨,梁亚洲,郑杨帆,吴然"
古墓疑云之玉起昆仑,http://www.vshang66.com/uploads/allimg/210807/1_0PH3233S223.jpg,下墓过程没有任何bug整个过程很丝滑，每个人有不同的技能，四大盗墓门派也都...,SAPA剧研社,7人本,盗墓/探险/硬核/城限,"剧本亮点：作为一个七人案件，阴阳馆杀人事件将烧脑、推理、本格等字眼诠释得淋漓尽致，在不剧透的情况下…只能说这么多啦，剩余的答案，将交给你们来探索。剧本简介:昭和二十年 九月四日 星期日 东京警视厅,坐在警视厅的办公椅上，川岛摸着自己稀疏的头发，忍不住叹了一声气。由于战败的缘故，东京的治安每况愈下，川岛已经忙活了有一个月了。就在刚才，上司还因为一年前御岳山跑掉的那个通缉犯还未落网的事情向他们这些小警察施压呢。想到这里，川岛拿起了一边的酒壶，趁着四下无人抿了一口。再过几天就是松下久思的小儿，松下达夫的婚礼举行日了。川岛看着面前的邀请函，陷入了深深的回忆之中。说起来已经很久没有见过久思先生了，不如趁着这个机会回御岳山一趟，或许对于通缉犯的事情，自己可能还会有些新的发现。川岛心中这样想到。  然而，此时的川岛却没有料到，远在御岳山的那座阴阳馆，已经化作了吃人的恶魔，等待着众人的到来。"
缝合术杀人魔法,http://www.vshang66.com/uploads/allimg/210803/1_0P323035G2C.jpg,一个偏僻闭塞的山村里，发生了一起诡异的，谋杀案，案件看起来诡异但是很早...,灵魂剧院,6人本,现代/硬核/本格/还原,"人类的求知欲促使着我们想去探索各种各样的神奇事物。其中尤其以神秘未知的力量让人觉得难以抗拒，有没有想过也许和你平肩行走的好朋友只有你能看得见。也许你不知道有些“东西”正和你面对面。六个身怀秘密的人聚集到一起，是宿命还是人为的选择，请关注寅时一刻带你探秘神秘的未知事物。人物介绍：叶黛汐,馗,袁幽幽,夏桀,念寂,琳莉莉丝"
神王鉴·三星坠,http://www.vshang66.com/uploads/allimg/210802/1_0P21631205956.jpg,独家体量转限求关注，硬核推理阵营世界观，引人入胜的史前文明，无边缘角色...,灰原娱乐,8人本,架空/推理/阵营/硬核,"山脚有块倾斜的告示牌，上面字迹潦草，我分辨许久，总算看出来那写的是：山上有鬼，请绕行。人物介绍:阿莲——最爱甜,陈不渝——超聪明,何慎——大富翁,隋言言——漂亮亮,李生生——老好人,张醒喜——读书郎,赵绵——软绵绵,人物台词："
如日如昼,http://www.vshang66.com/uploads/allimg/210802/1_0P21624225236.jpg,自2010年云台市发生“雨夜连环杀人案”以来，曾经云台一中的这六名高中生已...,玛丽苏必须死,6人本,现代/科幻/校园/硬核,故事简介：一场实验，双子大楼，九个小时。十个研究员，还有一条人命。没有鬼，没有做梦，没有镜子。没有谁是谁的爹，没有谁跟谁上了床。用逻辑来玩，你能依靠的只有你的逻辑。角色简介：【吴芳】女，23岁。不想当研究员的研究员。【钱同】女，26岁。
五夜异闻：尸忆,http://www.vshang66.com/uploads/allimg/210801/1_0P1233152J02.jpg,一天夜里，小女孩扑到妈妈怀里，带着哭腔对妈妈说：“妈妈，我害怕得睡不着...,大包几,6人本,现代/恐怖/硬核/变格,M国是当今世界上综合实力位居第一的强国，一片繁荣的景象下暗涛汹涌。在这里，看似不起眼的几个人的生活并不平静。他们自己都不知道，他们已经处于漩涡中心，即将解开这个世界上最大的秘密。店家反馈：推理性和烧脑度都直接爆5星了，可玩性给了4星仅仅是因为非硬核玩家可能会宕机，但是真的非常非常爽！最近休息不好其实大脑很疲惫，但是《娜美娅之歌》开场第一幕就非常的新颖，会让你觉着很新奇，从第二幕开始每一幕都会让你发现无数可以盘的悖论点！会很大程度地抓住玩家的兴致！因为剧本中设置的矛盾点是非常吸引玩家去盘的，并且每一幕都在反转，所以可以给出非常多的假设和脑洞。本身的推理是不枯燥的，DM的合理引导下可以让非硬核玩家也有盘下去的动力！凶案的核诡并没有那么的难，但是非常合理，并且凶手可玩性也很高！青岛莫格街剧本推理馆-明明
湖心岛次元重启,http://www.vshang66.com/uploads/allimg/210801/1_0P123132B210.jpg,《湖心岛次元重启》，属于非常细节的本，还原故事找出凶手，字里行间和线索...,周星星,8人本,科幻/机制/硬核,"剧本亮点：可开出多元化效果。剧本简介：神州西垂之地，有一城镇曰凤凰镇，西出凤凰镇三十里，便是连绵不断的九仙山。入山十数里，有一高崖，一涧飞溪垂天而下。崖名落尘崖，涧为百鸟涧。一座竹楼矗立崖底，一间大院其后展开，门楼上隶书三个大字“拥雪斋”，院落中星散几间草屋。院中遥闻鸡犬之声，院后一片空地，却是几亩薄田，却不知是何高人隐居于此。庚子年中元，七月十五。一行5人突然闯入这拥雪斋中，却又不知生出怎样的事端？人物介绍：易天行，男，癸酉鸡年生人，时年28岁,香林儿，女，辛本羊年生人时年30岁,沈文君，男，癸未羊年生人，时年18岁,柳仙仙，女，乙亥猪年生人，时年26岁,道尘，男，辛酉鸡年生人，时年40岁"
放晴之日,http://www.vshang66.com/uploads/allimg/210731/1_0I122162QC7.jpg,这不是一个简单硬核本，而是有着新颖的跑团机制。不知道大家玩家玩过跑团了...,三号工作室,6人本,现代/硬核/欧式/跑团,剧本简介:人以为水兮浩淼波，江以合湖兮暗涛起。藏寒锋其饰堂兮，魑魅其利甚轩辕。舞牵丝兮断肝肠，唱戏曲兮人离殇。烈居起兮叫人疯狂，故事终兮吾叹无常。人物介绍:杨庭槐： 杨家家主，气宇轩昂，雷厉风行。沈琨：沈家宗主，风度翩翩，离世避俗。沈奕：沈家宗子，清新俊逸，潇洒旷达。沈鞅：杨家家主夫人，螓首蛾眉，兰心蕙性。沈莘：沈家小姐，宛转蛾眉，天真无邪。茠芷：杨家烈居死侍，明眸善睐，雅人深致。翊乙：杨家烈居死侍，韶颜稚齿，知情达理。
路灯屠夫,http://www.vshang66.com/uploads/allimg/210730/1_0I021363T264.jpg,剧本亮点：有趣的破冰环节，严谨的推理过程，精彩绝伦的反转演绎……...,黑马剧制,6人本,现代/恐怖/推理/硬核,"游戏时长：4.5h,剧本简介：百年大齐,烽烟甫定,四海平靖,大野龙蛇纷纷澘藏。然盛世烟尘下暗流涌动,皇后朝云叛乱,妄为女帝,肖国章诛朝云、灭朝夕宗,后荣登大宝,年号启新,启新八年,庆王谋反,妖族现世,天下大乱。上元节兰陵城内,皇族贵胄、豪门世家、修仙宗派齐聚樊楼,一场残忍酷烈而又温情脉脉的登九活动,在阴谋与血泪交织下陡然开启......人物介绍：陆之耀:辅国公陆家嫡子,寡言少语,终日带着一张银质面具,苏音音:上清宫宫主与长公主之女,身材娇小却有不俗气场,萧国章:大齐皇帝,恭俭爱民,英武不凡,不怒自威,何婉华:青衣司掌司,样貌绝美,萧国章的红颜知己,祖超:将门虎子,相貌英俊,少年得志,受英宗器重"
蜕变俱乐部3幸存者,http://www.vshang66.com/uploads/allimg/210729/1_0H923240A3c.jpg,故事发生于2047年，英国敦威治市最著名的脱衣舞酒吧蜕变俱乐部老板杰兰特·浮...,古灵精探,7人本,科幻/硬核/机制/还原,【月见久夫】男，38岁，沉默寡言的神社住持。【本乡源】男，年龄不详，酒馆帮工。【松岛纱希】岛纱希：女，35岁，漂亮的酒馆老板娘。【鹿岛雪乃】女，26岁，衣着华贵的贵族夫人。【濑户春树】男，36岁，体弱多病的木匠。【高梨和一】男，40岁，妙手回春的神医。
不死泉,http://www.vshang66.com/uploads/allimg/210727/1_0HGF144I27.jpg,公元1005年1月，宋辽订立和约，并规定：宋辽约为兄弟之国，宋每年送给辽“岁...,水镜出品,7人本,古风/本格/硬核,然而人心不足，世事难料，在与大唐联手覆灭高句丽后，新罗竟为争夺领地向大唐开战。这一战双方国力悬殊，新罗很快就败下阵来。为止息兵戈，新罗于上元灯夜，派世子带领使臣队伍至大唐谢罪。一行人带着此次朝贡的高句丽国宝，来到万国来朝的长安城，下榻大唐接待外宾的最高机构——鸿胪寺。日渐西斜，钟楼的钟声开始敲响，一百零八坊间花灯渐次亮起，一簇簇火树银花映衬着这光彩万千的婆娑世界。正可谓是：十年磨剑，斩不断旧梦鸳盟，五色丝线，演不尽百态人生。黑白博弈，须臾间灯萧火冷，飞花易逝，怎奈何苦雨凄风。夜雨霖铃，终换来半生枯等，三世浮屠，不过是黄粱一梦。
七八/78,http://www.vshang66.com/uploads/allimg/210724/1_0H4232025I93.jpg,七八剧本杀是一个非常棒的本子，对于喜欢推理的玩家来说是一场真正的头脑风...,慢热TUO工作室,6人本,日式/推理/硬核/城限,剧本角色：【花山院真央】女，20岁。【长谷川八重】女，40岁。【水户正义】男，27岁。【福山公平】男，32岁。【我部龙一】男，42岁。【二宫佑介】男，47岁。
时间商店,http://www.vshang66.com/uploads/allimg/210722/1_0H2163J15A3.jpg,剧本亮点：庞大剧情，多重案件串起故事，注重人物行为逻辑和情感逻辑，点到...,沸文桌游,8人本,现代/科幻/推理/硬核,"游戏时长：5-9h,剧本简介：8位年轻人相聚在一家特殊的商店里，商店主人说这里唯一的商品只有“时间”,每个人可以购买时间回溯到过去某一个美妙的瞬间，但是他们必须要做岀专属于自己的选择：爱情，亲情，友情，理想，正义或是自由……你会选择哪一个？故事背景：21世纪40年代，人类已跨入了一个全新的时代随着智能科技的发展，人与人之间的贫富差距被无限拉大。每个城市的中心地带(以往的城区)被命名为繁荣区，只有富人能出钱居住;而那些周边地带(以往的乡镇)被命名为贫民区，那里居住着一群连温饱都难以解决的穷人。繁荣区的富人们过着顶级奢华的生活，享受着最为先进的人工智能和科技发明;而贫民区的穷人们则生活在一个极度落后的环境中(接近于20世纪末期),人工智能和科技产品与他们无关，他们甚至连自己的姓名都不配拥有。另外一个明显的生活差异体现在生育上，繁荣区的女性进入了无孕时代，即不用生孩子，这是身份尊贵的象征。富人想要孩子会通过试管婴儿，或者去孤儿院领养一个基因好的;与此相反的是，贫民区的人们虽然习惯生育，但是产下的孩子却无力抚养，因此有绝大多数贫民区的夫妇在生下孩子后就将他们扔在富人区或者送给孤儿院，祈望他们有一个好的归宿。然而事实却是，大部分被遗弃的孩子死在了饥寒之中。人物介绍：孟向阳，男，30岁，181cm,嫉恶如仇大侦探,张胜男，女，24岁，164cm,好胜强势女总裁,萧子源，男，24岁，175cm,弱不禁风科二代,何家初，男，24岁，175cm,冷静沉稳富二代,谢恩豪，男，24岁，180cm,身强体壮男保安"
重申,http://www.vshang66.com/uploads/allimg/210722/1_0H21635263T9.jpg,本子最佳游戏人数6人，可开7人版本！(6人版本演绎效果更佳，7人版本可开无...,沸沸,8人本,现代/科幻/推理/硬核,"游戏时长：5-9h,剧本简介：这是一个红与黑交错的故事,多年前解散的帮派，死灰复燃,多年前逝去的人物，再觅音讯,是误会、还是阴谋,是阴差阳错，还是另有隐情,警察、侦探、法医、记者重聚于此,到底谁是昔日故人,雨过天晴，谁又能重获新生"
阴影之下,http://www.vshang66.com/uploads/allimg/210717/1-210GG502100-L.jpg,你们陆续从昏迷中醒来，发现自己处于一个及其简陋的房间中。钢铁粗制而成的...,幕临,7人本,现代/机制/硬核/本格,"字数：1W字(单人阅读体量),故事简介：你们陆续从昏迷中醒来，发现自己处于一个及其简陋的房间中。钢铁粗制而成的桌椅彰显出主人的实用主义。唯一的光源是一盏昏暗的射灯。是谁把我带到这里?他/她想要得到什么?徐徐推动的铁门;,身首异处的尸体;,一场赌上性命的生死游……审判即将开始;"
反锁的房间,http://www.vshang66.com/uploads/allimg/210715/1_0G51F00E563.jpg,凶案部分很细致也很精彩，核心诡计与故事主线贯穿始终，剧本中的很多细节都...,胖胖唐,6人本,现代/硬核/推理/本格,"七个男女被囚禁在一个不见天日的密闭空间内，没有惊悚恐怖的鬼怪，但四处却暗藏杀机，一段神秘人的留言之后，唤起的是一桩迷雾重重的案件，一系列事件将众人串联在一起，人人心怀不轨，有着不可告人的秘密，反锁的房间内一场血腥的凶杀案再次上演。一念天堂一念地狱，藏匿在人形皮囊之下的究竟是天使还是魔鬼，真相等你揭开。人物角色：杨建华，男，33岁，身高175cm,成熟稳重，话虽少但颜值高的大叔。江成文，男，32岁，身高185cm,西装革履，英俊帅气且多金的男人。项东，男，28岁，身高178cm,身形矫健，深藏八块腹肌的钢铁直男。侯志明，男，32岁，身高175cm,大腹便便，虎头虎脑的油腻老男人。"
七棺,http://www.vshang66.com/uploads/allimg/210715/1_0G51645543V3.png,剧本脉络清晰，体量适中。玩家通读一遍后基本能够把握人物在剧本中的行为和...,老鬼,5人本,现代/恐怖/硬核/立意,"桌面上不停闪烁的邮件，赫然的邮件标题，“奇异独特”的人文风光。叫做“七棺”的真人实景密室。密室对外宣称：“如果你有极度渴望却又无法实现的需求，带上你的诉求，七棺密室能为你实现任何奇迹。”,是真的吗？我说的当然是···真的能实现愿望吗？我拖着绝望的躯体，无时不刻的为点开那封邮件而后悔……人物角色：卢男，青年男子，26岁,我愿付出所有代价换一个真相。陈有容，风韵少妇，30岁,在这世上已没我守护我的窗口。于华杰，眼镜男子，25岁,该来的不一定会来，该走的一定会走。"
梵高先生,http://www.vshang66.com/uploads/allimg/210714/1-210G4205U20-L.jpg,不断地反转，不断地轮回，到最终核诡呈现的震撼，真的是用心打磨，用心创作...,锡世文创&吾神剧制,6人本,恐怖/推理/硬核/城限,【凯丽】年龄18岁。一个年轻的女学生，喜欢艺术且家境殷实。【玛莎】年龄23岁。一个银行职员，与威廉是情侣关系，生活幸福。【贝斯蒂】年龄35岁。一位家庭妇女，外貌瘦弱精神萎靡。【文森特】年龄20岁。一个刚刚步入社会普通的公司职员。【威廉】年龄25岁。一个年轻的商行经济人，有着出色的商业技能，不过经常被上司打压。
六角笼,http://www.vshang66.com/uploads/allimg/210714/1-210G42036300-L.jpg,干净利落的叙事方式，饱满升华的故事，以及非常多的点都是细节满满，最最重...,方人也,6人本,现代/硬核/本格/还原,1980年，函隐市“六角笼”之案，凶手以不可思议的手法，杀死了3位毫不相干的死者。1990年特案科接手了这起案子的调查，希望能够在诉讼时效前破解案件的谜题。2000年，诉讼时效到期，特案科仍旧没有给出一个答案，正当所有人认为真相会被雪藏之时，“六角笼”之案再次重现，给了特案科又一次破解真相的机会。10年间，无数人付出了无数的努力，但案件却依然毫无头绪。2010年，一位神秘的犯罪心理侧写师，用自己特殊的手段，在诉讼时效的最后一天，带所有人进入到一个未知的领域探索真相。人物角色：美郁泽，女，可笑的完美无瑕，切身的体无完肤。谭菲菲，女，触及黑暗，是为了让他能够沐浴阳光。田拓，男，有朝一日，载着荣耀，相聚在阳光之下。非亚，男，我的毕生追随，却如此不堪一击。
局内人,http://www.vshang66.com/uploads/allimg/210712/1_0G221034423H.jpg,"剧本亮点:手法超硬,多起凶案,故事精彩爆满。硬核本的翻台神器,完全不吃dm。...",空白格工作室,5人本,现代/推理/本格/硬核,"字数：1W,剧本简介：一起连环杀人案引发了社会舆论，失踪许久之人突然出现，一切的真相究竟为何？当你以为你所设计的一切无人可知，最终究竟谁是局内之人，谁又是操控这一切的人呢？让我们回归最初最原始的本格推理。来探究这一切的真相吧！"
渊薮之境,http://www.vshang66.com/uploads/allimg/210711/1_0G113110U145.jpg,破寒世纪，人类所居住的世界因为无节制地使用资源，使得各地资源逐渐贫瘠，...,古灵精探工作室,6人本,现代/架空/硬核/新本格,破寒世纪，人类所居住的世界因为无节制地使用资源，使得各地资源逐渐贫瘠，世界灾难层出不穷。由于资源稀缺程度的不同形成了相对富饶的天塔和相对穷困的地都，每年都会有部分地都的人民移居到天塔居住，但人类赖以生存的家园仍在一片水深火热之中……在世界灾害不断爆发的形势下，宗教势力开始纷纷崛起。2067年，‘圣女’的突然出现成为了人民的信仰。之后每每遭逢大旱、洪涝、瘟疫等，圣女就会与神秘的大巫师在特定的时间进行祈福活动，必能逢凶化吉，久而久之圣女成为了神明般的存在。天塔的人民为天塔的圣女安徒一家人修建了一座豪华的宫殿——安氏殿，用于感恩致谢圣女的祈福。地都的圣女被安置在地都最大的农场居住，一切都应该是相安无事的状态，可直到2072年，地都的圣女突然因病逝世，而五年后的2077年，天塔的安氏殿竟也暗藏汹涌……人物角色：A，男，我是把秘密埋进土里的提笔人。B，女，我是把自己推入迷局的局外人。C，男，我是抱有遗憾的知情人。D，男，我是成为意外的局中人。E，女，我是一意孤行的痴人。F，男，我是不敢开口的保密人。
生日快乐,http://www.vshang66.com/uploads/210707/1-210FH24249405.jpg,今天是有“娱乐圈天花板”之称的影后温瑜的生日，各位作为温瑜的朋友受邀参...,山巫工作室,5人本,架空/硬核/变格/还原,"故事背景：今天是有“娱乐圈天花板”之称的影后温瑜的生日，各位作为温瑜的朋友受邀参加温瑜的生日宴会。等大家来到别墅，却得知温瑜死在布置好的房间里！温瑜的死，好像与在座的各位有关。凋零的鲜花，缺失的心脏，破碎的奖杯……到底谁才是幕后真凶！剧本玩法：代入角色，但是要先搞清楚你是谁;,大胆发言，展示镇密逻辑和高超演技;,抓住细节，别被表象蒙蔽双眼;,善于“坑人”，注意别引火上身坑了自己。可选角色：余八卦：掌握所有强劲秘闻的超强狗子。张漂亮：被称为民国初恋女友的美貌女星。"
世界関,http://www.vshang66.com/uploads/allimg/210707/1-210FH23T00-L.jpg,当你觉得你觉得是你觉得的时候，真的只是你觉得。 最牛逼的地方是这个本居...,玄念无界,6人本,硬核/还原/机制/城限,当黑暗成为永恒，时间就是万物走向归零的倒数。2138年，“SIONS”病毒爆发，末日到来。与此同时，一所秘密的地下实验舱内正暗流涌动。面对着未知的一切，选择清醒还是善良?每一次不同的选择到底是走向破晓的黎明或是堕入深不见底的深渊?病毒战争的伊始，要从世界列强之间的疯狂活体实验说起。2138年，以M国为首等其他国家的首脑们联合起来召开了一场地下机密会议，组成了病毒战争的核心组织“CSA联署局”，试图以这种无声的形式打破世界资产链的格局，彻底掌握世界命脉。各首脑命其国内最顶尖的专家们组成了地下实验组，密谋制造出可以控制世界的超级病毒“SIONS”，同时研制出了唯一可以进行抗体免疫的“超级疫苗”。层层迷雾之下，六个互不相识的活体实验者从各自的冷冻舱内醒来，巨大又怪异的实验舱内早已布满尸体。六人为何侥幸躲过这场异常恐怖的屠杀？而冷冻舱外来历不明的疯子又隐藏了多少秘密?随着寻找逃生出口的屡次挫败，食物和供给不断地缩减，猜忌、怀疑的紧张情绪也空前高涨起来。在这样一个无法分清昼夜的封闭环境里，七人走向了崩溃和疯狂的边缘，在绝望中拼命挣扎着，所有人都在暗暗寻求最后的生机，而在实验舱外等待他们的，又会是什么？
販夢師·謎,http://www.vshang66.com/uploads/allimg/210707/1-210FH232080-L.jpg,作者文笔底子可以感觉得到很不错，逻辑缜密，文笔流畅，脑洞更不用说了，能...,艺坛文化,5人本,硬核/新本格/还原/城限,"清明梦意味着在梦境里的人，可以非常清醒地在梦中游玩；,可是一旦深陷在梦境深渊，轻则分不清现实与梦境，重则迷失自我，永远沉睡下去！梦不是逃离现实的工具，而是审视现实的另一种境界。清明梦是真实存在的，说不定就在你身边……人物介绍：【陈依】女，20岁。娇小内向的学好姐姐。【裴岚】女，21岁。干练气质的问梦馆社长。【周全】男，19岁。为人处事并不灵活的大学新生。【李然】男，21岁。喜欢研究学术类书籍的学长。【许白】男，21岁。略微高冷的学生会会长。"
蜃髅,http://www.vshang66.com/uploads/allimg/210707/1-210FH22K50-L.jpg,设定新颖，逻辑严密，环环相扣。 从整体构架和推理性角度来说，是非常有盘...,束禾文化,6人本,机制/硬核/推理/城限,你们六人，在读大学期间的一个暑假，相约回到了老家的一个海岛县上。那天晚上，聚餐结束后，你们看到了一场诡异的海市蜃楼。那场海市蜃楼呈现的，似乎是一起凶杀案的现场……你们因此误入了海市蜃楼之中，来到了一座死气沉沉的岛屿上，而岛屿湿漉漉的沙砾海滩边，竟布满了一只只巨型蛤蜊。随后，他们张开嘴，发出“咵唧咵唧”的声音朝你们快速地移动了过来。这时，你们分明看到，巨型蛤蜊体内那团软乎乎的肉，竟似包裹住了一张张正在试图向你们求救的人脸……人物介绍：【唐羽翎】亿万富豪唐青华的独女，从小含着金汤匙长大。不懂人情冷暖，自视为人上人。可谁又知道，她那张冷漠孤傲的脸之下，有多期盼有人能以真挚的温暖捂热她内心那把冰冷坚硬的金汤匙。【金晓声】我当然知道，做一个乖巧的女孩子，有多么讨长辈喜欢，又有多么令同龄人排斥。但没关系，你如果触到我的逆鳞，那你会很荣幸地看到我并不乖巧的那一面。【洛若】懦弱的人，也有自己舒适且自在的活法。懦弱的人并不可耻，直面自己的懦弱，承认自己的懦弱，不也是一种勇敢么。【穆良】作为一个重组家庭的老大，身为两个弟弟一个妹妹的大哥，又是父母眼中最棒的长子，同时还是学校最优秀的班长。一个人如果一味地背负优秀和善良，它有时是否会衍生出松懈的恶意呢？
饥饿游戏,http://www.vshang66.com/uploads/allimg/210707/1-210FH225500-L.jpg,七个人的逃生，一个玩家的获胜。 这是一个包括了硬核，逃生，立意，反转多...,梦境岭工作室,6人本,硬核/逃生机制/立意/城限,“哒、哒、哒”黑暗中，似乎有个人，不，是有只手不停在你耳边，重复机械地敲打着桌子又或者是某个坚硬的物体。“啪！”好像有什么东西被扯断了，那声音与你近在咫尺，但黑暗中你无法判断危险是否就在下一秒降临。“嗡——”你开始耳鸣，渐渐听不清周围人的对话交流，你努力适应周围的黑暗，但仅能看到人影却看不清他们的表情和喜怒哀乐。6个人像亡命之徒般疯狂跑向前方唯一的光源，紧接着前面的人突然大喊：“不！前面不是出口……不是出口！不是出口！快返回……”那话只来得及说到一半就硬生生被砍断了一般。你全身僵硬地站着，在你即将被迎面扑来的“洪水猛兽”吞噬的一刻，手臂突然被人紧急攥住，晕头转向间，你已被那人带着往回夺路狂奔……剧本短评：需要大家团结一致，才能逃脱出去。团结就是力量，中间的一些小游戏之类的都很烧脑，也很有乐趣。前期的话是一个很欢乐的环节，但其实每个人都各怀鬼胎。不断地在破解每个关卡，机制的设定很奈斯，强烈的是破解谜题的欲望，一直在推动玩家去尝试破解，全程不会掉线。
上帝不在的那一天,http://www.vshang66.com/uploads/allimg/210707/1-210FH219260-L.jpg,完整的故事体量，纯粹的本格推理配上两个密室，中间还有机制。 随机凶手，...,DA剧本工场,7人本,欧式/本格/推理/硬核,滴滴，滴滴，滴滴……机械般的计时声响起，几名男女缓缓睁开眼睛，黑暗中那诡异猩红的目光紧紧盯住了每一个人。一阵怪异的嘶吼在房间中回荡，他们回想起了十年前在庄园里的点点滴滴，却无法记起是如何来到这里。神秘的代号？密闭的房间？狰狞的怪物?连通地狱的游戏开始了……人物介绍：【A】女。黑发盘起，清澈的瞳孔散发着如水般的温柔。【B】男。冷酷之下，黝黄的皮肤看起来十分健康。【C】女。头戴黑色蕾丝礼帽，举手投足间散发着优雅的气息。【D】男。沉稳之下，一脸胡渣显得十分沧桑。
瓶中恶灵,http://www.vshang66.com/uploads/allimg/210704/1_0F4143H13341.jpg,剧本是分幕式的，需要玩家非常仔细，不需要隐藏任何东西，盘就对了~主打硬...,灰烬工作室,5人本,硬核/变格/scp,"在最初与最后的起点,当生者与亡者的相逢,穿过活路与死路的分岔口,前往摧毁与重铸并存的那刻,让崭新的轨迹,续写陈旧的过往,虚幻与现实的间隙之中,沉默的高塔无心地聆听着,漫不经心的虔诚祈祷,告诉我，许愿之人"
塔兰图拉,http://www.vshang66.com/uploads/allimg/210704/1-210F41424350-L.jpg,这个机制并不是简单的小机制小游戏，赛博朋克背景世界下的机制，真的是好玩...,嫌疑猫工作室,7人本,硬核/机制/阵营/还原,"红蓝交织的霓虹灯光吞噬着漆黑的夜晚,从未散去的阴云笼罩着城市中央那座巨大的高层建筑,“这里是自由都市星城，是全人类未来的希望”,只有蠢货才会相信这样的谎言！隐藏于网络深处的神秘组织，伫立在世界中心的巨型企业,在无形的电子频率中，巨大的蛛网悄然铺开,只为了抓住那只煽动翅膀的概率蝴蝶,身份成谜的黑客领袖，疑点重重的拍卖晚会,还有那首诡异诗歌揭示出的未来景象,或许今晚我们将一起见证一个传奇的诞生"
昼鸣曲,http://www.vshang66.com/uploads/allimg/210704/1-210F41420570-L.jpg,在一个硬核推理本里，不仅体验到了推凶的刺激感，还有了人性的情感升级。过...,一路绿灯,6人本,现代/欧式/硬核/还原,"2021年3月26日，一场名流慈善夜，,流光溢彩，暗流涌动。美好平静的夜晚，寻欢作乐的派对。闪烁的霓虹灯，富丽的旧城堡。破碎的恐吓信，再现的昼鸣曲。突如其来的命案，令一切浮出水面。线索纵横交错，真相扑朔迷离，,六个毫不相关的人，自以为身处一幢单纯华丽的私人别墅，,盛宴的背后却是疯狂的杀戮，,一同揭开慈善家的虚伪假面，"
神权,http://www.vshang66.com/uploads/allimg/210702/1_0F2224P4X45.jpg,5人本的摇摆位居然也让人捉摸不定。从DM告诉我们这个本中：信仰大于一切的时...,稻荷文化,5人本,欧式/架空/硬核/本格,"游戏时长：4.5-5h,剧本简介：传说在无边无际的大西洋上，隐藏着一个与世隔绝的小岛，根据岛上的文献记载，这座小岛的名字为海廷加半岛，,自古以来是神的领地，岛上的人们都有着自己虔诚的信仰，教皇陛下是他们心目中神选之人，领导着他们祭拜无上的神。然而，外来的异教徒打破了这里宁静的生活，他们疯狂的冲上海廷加半岛，当地的居民哪里经历过这样的杀戮场面，只得向骁勇善战的异教徒低头，异教徒的领袖将为首的教皇绑缚在高台之上，《海廷加教皇录》记载了一段当时的对话。“你是什么人？”,“我与你毫无差别。”,“你可知我们是神的子民？”,“谁又不是神的子民？”,“既然各有信仰，不怕引发神的怒火吗？”"
教徒,http://www.vshang66.com/uploads/allimg/210702/1_0F222443Q5F.jpg,《教徒》这个本首先是一个欧洲背景的硬核推理本。 核心诡计很硬核不会单一...,不语斋,6人本,阵营/变革/硬核,故事背景：碧波万顷之间的神秘孤岛，自给自足的温馨庄园。世外桃源突然流出诡异谣言，平静的田园生活被外来者打破。一表面温馨的家族晚宴，桌面下却暗藏杀机。你追求真理吗？你见过神迹吗？局中人，你为何在此？而你，陌生人，又为何来此?你们听，钟声已经响起。欢迎各位来到纳瓦沙神殿岛。人物介绍：【伊莎贝尔】女，17岁。正值青春、天真善良的可爱少女。【瑟西】女，29岁。右眼带着眼罩、身材娇小、沉默寡言的女管家。
血雾岛,http://www.vshang66.com/uploads/allimg/210630/1_0630105K12S4.png,有核诡，且核诡很巧妙。不存在石锤线索，一切依靠逻辑推理，所有存在疑点的...,堕落天使,7人本,日系/硬核,"剧本简介：2310年，本儿王星飞掠木星边缘，在木星巨大的引力下，本儿王星撕为六块，有四块坠人木星，捷包含原冥王星物质的碎块被木星俘获为卫星，最后一块加速向地球轨道冲来(壁画1).,2311年，地球联合政府启动应急预案，加速核武器开发与制造， 全面加强AI的创造能力与学能力在高海拔的青藏高原地区建造模报正常地球环境的“温室""(壁画2)以备可能面临的天灾。2318年1月，包含大量水分的小行星本儿王星碎片穿过小行星带，飞掠火星，轨道发生改变，向地球加速冲来。经过小行星带的洗礼，本儿王星碎片已经成为了一颗直径1800千米，近乎圆形的巨型小行星。地球方而经研究得出绝望结论：目前所有的核武器不足以改变小行星轨道，反而会让受到核后染的小行星撞击地球，造成全球污染。这-消息被严密封锁。 为防止小行星撞击引爆地球上存动的核武器，地球方面将全部核武器发射至外太空。人物简介：斋藤知正 25岁,斋藤枝子 54岁,斋藤云间 30岁,平 次 郎 29岁,远藤近山 37岁"
愿年年,http://www.vshang66.com/uploads/allimg/210630/1_06301056252T5.jpg,愿年年剧本杀故事格局完美 还原 手法以及脑洞都需要你细细品味。设定很有意...,王多多,6人本,古风/硬核/还原,"阅读体量：1W字（单人阅读体量）,剧本简介：千古兴亡多少事？悠悠，不尽长江滚滚流。天元王朝疆土辽阔，盛极一时，蔓延了数百载。天元三二零年，元武帝昏庸无道，朝纲混乱，诸侯并起。十月初八，后宫突起大火，死伤无数，当火势扑灭后，在灰烬中发现了数具烧焦了的残骸，已经难以辨认。据宫人们说其中便有元武帝、皇后以及八岁太子的尸体。眼看国将大乱，人心惶惶。殿阁大学士楚乾、以及诸侯中实力最强的慕容廉、素元清联手平定乱局，并建立夏、燕、齐三国各自称王。得以幸免于战火波及的百姓们无不称颂。为了祭奠天元王朝，三国决定仍然沿用“天元”年号。三国各有所长，夏国幅员辽阔，沃土千里，物产极为丰富，有“天下粮仓”的美誉，燕国和齐国每年都要从夏国采购大量粮食物品。燕国地处草原，全民精于骑射，骑兵天下无敌；齐国疆内多矿山，齐国皇室掌握着独步天下的炼铁术，冶炼出的精铁所制造武器铠甲非他人能及，铁甲军战无不胜。三国相互依存也互相牵制，一直相安无事。天元三二七年，燕国突然大举进犯齐国，出乎所有人意料的是，战事迅速以燕国战败告终，三国间的关系也发生了微妙的变化。天元三三五年，夏国新皇楚钰亲政大典在即，燕、齐两国皆遣使道贺，却不想……剧本角色：楚钰（男）夏国皇帝，20岁,国师（男）夏国国师，外貌40岁上下,赵昭（男）齐国侍从，20岁,楚向晚（女）夏国公主，15岁,天明（男）男性角色，24岁,燕国公主（女）燕国公主，18岁"
沉默无痕,http://www.vshang66.com/uploads/allimg/210630/1_063010515US7.jpg,武盛县是谜里市边陲的一个小县城，交通不便、道路凶险导致该县里非常落后。...,雪碧,7人本,推理/硬核/人性,"剧本人数：7人本,剧本时长：4小时,剧本简介：武盛县是谜里市边陲的一个小县城，交通不便、道路凶险导致该县里非常落后。一座旅游小镇的到来让县里重焕新生，但昏暗的矿井不仅吞噬了光明，也吞噬着人心，罪恶就在悄无声息地这里发生了……黑暗的矿井中最可怕的是心盲，贪婪与淳朴形成了其最为鲜明的比照。不寒而栗的凶案、残酷压抑的骗局…人性中有些丑陋的东西是具有永恒性的，它们始终和我们如影随形。直面最真实的人心，初刻拍案惊奇。县城的腊月注定沉默无痕。人物介绍：王水波  懦弱怕事的中年矿工,郑康永  温和睿智的县长,郑  欢  颓废寡语的年轻人,谢宝天  精明富有的开发商老板"
日食:警察故事,http://www.vshang66.com/uploads/allimg/210630/1_063010505460J.jpg,《日食》日食即月亮遮住太阳，而剧本的故事背景就被设定在香港回归前的港英...,The One剧本,6人本,硬核/推理/警匪/还原,"故事背景：上世纪六、七十年代的香港，黑帮当道。警局腐败，社会治安异常混乱，1974年香港痛下决心改变这一现状，成立香港廉政公署ICAC成立，大力整顿警局，香港局面才有所好转。时间来到1984年，新界北区警署总警司突然卸任，警署不能群龙无首，两位候选人为了能够坐上总警司的位置，竞争已经愈演愈烈，今天几位警队代表的选择，将决定了未来的总警司究竟花落谁家。然而，这场看似寻常的竞选背后，却隐藏着一个个不为人知的秘密，一场牵扯权力、金钱、权益的阴谋，也随之拉开。人物介绍：MADAM陆,MADAM代,任SIR,李SIR"
Meta别墅,http://www.vshang66.com/uploads/allimg/210630/1_0630104Z02C1.jpg,但当玩上剧本的这一刻，就被深深的吸引了，故事仿佛笼罩在一层迷雾之中，若...,张大嘴,5人本,现代/烧脑/硬核/还原,"故事背景：T市西郊，有一高档别墅小区，名曰：Meta别墅。小区内树木成荫绿水环胞，每幢建筑皆占地广阔上下数层犹如城堡。小区所居业主亦非富即贵，近年来国内颇为知名的青年推理小说作家纪德便居住于此。今天纪德的别墅里，来了几位客人。人物介绍：马原： 30岁 身材高壮，气质随和,苏飞： 28岁 身材长相普通，眼光锐利,何思笙： 26岁 年轻漂亮，落落大方,何念笙： 26岁 不施粉黛，知性干练"
SILENCE天国,http://www.vshang66.com/uploads/allimg/210628/1-21062Q539520-L.jpg,所有的密室不涉及知识壁垒，不是为了难而难。且可行性和行为逻辑都没有bu...,新蜂工作室,6人本,硬核/密室/本格/推理,"黑沉沉的夜幕笼罩着城市，这座城市似乎这时才从沉睡中苏醒。黑暗里的欲望和贪婪，在夜色中肆意起舞。对于欲望而言，善恶的边界总是模糊。一封来自“天国”的信，一个能带来金钱、地位、名誉、权利的欲望游戏，悄然到来。游戏，已经开始……故事简介：熟悉的房间之外竟是陌生诡秘的长廊，,犹如两个世界，却是一门之隔；,一场天国的游戏，六名不同身份的来客，,多起凶残密室案件，神秘的变态连环杀手，"
城南旧影,http://www.vshang66.com/uploads/allimg/210627/1_062G52A25193.png,城南旧影是期待了好久的一个本，超喜欢这个画风以及民国时期的背景。加上是...,姬先生,7人本,民国/硬核/推理,"我喜爱一切不彻底的事物。琥珀里的时间，微暗的火，一生都在半途而废，一生都怀抱热望。夹竹桃掉落在青草上，是刚刚醒来的风车；静止多年的水，轻轻晃动成冰。我喜爱你忽然捂住我喋喋不休的口，教我沉默。——《城南旧影》,剧本简介：民国四年（1915年），原法租界大幅扩张成立新法租界，当时的新法租界主要包含卢湾，徐汇及黄浦三大区域。民国十七年（1928年）民国政府设立上海特别市，并扩大市区范围，从此上海与上海县分离。同年春，上海特别市宣布租界为特别区，由于上海特别市处贸易港口区，越来越多的外国人开始进入上海。民国十九年（1930年）七月，上海特别市改称为上海市。位于上海市黄浦的南京东路上有一家“城南旧影”的照相馆在当时远近闻名，城南旧影凭借其别具一格的摄影手法吸引许多知名人士前来，加上十几年的沉淀，可谓是当时上海摄影界的第一块招牌。民国二十三年春（1394年），一个身穿黑色风衣，头戴黑色礼帽，手提行李的中国男子推开了南城旧影照相馆的大门…… ……人物介绍：阿洛，男，22岁，城南旧影照相馆摄影师，一个长相英俊，气质不凡的男子,顾婉君，女，20岁，国立同济大学的学生，一个外表腼腆，穿着学生服的年轻女孩,神秘男子，男，30岁左右，一个身穿黑色风衣，头戴黑色礼帽，手提行李箱的年轻男子,孙小姐，女，20岁，隆昌商行的大小姐，一个气质高冷，不喜言笑，穿白衬衫背带裤的女孩,岳先生，男，45岁，城南旧影照相馆老板，一个戴着眼镜，留着胡子，身穿长袍的中年男子,罗玉，女，25岁，百乐门舞厅当家歌女，一个美丽动人，声色迷人，身穿旗袍的年轻女子"
阴阳馆杀人事件,http://www.vshang66.com/uploads/allimg/210624/1_062416053LB7.jpg,玩家评测：叙述性诡计，可惜碰到了我们这群老司机。读着读着本，就凭着经验...,吹笛人,7人本,开放/日式/进阶/硬核,"剧本亮点：作为一个七人案件，阴阳馆杀人事件将烧脑、推理、本格等字眼诠释得淋漓尽致，在不剧透的情况下…只能说这么多啦，剩余的答案，将交给你们来探索。剧本简介：昭和二十年 九月四日 星期日 东京警视厅,坐在警视厅的办公椅上，川岛摸着自己稀疏的头发，忍不住叹了一声气。由于战败的缘故，东京的治安每况愈下，川岛已经忙活了有一个月了。就在刚才，上司还因为一年前御岳山跑掉的那个通缉犯还未落网的事情向他们这些小警察施压呢。想到这里，川岛拿起了一边的酒壶，趁着四下无人抿了一口。再过几天就是松下久思的小儿，松下达夫的婚礼举行日了。川岛看着面前的邀请函，陷入了深深的回忆之中。说起来已经很久没有见过久思先生了，不如趁着这个机会回御岳山一趟，或许对于通缉犯的事情，自己可能还会有些新的发现。川岛心中这样想到。  然而，此时的川岛却没有料到，远在御岳山的那座阴阳馆，已经化作了吃人的恶魔，等待着众人的到来。"
当你熟睡时,http://www.vshang66.com/uploads/allimg/210624/1_062416034X127.png,玩家评测： 玩家A：分不清梦境与现实，代入感强。 玩家B：哈哈，完全想不到...,双向葵,6人本,现代/硬核/微恐/反转,剧本简介：今天是2019年9月4日，一群互不相识的人受邀来到浓雾环绕的“筑梦居”，“筑梦居”的主人，彬彬有礼的白山却离奇惨死，这一切到底是恶灵作祟还是有人精心设计的屠杀盛宴？一桩桩匪夷所思的血腥命案，一场场毛骨悚然不停轮回的梦魇，这背后又隐藏怎样的惊天秘密?天黑请闭眼，闭眼后，你还是你吗?魔鬼还是天使？受害者还是施暴者？先别急着哭，下一个也许就是你！人物介绍：李梦远：女，31岁。温婉贤淑，小说家。白月蝶：女，18岁。清纯可爱，大学生。叶渺渺：女，28岁。美艳动人，新晋画家。宋臻蔚：男，29岁。沉默寡言，保险经纪人。孟非实：男，40岁。高大英武，富商，画廊老板。
渡,http://www.vshang66.com/uploads/allimg/210623/1_062323053332Y.jpg,一个简单的恐怖环节转场带来了新的变格故事，才知道游戏才刚刚开始，很顺畅...,糖太思,6人本,现代/恐怖/硬核/城限,故事背景：圆一寺，有缘的旅人都会来到这里，在思索中抽丝剥茧，在煎熬中脱胎换骨，在探寻中渡人渡己。哪些过往是最重和最深的伤害？又是什么让那些灵魂涅盘和重生?一切的背后是浮萍宿命，还是刻意为之?旅人们何去何从，只能由你们自我定夺，见证了云卷云舒，你们能找出一切真相吗?各位，我们的故事开始了…人物介绍：【楚蓓】女，1980年生。北京人，热情活泼，身材高挑，高个子，身份：卫佳璐的经纪人。【卫佳璐】女，1982年生。广东人，身材纤瘦，个子不高，身份：娱乐圈当红明星。【赵正】男，1957年生。河北人，语态威严，身材魁梧，高个子，身份：“华夏地产”董事长、总经理。
迷雾中的圣保罗,http://www.vshang66.com/uploads/allimg/210623/1-210623225J60-L.jpg,布莱恩小镇北部30公里外有一座终年积雪的大山，这里坐落着一个享誉世界的医...,东方剧制,6人本,欧式/硬核/推理,布莱恩小镇北部30公里外有一座终年积雪的大山，这里坐落着一个享誉世界的医院：圣保罗医院。这里有最舒适的治疗条件，最高级的保密措施以及最昂贵的治疗费用。想要来这里治疗的患者，必须先预约，再经过面试，合格后才可以入院。虽然有如此高的入院门槛，却不乏权贵们疯狂追捧，只因这里的治愈率是100%……人物介绍：【艾琳】，女。圣保罗医院护士。【安娜】，女。圣保罗医院护士。【杰尼】，男。
浮光掠影,http://www.vshang66.com/uploads/allimg/210623/1_0623225FV242.jpg,一座废弃的庄园，一封神秘的邀请函，是一场精心策划的阴谋，还是正义与邪恶...,八方阁剧本,6人本,欧式/本格/硬核/城限,剧本简介：一座废弃的庄园，一封神秘的邀请函，是一场精心策划的阴谋，还是正义与邪恶又一次的对决?恐怖的“食人魔”传说，惨绝人寰的“伯兰特庄园灭门悬案”，诡异的“彩虹连环杀人案”，离奇的“阁老会候选人失踪事件”，“执刑者”究竞是谁?这一切之间又有着怎样的联系？错综复杂的“五芒星连环密室”，是正义的审判？是来自地狱的复仇？还是亡者无言的控诉！欢迎来到帕拉城，阁老会二十年的爱恨情仇，终将被时间巨轮碾碎，扬撒入历史的洪流，犹如《浮光掠影》。
恶魔诞生于午夜,http://www.vshang66.com/uploads/allimg/210622/1_06222225422434.jpg,翻开第一幕从文字就能看出这是一个优秀的作品，交笔流畅，细节描写也非常到...,甜梨/酸桃,7人本,现代/恐怖/进阶/硬核,"游戏时长：4-4.5h,剧本亮点：1.七种不同杀人手法，有趣的核诡设定，菠萝头的乐园。2.一个dm带全场，不耗费其它精力。3.图恐怖环节无上限，店家可自行把控。4.简单和困难两种模式，新手老手皆可体验。剧本简介：人无善恶，旦夕祸福,做什么样的梦，成为什么样的人。并非一念之间，而是百感交集后执念使然。"
庭深异梦,http://www.vshang66.com/uploads/allimg/210622/1_0622220QKN3.jpg,火树银花合，明月逐人来。 正值上元佳节，蒙蒙烟雨笼罩着的江南小镇，将举...,明凡,6人本,硬核/古风/封闭,"一句话介绍：银川展会口碑爆本盒装,剧本特色：真正的古风纯硬核烧脑,剧本简介：火树银花合，明月逐人来。正值上元佳节，蒙蒙烟雨笼罩着的江南小镇，将举办一场规模浩荡，古今罕见的烟花盛宴。美名远扬的江南大侠黄茂，趁此盛况广邀好友，于府中共赏烟花。戌时四刻，烟花绽放，夜空蓦然昼明之际，一声惊悚的叫喊声从黄府传出，血色侵染了正月十五的深夜。众人各怀心思，究竟是谁搅乱了这一摊浑水?那黄府的地底深处，又潜藏着什么秘密？"
雨落赤城山,http://www.vshang66.com/uploads/allimg/210622/1-2106222153370-L.jpg,群马县位于日本内陆中部，那里沉睡着一座休火山，名为赤城山。 自古以来，...,葵花发行,6人本,日式/怪谈/硬核/微恐,群马县位于日本内陆中部，那里沉睡着一座休火山，名为赤城山。自古以来，赤城山流传着各种各样的都市传说，相传在赤城山的北侧有一座老神温泉，传说那是赤城山神战败后避难与疗伤的地方。诸如此类的传说不胜枚举，因此，当地居民认为赤城山是一座神体山，即默认此山之中居住着神灵。而赤城山的南侧则有一座神社，名叫三夜泽赤城神社。这是一座古老的神社，每年来此参拜的游客数不胜数。春天的时候，山上的野玫瑰姹紫嫣红，开得十分漂亮，因此，除参拜的游客外，这里也总能迎来不少特意上山赏花的人。1998年5月3日，那天山中淅淅沥沥地下着雨，一位美丽的少妇随她的家人一起上山参拜，可谁知，当天夜里，这位少妇却突然失踪了。人物介绍：【志塚久香】20岁，女。大学肆业的年轻的女孩，患有严重的“嗜睡症”。【三夜泽橘子】22岁，女。赤城神社的巫女，一个无忧无虑的女孩，擅长烹饪料理。【姬岛奈奈】27岁，女。法佳设计工作室的助理，一位颇有想法和创意的女子。
病娇男孩的精分日记,http://www.vshang66.com/uploads/allimg/210622/1_062221403IY2.jpg,我叫萧何 我一生的时间，是别人的七分之一，生命的厚度却是别人的七倍 因为...,长沙鑫梦,7人本,硬核/还原/微恐/演绎,"为了能更好的同处，我们分别取名星期一至星期日,事实上，我们也是按照一周7天轮流出现，拥有自己独立的生活,我们之间从未打过照面，便签条上的文字是我们沟通的唯一途径,除此之外，每个人都有一本日记，记录着自己的小秘密。我们彼此约定，绝对不能偷看其他人的日记,总之，我有七个我，我便拥有了更丰盈的生命和更孤单的生活,热闹是我的，孤独也是我的！角色简介：萧何（星期一）：?萧何（星期二）：?萧何（星期三）：？"
鸠山,http://www.vshang66.com/uploads/allimg/210617/1-21061H316380-L.jpg,庞大的故事线，令人拍案叫绝的密室手法，层层递进，我TM吹爆好吧！很难想象...,大马西,6人本,硬核/本格/还原/密室,2018年，鸠山市已经被毒品侵蚀已久，警方部署了大量警力，希望捣毁这深藏多年的贩毒集团。但鸠山市的经济发展似乎没有受到毒品泛滥的影响，各大产业百花齐放。这除了归功于先锋盾科技有限公司的领头作用外，也少不了鸠山大学每年为社会提供的优质人才。这不，就在今日，几个鸠山大学的老同学，相约在了这海边的别墅，举行了同学聚会，一诉多年未见之苦。没想到，在这看似和谐的聚会上，却有人死在了阴暗漆黑的密室中……谁，有不在场证明?谁，有不为人知的目的?谁，又是谁?人物介绍：【顾爱莲】女，23岁。
九小时,http://www.vshang66.com/uploads/allimg/210617/1-21061H312530-L.png,“本场游戏，没有鬼，没有替身，没有镜子，没有做梦，没有稀奇古怪的杀人机...,暮锦,8人本,硬核/逻辑/干盘/推理,故事简介：一场实验，双子大楼，九个小时。十个研究员，还有一条人命。没有鬼，没有做梦，没有镜子。没有谁是谁的爹，没有谁跟谁上了床。用逻辑来玩，你能依靠的只有你的逻辑。角色简介：【吴芳】女，23岁。不想当研究员的研究员。【钱同】女，26岁。
娜美娅之歌,http://www.vshang66.com/uploads/allimg/210617/1-21061H30A60-L.jpg,《娜美娅》按照内容分为两个部分，前期推凶盘手法，后期主还原。 凶案这块...,keys工作室,6人本,硬核/现代/推理/还原,M国是当今世界上综合实力位居第一的强国，一片繁荣的景象下暗涛汹涌。在这里，看似不起眼的几个人的生活并不平静。他们自己都不知道，他们已经处于漩涡中心，即将解开这个世界上最大的秘密。店家反馈：推理性和烧脑度都直接爆5星了，可玩性给了4星仅仅是因为非硬核玩家可能会宕机，但是真的非常非常爽！最近休息不好其实大脑很疲惫，但是《娜美娅之歌》开场第一幕就非常的新颖，会让你觉着很新奇，从第二幕开始每一幕都会让你发现无数可以盘的悖论点！会很大程度地抓住玩家的兴致！因为剧本中设置的矛盾点是非常吸引玩家去盘的，并且每一幕都在反转，所以可以给出非常多的假设和脑洞。本身的推理是不枯燥的，DM的合理引导下可以让非硬核玩家也有盘下去的动力！凶案的核诡并没有那么的难，但是非常合理，并且凶手可玩性也很高！青岛莫格街剧本推理馆-明明
如是我闻,http://www.vshang66.com/uploads/allimg/210617/1_061H3012SV4.jpg,这个本最大的亮点并不是手法多难盘，诡计多惊艳，而是在不动声色的情况下，...,天津剧盟,5人本,现代/硬核/烧脑,这个本最大的亮点并不是手法多难盘，诡计多惊艳，而是在不动声色的情况下，作者考验你的阅读理解水平和归纳汇总能力。
无双,http://www.vshang66.com/uploads/allimg/210617/1_061H250404Y1.jpg,1904年，清政府在北平德和园大戏楼盛大举办慈禧太后的万寿诞辰。 在寿宴上，...,葵花发行工作室,6人本,民国/硬核/戏曲,1939年11月11日，日本军方在北平德和园举办中日戏曲交流会，胜者不仅可以赢得这座德和园大戏楼，更将重新拿得“无双”之名。生死存亡之际！京剧艺人昂首挺胸跨入戏楼。“无双”之名究竟花落谁家？戏码即将上线，还请座儿作壁上观。角色简介：孔雪玲，女。清丽婉约，温淑娴德。傅如乔，女。留学归来，古灵精怪。马晨晨，男。阴柔之至，唱腔绝世。
伯利恒疯人院,http://www.vshang66.com/uploads/allimg/210607/1_060GKF195Z.jpg,"剧本亮点:整个剧本都是通过视频转场进行引导,告别主持人尴尬转场的困境,从开...",在宇,6人本,架空/硬核/机制/推理,"游戏时长：4-5h,剧本简介：滨海市的东面,有一座隐蔽于城市之外的小岛。小岛周边的海域,常年弥漫着浓郁的雾气,给小岛染上了许多神秘的色彩。在小岛的山顶上,有一座医院,一座精神病院,名叫伯利恒疯人院。一直以来,伯利恒疯人院都在收押着滨海市的精神病人,虽然伯利恒已经存在多年,但由于医院从不对外接收病人,且小岛经常被雾气笼罩,所以很少有人知道,这座岛上还有一家精神病医院。可就在最近,伯利恒疯人院莫名死了两位病人,给这座本就神秘的疯人院,又增添了一丝诡异的气息。这些病人的命运,在伯利恒疯人院中相遇、纠缠、碰撞,逐渐显现了一场骇世的阴谋。到底谁才是真正的疯子?到底谁才能生存下来?这扑朔迷离的一切,都等待着你去揭开........"
贤者与知更鸟,http://www.vshang66.com/uploads/allimg/210607/1_060GJ21I464.jpg,"湖中仙女收回圣剑,圆桌骑士卸下铠甲,阿瓦隆静候着归来的英灵。赞歌业已落幕...",桌立方工作室,6人本,欧式/架空/推理/硬核,"剧本亮点：1,史诗级故事背景,2,4个诡奇凶案,1个密室,3,充满仪式感的演绎环节,剧本简介：湖中仙女收回圣剑,圆桌骑士卸下铠甲,阿瓦隆静候着归来的英灵。赞歌业已落幕,英雄踏入黑雾之中。被染血手指抚摸过的圣经,亟待拯救的灵魂,遵从密诏而来的独行者刻印在血液里的古老誓言,原初贤者的薪火,悲悯世人的储君。知更鸟生命终焉的悲啼,与染血胸腔共鸣的是破晓前的圣咏,委身于黑暗的微弱光亮,被咏唱成灼目的黎明。而你,是否愿意与我在阿瓦隆重逢?人物介绍：本杰明,卢娜,赛维"
焰之扉,http://www.vshang66.com/uploads/allimg/210606/1-2106062254280-L.jpg,本格推凶与真相还原完美平衡，行文唯美，细节到位，blingbling系列故事，内含...,未知,7人本,现代/硬核/推理,在火星大冲晚宴的别墅中，充满了形形色色的人们，暧昧、猜疑、嫉妒，在会场中静静弥漫。神秘的旗袍少女突然岀现，伴随着一阵异香，夜晚的占星别墅突然陷入一片黑暗。是谁关掉了电闸，是谁伸出了黑手，是谁在背后策划这一切？
曦和失焰,http://www.vshang66.com/uploads/allimg/210606/1_06062249391D4.jpg,在古代，卫大人家突然失火，8人同时死亡，这离奇的死亡现场到底是谁制作的...,稻草人工作室,7人本,机制/城限/硬核,伶人鼓瑟吹笙，宾客谈笑风生，忽然狂风大作，林鸟哀嚎飞鸣，瞑色笼罩庭帏，四野黯淡昏垂，曦和失去焰彩，昼夜白驹过隙，邻里争相走报，老稚互相喧呼，不知是何怪物，掩去清阳之晖……
脑髓炼狱,http://www.vshang66.com/uploads/allimg/210605/1_06051QI5N64.jpg,在R大学，这间实验室坐落在心理学系，生理心理学专业。传说，实验室的主人...,虾苹,7人本,现代/科幻/硬核,在R大学，这间实验室坐落在心理学系，生理心理学专业。传说，实验室的主人戴立国教授，为人沉默寡言，学术能力深不可测。即使是他的研究生们，似乎也没人能对他了解太多，更没有进过这间位于地下一层的绝密实验室。
