﻿Name,Img_url,Info,Writer,Num,Typ,Desc
大唠天宫,http://www.vshang66.com/uploads/allimg/211103/1-211103215K40-L.jpg,千年前，灵气衰减，末法时代悄然来临，为了节省资源消耗，天庭全面实行沉睡...,木西原创,7人本,欢乐/玄幻/机制/阵营,"千年前，灵气衰减，末法时代悄然来临，为了节省资源消耗，天庭全面实行沉睡轮班制。“不轮班别出门，闲着没事就睡觉。”成为了当时神仙的主要宗旨。如今，灵气复苏，众仙苏醒，为了跟上时代的要求，响应新时代天庭建设的号召，天庭开启了造星计划。意图通过天庭杰出青年代表选举，筛选出德智体美劳全面发展的顶流神仙送入人间，架起三界和谐发展共同提高的桥梁。可竞选就竞选，为啥天庭日报的头条都是这么些东西？《二郎真君与狗掏空身体》《绿·天蓬紫霞瑶池私会·绿》《七仙和牛不得不说的故事》《哪吒——一个天庭二五仔的深情自述》,……拜托，哥哥们，天庭公务员不要面子的？人物介绍:【嫦娥】女。广寒宫宫主，三界第一女仙，天庭女仙的颜值巅峰。"
收获日,http://www.vshang66.com/uploads/allimg/211103/1-211103214I30-L.jpg,在1982年的美国洛娃州，剥削泛滥，正是资本横行野蛮生长的时期。 机遇和风险...,出山工作室,5人本,机制/欢乐/GTA/黑帮,"那是名为“星辰纪元”的时代了……在地球太空军的带领下，人类科技进入了爆炸式的发展，像航天科技、人工智能、生物技术……还有许多领域都取得了重大突破……可就当人类踌躇满志，想要更进一步的时候，却遭遇了一场意外。它被称为“人类永远的伤痛”，甚至改变了人类社会的进程……你说，被卷入这场意外的那五个少年少女，他们最后怎么样了？人类的结局又怎么样了……？孩子，你问我这些，我也记不太清楚了……只是我没有忘记，不会忘记的是——,那些书声琅琅，那些姹紫嫣红。那些永生难忘的爱与逝去，那些无可奈何的恨和重逢。"
尔娱我诈,http://www.vshang66.com/uploads/allimg/211103/1-2111032121500-L.jpg,是完全不黄暴的欢乐本，不管是不是《毛骗》粉丝都可以大胆尝试。 当然，《...,云珂工作室,6人本,爆笑/欢乐/机制/撕逼,黑暗渐渐退去，缓缓睁开双眼，眼前是一片鱼肚白的迷蒙，迷茫、困惑到最后归于平静。周围虚幻且扭曲，像是被许多条河流被揉成团后再交织在一起。头顶的上方时不时有幻影以及嘈杂的声音飘过：这里是时空的尽头……时之狭间……之狭间……狭间……间……模糊幻影中貌似看到个悬空的旋转大魔方，还有个鸡模样的在立柱间施展“凌波微步”……你伸出手，但却触碰不到那些虚影。心中不由产生疑惑：为何会出现在此？此处是在哪？人物介绍：【敖光】女，东海龙宫一把手，清冷高傲。【白雪公主】女，爱到处溜达，匹诺曹的可爱小宝贝。【女王大人】女，修炼千年的蛇精，小金刚的妻子，育有一儿一女。
大官,http://www.vshang66.com/uploads/allimg/211001/1-2110011555090-L.jpg,2003年汾州市政府元旦晚会，官员们欢笑齐聚一堂。 突如其来的一纸任命调书引...,万物可爱工作室,8人本,现代/欢乐/机制/本格,"游戏时长：4-6h,剧本亮点：《深渊》故事线丰富，推理逻辑严谨，作案手法精彩，更有着极致的反转体验。通过连贯15年的几起案件，在推理游戏的体验中也极具现实意义,秉持着提升玩家推理体验，降低主持人主持难度的理念，《深渊》采用了大量音频来展现剧场演绎和复盘，并且由于硬核推理的复杂性，我们精心设计了融入剧情的复盘音频，更加直观的将剧本复盘展现给玩家，在提升玩家体验的同时，极大的降低了主持人复盘的难度,故事背景：灵魂出卖魔鬼，是不是就可以换得那些遥不可及的痴想？纵身投入深渊，是不是就可以弥补早已深埋心中的遗憾？那些不惜投入森严沉寂的罪恶之渊的人们，在那一刻，却看到仍然拥有的彷佛从眼前远适，已经逝去的又变得栩栩如生。他们是否内心也曾悔恨,深渊中的亡灵冉冉上升，哀悼这些已逝的善良的故人，他们在风华正茂之时，被命运捉弄，失去了灵魂,一间神秘的浮士德旅舍，几位多年未见的故友，记忆中缥缈不定的身影再一次出现在彼此的视线。这一刻，那些即将被遗忘的岁月故事重新被提起，初恋和友谊也同样被重新掀起"
狗子看你不顺眼，猫子也是,http://www.vshang66.com/uploads/allimg/211001/1-211001153Z70-L.jpg,这是一个偏童话风的剧本，虽然大家都是宠物，但也可以和人类交流，可以做一...,凡几剧制,5人本,欢乐/机制/沉浸,"只因皇帝老儿不让人活。贪官奸狗一堆又一堆！~,弟兄们京城好风光啊~,好风光嘿！金銮殿上兄弟们喝到醉~,喝到醉呦！再到北境把寒鸦都杀退！~,都杀退啊！家乡的小娘子~可别为我流眼泪！~,别流泪嘿！天郎水清后！~赞俩娃娃生一堆！"
将月,http://www.vshang66.com/uploads/allimg/211001/1-211001152I90-L.jpg,东京汴梁，一座富丽堂皇的烟花之地，六个相熟却各怀鬼胎的男女。 在花魁选...,时光玩剧,6人本,古风/还原/情感/欢乐,"故事简介:一周前，代号为Q的病毒爆发，在这座城市之中肆意蔓延。当自由失去了希望，欲望摆脱了枷锁，人间秩序也渐渐瓦解，亲情、友情甚至爱情也开始慢慢凋零。末世降临、丧尸围城，人人自保之时，你该如何选择自己的路？金钱与道德的对抗，怯懦与勇气的纠缠，每个人都在绝望和希望中挣扎，谁也不知道明天和意外哪一个先来？欢迎来到《末世迷途》的世界！若这一切都没有发生，那些人，或许依旧在感叹着岁月静好、浅笑安然……人物介绍:苏真 女，8岁，天真烂漫,陈思瑞：女，19岁，大学生,宋雪，女，34岁，家庭主妇,王达：男，45岁，政务要员,孙波：男，30岁，退伍警察"
娱乐之王,http://www.vshang66.com/uploads/allimg/211001/1-2110011525010-L.jpg,没有边缘角色，dm小姐姐也颜值在线嘻嘻嘻，撕逼环节真的笑抽了，机制也设置...,万游文创院,7人本,欢乐/机制/本格/娱乐圈,白山茶逾期盛开，夜幕将至，帕佐庄园收到了一封神秘来信。在七月最平和的日子里，这座英式庄园向外发出了一则返聘启事。受邀前来的五位奇怪男女已经就位，而组织这场宴会的“庄园主人”却迟迟没有现身。那枚他最爱的项链吊坠，已经深深刺入他的心口。如同将红酒倒入大海的密室，将亡灵永远封印在帕佐庄园这座孤岛之中。向前一步是黄昏，此时夜笼天穹。往后一步是人生，人生如何后退？你会拥有撕开一切谜雾的手，前来赴约书写真相吗？人物介绍：少爷：男性，180cm。
赘婿(IP本),http://www.vshang66.com/uploads/allimg/210930/1-210930205I20-L.jpg,作为一个欢乐机制本，游戏机制非常有意思，好几个小游戏累积财富，互相也能...,谜境档案,8人本,商战/运营/机制/欢乐,找出他，杀了他，活下去！这是你们唯一要做的，也是你们唯一能做的。游戏……已经开始！人物简介：【孙昊】男，26岁，有车有房，父母双亡。无固定职业，但也吃穿不愁。目前是这家剧本杀店的股东之一。【叶芒生】男，28岁，家境优渥，风度翩翩。是一名标准意义上的高富帅。出于兴趣，近期时常光顾这家剧本店。【陈希】女，30岁，事业有成，日进斗金。是一名当红的美女作家。也是本店的常客。【关招娣】女，27岁，热衷文字，努力创作。算是半个独立作者。目前主要兼职为这家剧本店撰写剧本。【赵霁人】女，36岁，身材高挑，美妆达人。本职工作是化妆师。同时也是本店的兼职道具师。
十万个冷笑话之彼岸,http://www.vshang66.com/uploads/allimg/210930/1-2109302055520-L.jpg,黑暗渐渐退去，缓缓睁开双眼，眼前是一片鱼肚白的迷蒙，迷茫、困惑到最后归...,益乐发行&龍渊阁,6人本,欢乐/机制/IP本/还原,故事背景：21世纪初，得益于飞速发展的科技，全球范围内广泛应用高效的核聚变反应的同时，也隐藏着巨大的危机。一次灾难性的核泄露对人类造成致命性的打击，世界人口锐减，整个地球的生态系统遭受巨大的破坏，人们将这次事件称之为“亚洲聚变坍塌”。幸存下来的人们并没有放弃希望，努力地帮助世界缓步恢复。2058年，聚变坍塌的余威仍在肆虐。风平浪静的海面上。一艘游轮缓缓而行，谁也不知何时暴风雨将至…人物选择：伍玥 ：女，23岁，助理，清纯可爱，多愁善感。王蕾 ：女，25岁，物资管理，温柔体贴，善解人意。
汇通天下,http://www.vshang66.com/uploads/allimg/210930/1-2109302039220-L.jpg,晋南一带地窄人稠，外出经商成为当地百姓的谋生之道。待到明清年间，晋商已...,探案笔记,8人本,古风/阵营/欢乐/商战,如果这个世界上本来就有意隐瞒和误导我们呢？不知道你是否探寻过一个问题，关于我们所生活的世界到底是什么样的？也许很多人心中早有答案，但回头想一想，我们所熟知的一切，无一不是引人灌输给我们的。如果这个世界上本来就有意隐瞒和误导我们呢？人物介绍：大头：头大身肥，有点结巴。薛璐璐：简约短发，眼神深邃。张可轩：胆小斯文，弱不禁风。伽马：身材健硕，皮肤黝黑。风小雨：孤言寡语，与狗为伴。秋木：阳光少年，充满好奇。
武邻,http://www.vshang66.com/uploads/allimg/210930/1-2109301S0270-L.jpg,这是一个跨越百年历史的故事。可曾想当年，刀光剑影，大侠当道的时代。凭借...,望舒,6人本,现代/欢乐/机制,"“红莲那落迦，无此差别，过此青已，色变红赤。皮肤分裂，或十或多。故此那落迦，名日红莲。”,--------《瑜伽论》,群山腹地之中，湖水环绕着古老而隐秘的红莲村。你们在大巴上昏昏欲睡，,突然一道闪电划破灰暗的天空。暴雨将至。如鬼魅一样出现的火狐，森林中嚎叫的丑陋怪物。世代供奉的红莲圣女，不死不灭的火赤神官。红莲村隐藏的秘密究竟是什么？"
夺罪,http://www.vshang66.com/uploads/allimg/210908/1_0ZR23222HC.jpg,一望无垠的公海上，一艘闪烁着璀璨灯光的豪华游轮正在缓缓行驶着。...,尝一下奶酪,6人本,现代/架空/欢乐/机制,壮丽雪山盛景下，闻名遐迩的葡萄酒园突发惊悚命案！古怪山庄，离奇密室，凄美女尸，可怖死状，吊诡手法，无情凶犯……一份股权转让横跨十年波诡云谲……一场惊悚残酷的死亡淘汰黯然收场……这一切又跟三十年前那桩骇人听闻的异国矿难究竟有何关联？欢迎诸位来到贺兰山庄……剧本短评：刚开始DM在黑板上写了几句话让我们自己选择自己喜欢的句子，我就感受到了这个作者的文化功底，第一句话我就三个字认识的。DM解释了意思之后，我选了一句看起来很厉害的句子。结果我拿了个凶手本。其实我这个人最不喜欢玩的就是凶手本了，因为很没有体验。
神奇的罗斯塔特先生,http://www.vshang66.com/uploads/allimg/210907/1_0ZGI9494119.jpg,神奇的罗斯塔特先生剧本杀完整的原创世界观，可爱的玩家角色，20多张纯手绘...,子夜推理工作室,7人本,欢乐/机制/变格,"游戏时长：3.5-4h,剧本亮点：七夕相亲欢乐撕逼向！汉子们能否赢得美娇娘？就看你们自己的努力了！剧本简介：相传，织女是瑶姬和玉帝的爱女，那叫一个肤如凝脂、风华绝代呀。可谁能想到，这绝世美人的一颗芳心，竟然就这么被一个偷衣贼给偷去了，这不禁叫世人皆感叹这世事无常呀。就这样，织女和牛郎这个凡人在凡间偷偷结为夫妻，两人琴瑟和鸣，举案齐眉，还生了一儿一女，生活倒也快哉。然好景不长，凡人怎配与仙人相恋。那一天，雪虐风饕，一伙天兵冲进他们家，抓走了织女。牛郎带着一双儿女在一片白雪皑皑中苦苦追寻，眼见奇迹就要发生，两个人的手即将相握。只听「哗」的一声！一条波涛滚滚的天河从天而降，将他们分隔开来。两人那是哭的叫一个撕心裂肺呀，就连前来抓人的王母娘娘都不禁为之动容，许他们每年七夕鹊桥相会……而我们的故事，就发生在那的十年后。牛郎织女那叫一个情比金坚，两人坚持了数载，终是感动了玉帝和王母，许他们一世圆满姻缘。"
酒店大作战,http://www.vshang66.com/uploads/210907/1-210ZG5313W53.jpg,一个难度中上的欢乐推理本，有着温油/恐怖两种结局。属于CP互动为上的大型本...,四喜丸子,8人本,现代/欢乐/机制/本格,"“有人给山河添色，有人使日月无光，有人改他江流，有人塑他梁骨，大限到时，不过是立在山颠，江河回望。”,有些人活着的意义是为了看日升日落，黎明黄昏，并不为谁，而有些人却成为自己生活的主角。有人一生顺遂，有人挫折苦难。即使这样，他们也要用生命照亮黑暗。沈复先生讲，人生碌碌，竞短论长，却不道枯荣有数，得失难量。漫漫浮生，慢慢亦漫漫……人物简介：宋雨惜：女，大学生,林木：女，法医,杨柳：女，舞蹈老师,闫海宁：男，刑警"
恃美行凶,http://www.vshang66.com/uploads/allimg/210905/1-210Z51223480-L.jpg,整体故事体量适中，每个人物的阅读量较平均，不会让玩家觉得在打斗以前内容...,总攻大人,6人本,盒装/古风/机制/欢乐,"家国泠离何复梦，长天悲唤玉龙吟。登场角色:纳兰国皇帝： 纳兰予诺,纳兰国长公主：纳兰蝶梦,纳兰国大将军：乌护,大魏国皇后： 刘诗瑶,大魏国公主：曹若雪,大魏国国师：柳亦河,大魏国大将军：冯青锋"
他从火光中走来,http://www.vshang66.com/uploads/allimg/210905/1-210Z5115K60-L.jpg,愿我爱的你，等我戎装归来，我亦不负众望，不负你……...,亦远,6人本,现代/情感/欢乐/还原,"工作室：只言片语工作室,适合玩家：跑团爱好者/硬核菠萝头/还原永动机/无情推土机,作者文笔简洁精炼，浓郁的日式叙事方式，推理感十足。阅读量不大，但是信息量很大，非常耐盘。故事完整性很高，节奏紧凑，人物角色丰富，无边缘角色。很多细节值得细细推敲，每个细节都有彼此的联系。本中的设定和事件也是由真实事实依托，每一幕都有亮点，细节到位，伏笔多多。故事背景：为了新电影的开拍，主创团队的成员们，来到位于「兽细道」的「镜馆」。一次匪夷所思的失窃案，,一局惨无人道的无头案，,一场无法完成的分尸案，,当枪声响起时，野兽遁逃而去，朝那只有它才知晓的，通往深渊的细道…可选角色："
寻山纪,http://www.vshang66.com/uploads/allimg/210905/1-210Z5112K30-L.jpg,神仙独占天，把妖兽遗弃凡尘。而这蛮荒妖界虽没有封神榜却有五十年一届的寻...,津门探案工作室,7人本,架空/情感/欢乐/本格,剧本亮点：多NPC演绎互动，多机制。剧本简介：陵海以西有一瑶国，屹立在这片土地上已经不知几许年矣。与许多方外之国不同，瑶国一直由圣母统治，以圣母一人之令为尊，这从初代圣母——“瑶池金母”立国之时便代代相传到此。说起这瑶池金母，大家都能想起那个耳熟能详的故事，“嫦娥应悔偷灵药，碧海青天夜夜心”。相传这瑶池金母擅长丹鼎之术，曾炼得“长生之药”三颗，有生死人肉白骨之奇效，即便是已死之人，只要一丝灵魂尚存，皆可救活。其中一颗赐予了“羿”，后被羿之妻所窃飞升奔月而去，而另外两颗则在瑶池金母飞升之后失落在历史的长河之中，不知所终。也自那时起，丹鼎之术一直被瑶国奉为上术，方士地位崇高，甚至已经到了可以影响朝堂的地步，其中以岐山门与杏林派为首，在朝堂上拥有着相当大的话语权，时逢当代圣母年事已高，降下圣谕许以高功厚禄，以求最好的延寿之药。一时间，各方势力汇集皇城，一段秘辛也即将慢慢揭开。
阎王不高兴,http://www.vshang66.com/uploads/allimg/210904/1_0Z415341I1L.jpg,《阎王》这个本，有新鲜的快乐，也有熟悉的感动，听到经典的台词能会心一笑...,空然新语,7人本,机制/欢乐/架空/IP本,"观察者三部曲《人间观察者》《地狱观察者》《天堂观察者》：人间治愈|地狱痛哭|天堂欢笑,故事简介：世界上所有的痛苦都来自他人，人人皆为不同的个性，人人无法理解他人，人人相互伤害，对于自己来说，他人即地狱。那个灯光旖旎的会所，成人世界，暧昧和情欲。那个无处遁逃的森林，动物世界，自我和本性。那些你们所忘记的，天地之间，一片混沌。那些你们所想起的，守口如瓶，自欺欺人。大概是因为爱，才敌意渐浓，不因为萨特在自卑中他人即地狱的禁闭，也不因为卢梭在自负中目空一切的忏悔。我是地狱观察者，以眼泪对峙黑暗的绝望，以绝望对峙无望的等待。"
一发入魂,http://www.vshang66.com/uploads/allimg/210902/1-210Z22253060-L.jpg,乍一看【一发入魂】的画风超级可爱，萌萌哒，但不要被欺骗了，这其实是个...,水鸟推理社,6人本,scp/硬核/机制/欢乐,"剧本亮点：独创电影沉浸式剧情推进，手工dy科技风道具，让玩家体验视觉盛宴,剧本简介：这是最好的时代，也是最令人绝望的时代。向前一步即是黎明，踏错一步便坠入深渊。3071年，持续了200年之久的战争终于进入尾声，地球的资源最后由三股势力瓜分。当平民以为得以喘息之时，一座自由之都却在一天之内被屠杀殆尽。10年后，一套名为“上帝计划”的新程序研发完毕，据说将它植入机器人中可以彻底代替人力实现战斗、生产。当阳光再次照亮那座废墟，怀表的指针向前跳动了一下……"
一脸死相的三好,http://www.vshang66.com/uploads/allimg/210828/1-210RQ521160-L.jpg,在这个热闹非凡的日子里，有许多各怀鬼胎的人出入其中，他们不约而同地将红...,青橘剧制,其他,民国/欢乐/阵营/本格,饥荒过后，勒勉朝政的宣百城作为神皇励精图治， 但是元帅的尤文烈中饱私囊，宣决定要铲除尤，对权力过于敏感的尤决定先动手除掉宣。但是共和制度下，一-旦武将掌权会成为众矢之的，于是联合了身世清白的李枭。李枭出于自己的考虑答应了……
森林序章·裸,http://www.vshang66.com/uploads/allimg/210828/1-210RQ513240-L.jpg,睁开眼睛，就只有一棵通天大树，大树下还有七个和你一样赤身裸体的同类！其...,丁丁/文具盒,7人本,欢乐/机制/变格/还原,"关键词：独家二维码搜证 跑团机制 本格推理,剧本简介:2049年，各国正从2048年的“幻空间站事件”中恢复过来，随之而来的是人类新一轮的文艺复兴热潮。着名音乐家“靳韵”及团队，用其创作的《乐理演论》复原了许多经世残缺的名家作品。其中最为轰动的，便是成功复原了19世纪俄国最伟大的作曲家契科夫的遗作——歌舞剧《生命》。《生命》将在俄罗斯皇家音乐厅正式首演，各国政要纷纷参加。而演出当天，音乐会却发生了匪夷所思的事件。“秦风”作为黎明科技下属奇异事件管理部——SEM的部长，赶赴了现场。而此时，距离整个音乐会场内众人的死亡时间，只有不到24小时了……人物简介:洛可，心理学家，擅长谈判和揣摩别人的心理。爱好：舞蹈,杰克，黑客，能够黑进任何系统，可以对比现场，查找历史数据。爱好：贝斯,奥斯丁，开锁专家，所有的锁都能在不破坏物品的前提下撬开。爱好：钢琴"
扫黄,http://www.vshang66.com/uploads/allimg/210828/1-210RQ510060-L.jpg,全程参与度极高，没有任何的边缘人物，每个人本里的细节都很重要，往往细节...,灵当,6人本,港风/欢乐/硬核/还原,"北村美纱绪近年来稳坐业界No.1的收视率女王，却由于绯闻缠身，同时也被人们戏称为“绯闻女王""。面对漫天的绯阃，她概不回应，而是用其精湛的演技使得质疑声逐渐沉寂下来,但只有曾轰动一时的六花的悲剧事件除外。它源于一部由日本国宝级导演(伊多乃名)执导的电影，这部电影还曾一度由于老牌女星槙村雪江与当红女演员北村美纱绪共同参演而引发热议。然而、在电影即将杀青前的一个纷飞雪夜，伊多乃导演因事故意外身亡，电影虽然完成了最后的拍摄，却由于北村美纱绪的退出宣言而最终未能面世，随之而来的是制作公司的破产，电影原带也在混乱中不翼而飞。制作公司社长冲田下落不明，女星槙村雪江作为冲田的担保人，也因负债累累，一蹶不振，自杀身亡。由于伊多乃导演及槙村雪江死亡当日都下着雪，因此这事件又被称作“六花的悲剧”(六花=雪花)。人们都说，正是因为北村美沙绪的突然退出，才会让事态一发不可收拾。五年后的一个雪夜，一家民宿里，迎来了一场盛大的同学聚会。知名女演员美沙绪竟也参与其中。热情好客的民宿主人，貌合神离的夫妻，曾经的同窗伙伴，各怀心事的众人间又将会发生怎样扑朔迷离的故事呢？是夜，屋内一派温暖祥和然而，谁都未曾想到同样一个大雪纷飞的夜里，悲剧将再次上演……人物简介:黑泽亮介,北村美沙绪,村越茂人,柴山千帆"
龙头棍,http://www.vshang66.com/uploads/allimg/210824/1_0R41513412H7.jpg,1945年的香港，关二爷在上，手中的刀，手中的枪，而江湖…打杀杀？人情世故...,无悟剧制,7人本,现代/欢乐/机制/还原,"剧本亮点：情感沉浸还原，最后有一段皮影演绎,故事背景:清初年间，戏班盛行，宫廷王府到旺族乡绅百姓，皆爱看戏。这最有名的是一出没有结局之戏《蝶戏》。这戏只在乌龙院内搭台演出，一时间，引得达官显贵踏破院槛。没过多久，班主便闭门不出，世间难再赏此戏。创作此戏的顺德戏班班主常年住在一个名叫乌龙院的破旧宅子里，传闻这乌龙院极阴森寒冷，夜里常有鬼魂作祟，这乌龙院到底掩盖着什么秘密，一切将徐徐展开……人物角色:窦文才 ：不拘小节 素性爽侠,泰成功 ：剑眉星眸 清新俊逸,梁生 ：面若秋月 色如春晓花,张继得 ：鬓角微白 威风潦潦,窦玲珑 ：闭月羞花 孤僻骄傲 削肩细腰,窦霜霜：丹凤眼 粉面含威不露 才自精明志之高"
情乱鹊桥,http://www.vshang66.com/uploads/allimg/210824/1_0R4133542ZT.jpg,相传，织女是瑶姬和玉帝的爱女，那叫一个肤如凝脂、风华绝代呀。可谁能想到...,七柒,8人本,古风/欢乐/架空/开放,"永远是多久？永远可能是明天。一个月黑风高的夜晚，,大魔王面目狰狞的出现在我们面前，,我们仿佛一个勇士，探险者，,我们自以为是的朝他挥舞着我们手中的剑，,因为我们信誓旦旦的要让今晚成为：魔王最后的夜晚,当迷雾遮蔽了天空,今夜，你们共同受到魔王的召唤"
谁杀了河狸爸爸,http://www.vshang66.com/uploads/allimg/210822/1_0R2143UaB0.jpg,诺诺妙奇岛上住着各式各样的小动物，大家过着平静快乐的生活……...,林无知,8人本,欢乐/变格/还原,沈世昌| 男，黑帮首领。无休止的欲望与痛苦纠缠着他，就像在黑暗中的人找不到出口，只有不停向前走，才不会被空虚击中，他是渴望真情的，但他也知道，身居高位的自己，注定无法得到。与其卑微的祈求，不如屠戮与掠夺，这样就没有人能看到他心底的脆弱与不堪。苏沐橙| 男，张督军的副官。有一双清澈的眼睛，他心中有坚守的正义与选择，他相信爱，也愿意为爱牺牲。有担当，但却又害怕与自卑，有想要的东西，却又不知道自己是否值得。秦穆|男，戏院班主，黑帮的核心成员。一副玩世不恭的表情，嘴角总是挂着一丝戏谑的浅笑。剑眉星目，鼻梁高挺，有着让人挪不开眼的张扬的英俊。情场周旋，血海沉浮，举手投足间皆是潇洒与风流，却从未有人能够窥见其表象背后的隐忍。林晚意| 女，雾失阁当家主事。周身弥漫着一股疏离的气息，显得神秘而又摄人心魄。面色清冷若寒玉，柳眉轻蹙，眼波朦胧，竟映出几分抚不平的哀愁。淡然如水，似这世事纷乱都与她无关，可胸口却止不住地蕴着一腔烈焰，只因她的心依旧炙热明亮。孟亦然| 女，百乐门的舞女。与生俱来的脆弱感，单纯与世故在她身上结合，魅惑与无辜在她身上并存，眉眼之中透着风情，却又有一种经历世事后依然选择相信的单纯。
清明上河图,http://www.vshang66.com/uploads/allimg/210822/1_0R2143449C12.jpg,当坚硬的金银、玉石无可避免地因岁月而受损时—— 这一纸绢画，竟在七次进...,白鹿书院,6人本,古风/情感/欢乐,"这是一个接地气立意有很高的良心剧本！"",“这是一个低成本实现沉浸式剧场，还可结合酒水套餐，高收益的绝佳剧本！”,故事背景：钱，权，色的时代，可能所谓成功的背后，有太多不为人知的秘密。何为成功，如何成功。在SSS市，铺天盖地的传单吸引了无数人的眼球，“何讲师”的成功课堂，多少人成功的必经之路。要成功！先发疯！听到这样的至理名言，难道你还在犹豫吗？各式各样的人聚集到“何讲师”讲堂……“你想要成功吗？跟我喊起来！加油！加油！我最棒！加油！加油！我最强”,故事复盘：事情要从双胞胎姐妹贾佑一、贾佐一小的时候开始说起。她们两人的真名是分别是甄艺婷和甄艺美，两人从小是被奶奶一手带大，长大后由于家里只能供起一个人读书，所以两人都以“甄艺婷”的名字轮流上学，甄怡婷上一、三、五，甄艺美上二、四。小时候甄艺美还由于喜欢一只发卡，偷走了班上的班费，导致同班同学张大宝被冤枉后退学。两姐妹上了小学之后便不再上学了，两人做做女红补贴家用，张大宝也因为这件事情退学了……"
当时我就壹剑戳死了那个小瘪犊子,http://www.vshang66.com/uploads/allimg/210822/1-210R21409540-L.jpg,月圆之夜，华山之巅。 原本名震江湖的“论剑大会”定在今日举行，华山脚下...,狄府剧制,7人本,古风/欢乐/机制/城限,"无法逃离的游戏,命运的赌局已经开启，,而赌注，,是你们的灵魂。可选角色:爱丽丝一美貌的少女,杰克一穿着白色衬衣的青年,彼得潘-面色沉稳的小男孩,尼尔斯一穿黑色马甲的青年,贝尔一尊贵的夫人"
一口鸡腿子,http://www.vshang66.com/uploads/allimg/210820/1_0R0160QCA6.jpg,这个本的欢乐，可以说是老少皆宜的欢乐。能够做到：无论是新老玩家一车，绝...,雪人剧制,7人本,欢乐/机制/阵营,各单位请注意！第一届“绿帽协会会长选举”蓄势待发！看候选人一个个都意气风发，一副运筹帷幄之势。正所谓“三十六行，行行出状元”，期待他们在选举中各施各法，大显神通。英雄莫问出处！只要功夫深，铁柱磨成针！能成为“绿帽协会会长”的人，既不需要富可敌国！也不需要颜值爆表！更不需要船上功夫了得！只要绿帽戴得多！你就是咱们的众望所归、天选之子！古有西门大官人，今有篮球宝贝菜徐坤！内有船头鬼见愁潘安，外有一柱擎天黑曼巴！不过这些都是浮云，在我们新在会长面前，都是渣渣！年轻人不能讲武德，谁会是最终夺魁的人生赢家呢？今晚揭晓！
你丫不是人,http://www.vshang66.com/uploads/allimg/210820/1_0R016035Q0J.jpg,百年时光，数段纠缠 于何时起，自何时终 这一切 冥冥之中自有定数....... 雪人...,雪人剧制,6人本,欢乐/机制/推理/情感,"一块欲盖弥彰的遮羞布，一个缠绕丝线的傀儡木偶。在面对令人垂涎的利益时，五大家族各怀鬼胎，明争暗斗，龙头也几易其主。兄弟之情，终演变成利益之争，所谓忠义，烟消云散。而这些争斗，又会令盘龙堂走向何方？出来混，迟早，是要还的。脚下踩到的每一寸土地下面都布满了腥臭的荆棘。人物介绍:韩蓉：女，23岁，双龙社幕后老板之一，韩家掌舵人，修居士，手持佛珠，端庄稳重，少年老成,郑渊：男，30岁，双龙社幕后老板之一，郑家掌舵人，性格温和，面目慈善,李轩：男，25岁，双龙社幕后老板之一，李家掌舵人，知足而乐，不会轻易和人产生争执"
王的女人,http://www.vshang66.com/uploads/allimg/210820/1_0R016014I5C.jpg,何谓王族，世人艳羡王族可以轻易拥有别人奋斗一生所追求的。殊不知身为王族...,红鲤鱼,7人本,古风/情感/欢乐/本格,"类型：现代/推理/立意/新本格,故事背景：他自杀了，可所有证据都显示着这是“不可能犯罪”。因为死者自己，将自己凌迟处死。电视里名为“高斯”的人，自称“死神”的代言人。他说三天后还有其他人，会选择用同样的方式死亡。三天后的直播平台里，被“预言”的人正在直播自己的当天生活。直到凌晨的钟声敲响，安然无恙，他并没有发生任何需要面对死亡的情况。几天后的城郊，警方发现被“预言”者的尸体。死亡时间，就是“高斯”预言的当日。"
房子是我的，钱是我的，都是我的，我的！！,http://www.vshang66.com/uploads/allimg/210820/1_0R0155ZS133.jpg,作为一个机制阵营本的玩家对于《房子是我的，钱是我的，都是我的，我的！！...,恰恰,6人本,民国/欢乐/机制/本格,"人人都说中国人的亲情便是在一来一回，互相亏欠中慢慢累积起来的，一家子讲究的，便是“团圆”这二字。常常要很久很久后，我才能够明白，跨越七大洲八大洋翻山越岭后的意义，可能只是用相机与家人们，拍下一张模糊的照片。这些照片越鲜活，记忆也便越清晰。龙应合这样说，“我慢慢地、慢慢地了解到，所谓父子母子一场，只不过意味着，你和他的缘分就是今生今世不断地在目送他的背影渐行渐远。你站在小路的这一端，看着他逐渐消失在小路转弯的地方，而且，他用背影默默告诉你：不必追。”我也知道，不必追。人物介绍：徐雨婷，女性，身段婉约，穿着成熟时尚,林砚如，女性，衣着整齐干净，眼神和善慈祥,徐悦，少女，穿着潮流时尚，眼神尖锐不屑"
致美好,http://www.vshang66.com/uploads/allimg/210818/1_0QR00234E56.jpg,六位性格、家庭背景迥异的同窗， 在花样的年纪， 被卷入了震惊世界的事件。...,猛萌猛萌工作室,6人本,欢乐/机制/还原/城限,"古云镇杨府杨老爷曾经乃是本朝大将军，所谓一人之下万人之上指的便是他。大将军与六大家族辅佐幼年太子继位成为了当今的皇帝陛下。后来皇帝为了感谢杨老爷还特地让一黄姓奇人制作了一件精美绝伦的嫁衣赐给杨老爷之女，杨老爷收到恩赐后表示每逢佳节必让女儿穿上以此铭记皇恩，数月后杨老爷便交出兵权带着其中两大家族告老还乡回到了古云镇。今天我们的故事便从这古云镇娓娓道来……人物角色：王故，男,斗笠男子，男,宁子德，男,苏欲，男,齐木，男,李琼，女,明月，女"
灿烂的遗产,http://www.vshang66.com/uploads/allimg/210818/1_0QQ95P610b.jpg,韩国最大财阀，李氏财阀集团执掌人李东政，因身体状况欠佳，即将退位让贤，...,戲纸发行&天作智合,6人本,韩式/欢乐/机制/情感,看似繁华的宝龙市，隐藏着无穷的罪恶。傲慢、嫉妒、愤怒、懒惰、贪婪、淫欲、暴食七宗罪是一切的罪恶的源头。夜色降临，灯火辉煌，在宝龙市顶流家族沈家家主沈慕白的召集下，租场华丽的舞会就此拉开序幕。心怀鬼胎的人们在餐桌推杯换盏，罪恶的魔鬼偷偷挥动爪牙。惨绝人寰的命案于庄园悄然发生，迟来的审判终会爆发雷霆。死亡的绝望笼罩在庄园内，披着人皮的魔鬼能否得到救赎？人物介绍:【林宝儿】婀娜女神，秀外慧中。【王媚儿】性感名媛，风情万种。【沈慕白】年少多金，谦和儒雅。
鲸鱼马戏团,http://www.vshang66.com/uploads/allimg/210816/1_0Q6233221DJ.jpg,故事背景设定在现代与梦幻之间游离，用唯美而精炼的笔触铺述出来的故事氛围...,LARP,6人本,现代/情感/欢乐/还原,"故事简介：我把自己关起来很久，因我忘记了我到底想要什么，也忘记了我到底想找寻什么。直到一束光照进我的房间，我想起来了，,那是我如发疯般寻找的另一个我······,剧本亮点：这世界上有两个我，一个假装快乐，一个真心难过,角色介绍：林栀,陈立夏,赵明慧"
从前有座玄离山,http://www.vshang66.com/uploads/allimg/210816/1_0Q62330253945.jpg,整个构架是看似关键性不大的碎片式的记忆，众师兄弟和师父只一起生活了18年...,谈科,7人本,仙侠/情感/欢乐/还原,"但是终究能够成就伟业的，几十年未有一人。所谓无敌的武士，,不过力敌百人，纵横十六国的谋士，,也有失手的时候。武力和智慧，都不是根本。最后决定英雄的，还是他的心。他为何要凭临绝顶，俯瞰群山，,这个心愿是他心中的力量，可敌千军万马。天地为局，众生为棋,千世繁华落不尽，不知经历几千秋，,千秋百年一朝梦，一期荣华一杯酒"
幸福商业街,http://www.vshang66.com/uploads/allimg/210816/1_0Q6232ZX619.png,一个从立意到推理到情感，方方面面都体验拉满的本本！感触很多，不论是对于...,鱼腩鱼松,6人本,硬核/欢乐/架空/刑侦,"剧本时长：4小时,阅读体量：8000字左右,剧本亮点：轻松欢乐机制，店家翻台率高,剧本简介：荣耀帝国是大陆上最为强大的国家，其君主皇帝理查是整个大陆上最有权势的人物。在荣耀帝国版图的不远处，有一个和平安宁，却又非常弱小的森林王国。有一天，人们发现皇帝最疼爱的女儿，银月公主死在了森林王国之中！愤怒的皇帝点起大军，发誓要将森林王国夷为平地！荣耀帝国兵临城下，森林王国人人自危。在这个紧要关头，森林王子忒修斯自告奋勇，要去面见暴君皇帝，解释公主的死因，陈述利害关系，从而劝说暴君皇帝退兵。王子此去凶多吉少，但他义无反顾踏上了征程。"
那皇军不是白来了么？,http://www.vshang66.com/uploads/allimg/210807/1_0PH3332X641.jpg,全程四个小时，笑了我三个半小时，这个本的机制太好玩了，有好多东西啊。啥...,打个鸡蛋文创,8人本,民国/欢乐/阵营,"光与影， 因与果……银幕上，我们看到她，揪心她的境遇，钦佩她的担当；,游戏中，我们就是她，体味她的喜怒哀乐，经历她的爱恨情仇……电影和剧本杀，两个宇宙的共振；她和他，不同灵魂的共舞。同一个世界，不同的舞台，每个人都是生活的英雄！2020年1月24日，除夕。一列由北京开往武汉的高铁。前一天的上午10：00，武汉已经宣布封城，离汉通道早已关闭。这列高铁，可能也是经停武汉的最后一班列车。车上有几名各怀心事的乘客，是什么让他们在这样一个特殊的时间选择出行……突发情况让他们被迫集中在同一车厢，又会让他们产生怎样的交集……"
山止川行,http://www.vshang66.com/uploads/allimg/210803/1_0P323063G932.jpg,当黑夜降临，前路黯淡之时，不要忘了回头看看，也许在你身后，有人为你留下...,葫芦先生,6人本,欢乐/开放/还原/情感,"剧本简介：你拖着疲惫不堪的身躯，,行尸走肉般在伸手不见五指的过道里前行，,空气中弥漫着腐烂不堪的的气息，,听见了吗？那些来自尘埃里的叹息，,那充满了贪婪 以及不知名的憎恨，,你可曾听闻夜半无人之时？举头三尺有神明,夜半无人鬼敲门"
称帝,http://www.vshang66.com/uploads/allimg/210803/1_0P323001T0L.jpg,普天之下莫非王土，率土之滨莫非王臣。皇帝代表着至高无上的地位和权力。如...,大麦/白菜,7人本,现代/欢乐/机制/本格,布莱恩小镇北部30公里外有一座终年积雪的大山，这里坐落着一个享誉世界的医院：圣保罗医院。这里有最舒适的治疗条件，最高级的保密措施以及最昂贵的治疗费用。想要来这里治疗的患者，必须先预约，再经过面试，合格后才可以入院。虽然有如此高的入院门槛，却不乏权贵们疯狂追捧，只因这里的治愈率是100%……人物介绍：【艾琳】，女。圣保罗医院护士。【安娜】，女。圣保罗医院护士。【杰尼】，男。
男德修院,http://www.vshang66.com/uploads/allimg/210801/1_0P1232G5O09.png,在汉都城外设立一所“男德修院”，男德修院院长程苍年在汉都德高望重，近期...,S.H剧制,其他,欢乐/机制/开放,女仆莱西：夫人茉莉的贴身仆人。骑士长威廉：皇家骑士团骑士长。主厨伊泽尔：银塔餐厅的继承人。王子查尔斯：斯曼国的王子。
老狗必须死,http://www.vshang66.com/uploads/allimg/210801/1_0P123053163X.jpg,已经喝得你们面颊通红，意识涣散，还是要记得盘凶！整体盘凶的难度不大，但...,天津入戏文化,6人本,喝酒/机制/欢乐,《存忆说》故事唯美动人，且感人泪下，全程既有让人充满画面感的浪漫故事情节，也有潸然泪下的故事反转，虐点爆满。是三男三女 古风沉浸情感本，是一看本就有画面且想哭的细腻文笔，还原为主，凄美苍凉式剧本杀。剧本简介：晚风月下摇浮柳，轻叹佳人迟未还。如果上天愿再给我一次机会，我愿画地为牢做你的俘虏。不为一生一世，只为此时此刻与你相知相守。几经纠葛的情感，想来又是一个失眠夜，故事在心中波澜再起，脑海中的画面就像是打碎了结魄灯，一幕一幕纠结在心海。
劫个婚,http://www.vshang66.com/uploads/allimg/210731/1_0I12213205112.png,这个本就是个轻松愉快的本，可以说是个相亲本本，也可以是个团建本本。最近...,华汉唐剧本,6人本,现代/欢乐/阵营/本格,"游戏时长：3.5-4.5h,剧本亮点：商业本,翻台率高,凶案新颖,成都展会口碑本,剧本简介：幽冥之中,黄泉两岸,不肯遗忘的人太多,黄泉路上牵挂的事,在世间了无痕迹,却留下了执念,落在黄泉路上,开出一片片奢靡艳丽的彼岸花。花开彼岸,苦海无渡。执执念而生,执执念而亡,是为众生。人物介绍：清寻，男,白苒，女,穆川，男,无漓，女,沈峻松，男"
酒转乾坤,http://www.vshang66.com/uploads/allimg/210730/1_0I021400YX3.jpg,每一个城市的角落都有每一个城市的故事，故事发生在镇州，一间热闹的酒吧熙...,苗苗,5人本,现代/情感/欢乐/本格,这是一场被安排在萧瑟秋风中的谋杀。沾染了血色的月光，不动声色地窥探着在座每一个人。这究竟是处心积虑的复仇，还是令人扼腕的意外？
假如有如果,http://www.vshang66.com/uploads/allimg/210730/1-210I02126380-L.jpg,不同于其他情感本的路子，相比起经典的“代入本中角色”，这个剧本还融入了...,夏天,6人本,现代/情感/欢乐/还原,"游戏时长：4-5h,剧本简介：滨海市的东面,有一座隐蔽于城市之外的小岛。小岛周边的海域,常年弥漫着浓郁的雾气,给小岛染上了许多神秘的色彩。在小岛的山顶上,有一座医院,一座精神病院,名叫伯利恒疯人院。一直以来,伯利恒疯人院都在收押着滨海市的精神病人,虽然伯利恒已经存在多年,但由于医院从不对外接收病人,且小岛经常被雾气笼罩,所以很少有人知道,这座岛上还有一家精神病医院。可就在最近,伯利恒疯人院莫名死了两位病人,给这座本就神秘的疯人院,又增添了一丝诡异的气息。这些病人的命运,在伯利恒疯人院中相遇、纠缠、碰撞,逐渐显现了一场骇世的阴谋。到底谁才是真正的疯子？到底谁才能生存下来？这扑朔迷离的一切,都等待着你去揭开........"
男的糊涂女的明白,http://www.vshang66.com/uploads/allimg/210729/1_0H9232551CT.jpg,"爆笑推理,梗巨多,女生玩得爽男生也能笑疯,开本具备多种模式,适应更多店家。...",瓦特工作室,7人本,现代/欢乐/推理/变格,三天后正是十三贝勒的生日，十三贝勒提前一个月就放出消息将上海城内最大的酒楼山河酒楼包下来，宴请众宾客。生日当天，山河酒楼张灯结彩，来往宾客络绎不绝，十三贝勒虽然早就知道今天有人可能要来杀他，但是依旧警告当局不要派人过来扫了他的雅兴，当局没办法只好派了些人便装守在酒楼旁边，时刻应对突发情况。那天来往宾客来自于各行各业三教九流，其中还有两个洋人格外扎眼，正是法国商会副会长亨利和英国人贝克。他们与被害的拍卖行老板算是故交，十三贝勒向来不喜欢洋人，即今日他们的造访显得格外突兀。酒过三巡，十三贝勒清了清嗓子，想要发表-些感言，刚起身，却摇摇晃晃的倒下，再也没有了呼吸，杀人预言成真了，山河酒楼乱作一团，便衣们赶紧封锁了现场……这一切究竟是怎么回事。角色列表:亨利：法国商会副会长，为人严肃，平时不苟言笑，总是一身黑色西装黑色礼帽的打扮。在他的努力下，法国商会在。上海的地位要比其他殖民国家商会地位高很多。贝克：英国人，是一名从英国军队退役的军人，这次来到中国原因不得而知，穿着一件毛呢的外衣，脚蹬军靴，显得十分干练。赵大山：山河酒楼老板，赵大河的哥哥，赵家之前一直都是。上海地界内的有钱人家，但是因为战争逐渐没落，祖产只剩下一个酒楼，赵大山为人精明善于做生意，因此近况好转，今日他穿着一身缎面外套内着马褂，显得十分贵气。赵大河：赵大山的弟弟，自幼被送到日本读书，今天才回国，一身的书卷气，但是却对洋人有莫大的敌视，十分爱国，性格强硬但是有一点迂腐不懂得变通，今日穿着一身灰色西服，戴着眼镜。玉格格：十三贝勒与其侧夫人所生，生的十分可爱，从小便深的十三贝勒的喜爱，但也正因为如此，性格有些古怪，在清朝逐渐走向灭亡之际，玉格格却始终与十三贝勒坚守旧的礼俗，今日穿着一身格格的华服。小燕：十三贝勒邀请来的贵妇，身份未知，但是看穿着打扮是个有钱人家的夫人，很沉默不太与人交流，穿着一身黑色牡丹旗袍显得婀娜多姿。李馨：今天来给十三贝勒助兴的一个唱小曲的女孩，年龄不大，但是嗓子很好，今天穿了一身白色的旗袍，显得十分惹人怜爱。
"大郎,该喝药了",http://www.vshang66.com/uploads/allimg/210729/1_0H92322464K9.jpg,暑期翻台神器，不吃主持人，葵花发行首个欢乐机制阵营爆笑8人本震撼来袭…...,不浪大叔,8人本,古风/欢乐/阵营/本格,遥远的边境小镇，一个名不见经传的镖局，一个来历古怪的神僧，一次诡异莫测的送镖，却在冥冥之中，主宰着整个版图的命运。
大山,http://www.vshang66.com/uploads/allimg/210727/1_0HGG3364461.jpg,“终于有一天，山顶的阴霾不在了。”“人们可以过得更好吗？”“不会，因为...,小道士,8人本,欢乐/微恐/立意/城限,"与你相遇、相识、相知、相爱、相厌、相怨、相恨、相离，人生无憾，此生无悔。我用尽前世所有的运气，换得与你回眸相视的初遇；用光今生所有的运气，换得和你相爱与共的半生。彼岸花开，忘忧入梦。雾锁恒隐，缘起缘落，古寺梵音，残念红尘。彼时，声泪俱下，双目肿若桃子，,一天后忆起，依然哽咽不已，泪如泉涌；,两天后忆起，依然黯然神伤、落泪无声。湛湛江水兮上有枫，萱草忘忧，忘忧？还是，忘掉一切？翩翩公子，目光如炬，恍惚之间，仿佛初遇时的你。可选角色："
欢乐铁窗泪,http://www.vshang66.com/uploads/allimg/210727/1_0HGG15D552.jpg,“马什么梅监狱”的拥有者是地球上最神秘的女人，因为从来没有一个人能完整...,天作智合,6人本,欢乐/机制/新手,《神启》的背景结构很大， 但故事整体却简单而紧凑， 让你感觉有足够的掌控却抓不住重点， 在推理的纠结里慢慢迎来光明， 黎明不会迟到，和真相一样。 “还原越彻底，锁凶越直接”
你相信光吗,http://www.vshang66.com/uploads/allimg/210724/1_0H4231K34B2.jpg,"剧本亮点:在儿童节,带你找回童年最纯真的向往,成就你疲惫生活里的英雄梦想。...",侦心不改,7人本,现代/欢乐/机制/还原,"游戏时长：3.5h,剧本简介：你相信光吗？或者说，现在的你还相信光吗?不知从何时起，奥特曼淡出了我们的人生，甚至没来得及道声再见。独自面对残酷世界的这些年里，不知你有没有和我一样，怀念那些放学后偷偷打开电视与奥特曼相会的傍晚。谨以《你相信光吗》献给每一个爱做梦的孩子，希望我们都能重拾对光的信仰，让光替我们向那些在成长路上走散的伙伴们，补上一句“珍重，再见”。"
好名昭著,http://www.vshang66.com/uploads/allimg/210724/1_0H4231352cJ.jpg,是什么样的反转让玩家潸然泪下 是什么样的机制让玩家齐心协力? 是什么样的故...,酸酸乳,6人本,现代/欢乐/推理/还原,"游戏时长：4h,剧本简介：招租啦！招租啦！我们位置极佳，开窗可见野人骑熊猫，尽享原始生态;我们注重养生，距公交站至少20公里，能有效避免罹患高血压;我们品味奢华，采取复古式装修，但凡找出一块好的墙皮就能获赔付幸福小区的住户都需要通过严格筛选，为人正直善良。我们美名远扬，好名昭着，在此特邀诸位自诩“好人”的朋友与我们共同生活！当清晨的第一缕阳光斜落，十里坡键神顶着黑眼圈刚刚入睡，做着一刀99级的美梦;无敌好客负手散步，大骂行人走路顺拐;朝阳大妈煮了早饭，盘算今天也是要喂肥邻居的天;樱桃大丸子已经在看书，哭晕过去就当是睡回笼觉;剩女贞德刚送了丈夫出门，就立即抱怨他还不回家;晨跑的这个小哥不太冷，为了避免与人打招呼匍匐前进。嗯，这可真是个超友爱的小区呢，你确定不搬过来死…啊,呸，试试,人物介绍：无敌好客：以我无敌通天之力，为你端茶递水,这个小哥不太冷：快把空调打开，老子不够冷酷了,十里坡键神：蓬莱仙岛太远，我就在沙发上原地飞仙吧"
龙日一，你死定了,http://www.vshang66.com/uploads/allimg/210724/1-210H4230P10-L.jpg,机制的有趣程度也绝非一般的新手进阶本可比（在此不能做过多的剧透，只能告...,跳房子,6人本,现代/欢乐/机制/本格,龙氏电影集团向全天下发布召集令，寻找《龙日一，你死定了》大电影的主演，据悉该影片投资超过11位数，片酬赏金高达XX亿，还邀请了国际知名的大导演前来指导，沉寂的电影界一时间风云涌动。六位明星来到了龙氏国际电影集团开展试镜，角逐影片终极主角，同时为了自己心中的梦想而努力前进。电影的筹备工作如期展开，然而编剧却离奇消失，只留下了一沓未完成的剧本，此时剧中人与演员同时在寻找着自己命运的去处……人物角色：神秘女星1号：一位龙氏电影集团旗下金牌女艺人，听说她就是天选之女?神秘女星2号：一位行业内赫赫有名的当红明星，听说她和龙家可是世交?神秘女星3号：一位来自邻国的神秘嘉宾，奇怪她不是许久没有露面了吗?神秘男星1号：龙氏电影集团旗下的神秘男艺人，听说他身家不菲……难道?神秘男星2号：一位号称少女心杀手的国民情人，听说他早已有了心上人?神秘男星3号：一位圈内神秘的男星出手即佳作，听说他从不接爱情剧？
黑桃A,http://www.vshang66.com/uploads/allimg/210722/1_0H2164G31Y7.jpg,夜店酒吧越来越受年轻人的喜爱，就连扫地阿姨也能跟着一起喊麦。牛马蛇神都...,苟飞天工作室,7人本,现代/欢乐/机制/本格,"剧本简介：头不是头，是旋转的地球。酒不是酒，是摇摆的双手。不在乎别人一房两人三餐四季，,就只想再来一杯两壶三扎四提。在该喝酒的年纪就别轻言放弃，,把激情燃烧的岁月灌进喉咙里。夜店酒吧越来越受年轻人的喜爱，就连扫地阿姨也能跟着一起喊麦。牛马蛇神都想在酒圈称王，黑桃A揭穿所有欲盖弥彰。人物介绍：Fion:25岁，女，百威治百病，野格断长情"
十字坡·三碗不过缸,http://www.vshang66.com/uploads/allimg/210722/1_0H21641153537.jpg,策马奔腾纵横江湖恩仇！替天行道兄弟情谊义薄云天！水浒众豪杰何去何从？...,桌迷藏,其他,古风/欢乐/机制/本格,"游戏时长：4-5h,剧本亮点：水浒题材欢乐，喝酒(可控),剧本简介：策马奔腾纵横江湖恩仇！替天行道兄弟情谊义薄云天！水浒众豪杰何去何从?十字坡上再聚首！虎颤抖,杯光壶影、觥筹交错,酒酣耳热之际谁是那真豪杰？谁是那娇美人？"
燕书,http://www.vshang66.com/uploads/allimg/210722/1_0H2162U34Q1.jpg,贼好哭，演绎不难超好出效果，不喜欢演绎的店家我们做了演绎音频可以替代真...,白夜追熊工作室,7人本,古风/架空/欢乐/还原,"剧本简介：于过往兮，举世皆痴。短短几十载，这世上我并无半分贪恋，如若痴念，也是她于红尘中的眉眼,我曾于这世间穿梭，于这年岁蹉跎,兰苑未空，行人渐老，我与这天地轮回与共，与这岁暮朝夕相处，夙夜转圜，她却从未入我梦中,那蛊惑人心的鬼，渡化世人的佛，于我眼中再无分别只有手中的兰若剑身，细细拂过,红绸遥尽天涯，入了这尘缘，便再不愿回头。情如烈火燃烬我身，灼骨焚心，我亦足矣。人物介绍：李羡臣：老员外府邸客卿，诗画双绝，风流无双，潇洒成性。"
重返15岁—高考,http://www.vshang66.com/uploads/allimg/210718/1-210GR306330-L.jpg,虽然说这是个欢乐机制本，但是真的玩完之后仔细思索一下，里面折射出来的一...,老付,8人本,欢乐校园/模拟人生,"可选角色：“忧郁男孩” 陈浩南| 外形俊朗、似有心事,“文艺青年” 顾胜男| 性格开朗、充满自信,“低调学霸” 王招娣| 表情严肃、神情内敛,“能量小子” 刘金榜| 清爽干练、双目有神,“灵活小胖” 樊   鑫| 身宽脸圆、可爱呆萌,“校园女神” 陈雨霏| 窈窕淑女、吹气胜兰,“电竞少年” 高   兴| 锦衣玉食、养尊处优,“可爱萌妹” 毛利兰| 伶俐乖巧、家喻户晓,“运动少年” 谯   丹| 高大健壮、阳光帅气"
绝响,http://www.vshang66.com/uploads/allimg/210718/1-210GR254580-L.jpg,时过境迁，不谈今况前时，不论初心报负。 一切都是你的选择，保持叛逆，无...,海马,8人本,欢乐/机制/阵营/还原,很多人以为时代和科技的发展，总是越来越美好。实际上，科技的发展与人文的素质紧密相关。试想一下，如果古代就出现了强大的现代武器，电子设备。那么整个世界的历史，甚至人类的未来将变得岌岌可危。人类世界在这漫长的发展中，只要出现一个微小的偏差，整个世界的未来就会变得愈发扭曲。所谓的【赛博朋克】时代，不过是扭曲的科技树，扭曲的政府，扭曲的人性带来的扭曲产物罢了。在这个时代，人类将自己的意识储存在云端服务器中，并通过【数据盘】的备份和更换，达成了理想中的永生。然而无尽的寿命，带给人类的却是永远无法逾越的阶级鸿沟。千年来一直在幕后操控一切的【神族】面世，利用千年累积的财富与科技一举统治了全世界。非人的统治，无法逾越的阶级，永生的寿命，笼罩着全人类。2090年3月4日。一场民间举办的非法演唱会，在贫民区的【晓月孤儿院】拉开帷幕。这场被称为【绝响】的演唱会，宣言将会给人类带来真正的'自由’。我们，拭目以待……人物介绍：【浸水雷】 男 27岁|虚拟实景游戏测试人员，给富人们的游戏环境提供初期安全测试。因此浑身残破不堪，身体多处部位换上了廉价的人造义体。【苏晴】 女 24岁|知名流行乐女歌手，但在这个一切都能通过科技解决的时代。女歌手的价值已经从多年前的明星，变为最普通廉价的职业。【雪瞳】 女24岁|贫民区卖牛肉，猪肉的女屠夫，隐藏在大大咧咧的性格和外表下，是独自一人赚钱撑起整个家庭的辛劳。
蓬莱殿,http://www.vshang66.com/uploads/allimg/210718/1-210GR230270-L.jpg,因为设定，发言交流称呼和搜证带入人设并且带来了许多欢乐。环节进行下来很...,春笋工作室,6人本,古风/欢乐/阵营/还原,唐高宗时期，四海升平，国泰民安。前有一代圣僧唐玄奘，西天取经；今有绝世高人袁天罡，羽化成仙。佛道两兴，万国来朝，实乃旷古烁今之盛世！然，自从武昭仪产下小公主，天降异象，狐能人言，诡事不断……坊间传闻“狐妖乱世”，乃江山易主之大凶之兆！今小公主满月，特邀诸位前来“蓬莱殿”，共赏这旷世之大典！请君莫急，钱财？权力？爱人？江山？统统都有。但，汝等须先保住项上人。人物角色：袁天罡，男，外表二十五岁，天下第一方士，沉着冷静，高深莫测。薛公公，男，四十八岁，宫内宫内司礼宦官总管，忠君爱国，胆小慎微。婉儿，女，十六岁，武昭仪侍女，文武双全，善于察言观色。王皇后，女，二十七岁，圣上第一夫人，阴险毒辣，不择手段。灵儿，女，十六岁，小公主侍女，性格腼腆。不善言辞。高阳公主，女，二十六岁，武昭仪挚友，敢爱敢恨，张扬跋扈。剧本短评：
加油加油我最棒,http://www.vshang66.com/uploads/allimg/210717/1-210GG615060-L.jpg,最后有意思的点是剧情的演绎和揭穿现实我们活着地艰辛～生活不易，总是在理...,多米互娱|SSS,8人本,机制/沉浸/爆笑/欢乐,"这是一个接地气立意有很高的良心剧本！"",“这是一个低成本实现沉浸式剧场，还可结合酒水套餐，高收益的绝佳剧本！”,故事背景：钱，权，色的时代，可能所谓成功的背后，有太多不为人知的秘密。何为成功，如何成功。在SSS市，铺天盖地的传单吸引了无数人的眼球，“何讲师”的成功课堂，多少人成功的必经之路。要成功！先发疯！听到这样的至理名言，难道你还在犹豫吗？各式各样的人聚集到“何讲师”讲堂……“你想要成功吗？跟我喊起来！加油！加油！我最棒！加油！加油！我最强”,故事复盘：事情要从双胞胎姐妹贾佑一、贾佐一小的时候开始说起。她们两人的真名是分别是甄艺婷和甄艺美，两人从小是被奶奶一手带大，长大后由于家里只能供起一个人读书，所以两人都以“甄艺婷”的名字轮流上学，甄怡婷上一、三、五，甄艺美上二、四。小时候甄艺美还由于喜欢一只发卡，偷走了班上的班费，导致同班同学张大宝被冤枉后退学。两姐妹上了小学之后便不再上学了，两人做做女红补贴家用，张大宝也因为这件事情退学了……"
高考,http://www.vshang66.com/uploads/allimg/210715/1_0G51FF05196.jpg,2021年池沟县作为全国贫困县，再次成为省领导班子会议桌上的重要议题。这是...,里昂,6人本,现代/欢乐/机制/本格,"游戏时长：3.5h,剧本简介：2021年池沟县作为全国贫困县，再次成为省领导班子会议桌上的重要议题。这是全省摘掉贫困帽子的最后道坎。省领导正为此头疼无奈时，一场高考改变了这一现据央视新闻报导：全国贫困县池沟县在今年的高考中，仅报名了三百名学生，竟有二十多人考入了全国重点名校。而这十多名学生全部来自于一个高考补习班—清泉补习班。随着报道的发酵，全国慕名而来的应届考生迅速占领了这座小县城，省领导班子也趁热打铁迅速拨发专款，特别授权办学资格，扩大校区面积，将清泉补习班一跃打造成了全国名校。为了更好的迎合社会的发展，教育部发文要求全国各地市根据各地实际情况，踊跃参与到高考改革的行列中来，清泉中学为了响应教育部号召，积极申报了2025年的高考实验学校，并为2025年高考提供考试场地。全校上下康校长的带领下在积极响应改革，努力备战新高考。康校长为了清泉中学能在此次的新高考中再创辉煌，特别成立一个宏志班，选拔了全校拔尖的学生，并且动用了全校最顶尖的教师团队来为之服务。怎知如今的清泉中学辉煌不在，生源质量令人堪忧，而这一切，康校长早已心知肚明，那他又将如何面对呢?人物介绍：康宁,冯元气"
星空之下,http://www.vshang66.com/uploads/allimg/210715/1_0G51F5033610.jpg,一开始感觉不明白的问题到最后也会恍然大悟，分幕之间的衔接也没有突兀感，...,麦午仟禾,7人本,日系/欢乐/情感/城限,你做过那样的梦吗?在梦里，星辰与大海相伴，街边通明的灯火，延绵到家的方向，远处模糊的身影，仿佛触手可及。明明如此熟悉的感觉，梦醒时，却什么都不记得了，只有泪水，从眼角悄然滑落。是从什么时候开始的呢?独自一人的感觉。这或许不是什么悲伤的事，我们的时光不会消逝，流动着的记忆，证明过彼此的存在。至少，我们曾生活在，同一片星空之下。所以，求求你，不要再想起我了……剧本短评：至少，我们曾生活在，同一片星空之下。太喜欢这个欢乐又温馨的本了，朋友之间尽管会小打小闹，喜欢捉弄别人，也有着自己的小秘密。但都深爱着这个大家庭，愿意包容彼此，相互帮助相互鼓励着走出阴霾，甚至愿意牺牲自己来守护这一切，让人很难不为之动容。
大富翁之血战象牙屯,http://www.vshang66.com/uploads/allimg/210715/1_0G51F3052219.jpg,熟悉的角色，原汁原味的童年青春回忆 DC老师的一贯欢乐风格！ 令人上头的机...,空然新语,6人本,欢乐/机制/IP,"在中国大陆北部，有一个美丽的地方叫象牙屯，这里物资丰富、风景优美，更有着名的旅游景点象牙谷。不久之前，象牙屯山脉发现了金矿痕迹，很快，全世界闻声而来的富豪们聚集到了象牙屯。他们为了争夺这里的开采权，开始了疯狂买地和激烈的投资，在各方争夺中，一名村民也离奇死亡。究竟谁能买下象牙屯呢？谁能取得象牙屯最后的开发权呢？谁又和村民的死有关呢?人物介绍：【钱珍珠】女，35岁,风韵美丽的女富豪。钻石、翡翠、珍珠、玛瑙，各种可以叫上名的宝石，她家都有经营。更有甚者，钱家掌握了全世界一半以上的钻石矿坑。【孙小美】女，10岁,来自南方小村子的神童。10岁的她，如今经营着无数快餐连锁店，比如麦大劳，肯大基，汉大堡，德大士，甚至在象牙屯也有分店哦。【伊丽莎白公主】女，18岁"
见钱眼开,http://www.vshang66.com/uploads/allimg/210715/1_0G51AK3V10.jpg,本市一则爆炸新闻空 筏而来! 远近闻名的六粮液集团市场部总监秦 迈因涉婚贪...,文氓,8人本,欢乐/机制/阵营,"剧本简介∶,本市一则爆炸新闻空袭而来！远近闻名的六粮液集团市场部总监秦迈因涉婚贪污披散职，这引起社会的广泛关注。接踵面来的便是六粮液集团斥重金向全社会急聘市场部总监一职。王牌企业的王牌职位，无疑是吸金吸到手软的香饽饽！究竞何方神圣能够成功问鼎？请开始你的表演！角色简介：钟泠，女，风情万种，不可方物。林子怀，男，虚怀若谷，貌似人高无害。简飞柏，男，英俊潇酒、走路带着风。"
干票大的,http://www.vshang66.com/uploads/allimg/210715/1_0G516444OJ3.jpg,是谁的脚下伏尸过百，是谁的智谋冠绝古今。 是谁的枪法百步穿杨，是谁的勇...,驱魔人&七斤,6人本,现代/欢乐/机制/本格,是谁的脚下伏尸过百，是谁的智谋冠绝古今。是谁的枪法百步穿杨，是谁的勇猛可当万夫。是谁的缜密滴水不漏，是谁的巧手金石为开。这天，六名身怀绝技的悍匪因为一条名为《高薪诚聘精英干票大的》的帖子在此聚首。招聘帖子内容为：你还在因为吃不上饭而苦恼吗?你还在因为房租给不上而流浪吗?你还在羡慕周围人的优渥生活吗?不要犹豫，赶紧加入我们！不用任何费用。
冷宫,http://www.vshang66.com/uploads/allimg/210714/1-210G42054130-L.jpg,临海国送来了一颗价值连城的夜明珠，既是地位，也是权力。 随着夜明珠一同...,传送门工作室,6人本,古风/欢乐/还原/赛博朋克,临海国送来了一颗价值连城的夜明珠，既是地位，也是权力。随着夜明珠一同进宫的还有异国美人，祸乱朝纲，使皇上不思政事。本就后位空悬，此刻更是暗流涌动。后宫佳丽蠢蠢欲动，风雨欲来。随着一道圣旨，一场表演即将拉开帷幕。胜者，不但可以保管夜明珠，更是可以一争母仪天下。败者，自然不用多说。你是谁，你可以是谁?一场好戏，竞演开始。人物介绍：
猎魔手札,http://www.vshang66.com/uploads/allimg/210714/1-210G42052590-L.jpg,在黑暗弥漫，血水翻腾的不可直视之处，总有血红的双眼在窥视着人间。 恶魔...,逍遥剧制,7人本,欧式/阵营/机制/欢乐,在黑暗弥漫，血水翻腾的不可直视之处，总有血红的双眼在窥视着人间。恶魔的每一份馈赠，都在暗中标注了不可承受的价码。十五世纪，铁颅王国的王位继承问题依旧悬而未决。诸国王室垂涎三尺，纷纷派出自己的继承人前来争夺。遗祸百年的诅咒流毒，引来了手持银剑的猎魔人。矢志在群狼环伺中，守卫国家的王室公主。躲在黑暗地下室的阴森女巫，还有始终隐藏在人类躯壳中的深渊恶魔，谁才能成为最后的赢家?人物介绍：【玛丽·德·卡佩】女，18岁。铁颅王国的公主，棕红色长发，戴一顶宝石发箍相貌倾国倾城。
报告大人,http://www.vshang66.com/uploads/allimg/210714/1-210G41951280-L.jpg,升官发财娶老婆，是你我的梦想，不过想要脱颖而出，还要看你是否天赋异禀，...,铭思文化,6人本,民国/欢乐/机制/本格,天知道，一个贪污受贿的官员，带着六个来自社会各个阶层的逗B青年，来到这片叫欧罗巴的大陆后会发生什么。以他们的智商和体力，能否完成救国救民的重任，能够赢得留学升官的机制，改变自己的命运呢?升官发财娶老婆，是你我的梦想，不过想要脱颖而出，还要看你是否天赋异禀，能否运筹帷幄，亦或者是突然智商在线，大开天眼，看破那罗家“神鬼杀人案”背后的秘密。人物角色：白庆涵，男，阔绰公子，男生女相。白月菡，女，富贵逼人，高高在上。陈敬明，男，自命不凡，冷静聪慧。李世虎，男，争强好胜，不拘小节。秦若楠，女，巾帼不让，朴素内敛。杨哮天，男，胸有大志，重情重义。剧本短评：
案件重演,http://www.vshang66.com/uploads/allimg/210712/1_0G2210A3M12.jpg,"这个本将从行为逻辑的角度出发对案件进行推演,玩家需要扮演嫌疑人,从嫌疑人...",A+剧本工作室,7人本,架空/欢乐/推理/变格,"剧本简介：2026年，能帮助警方侦破命案的逆天仪器“神探仪”问世，只要对死者或者凶器进行扫描，就能立刻锁定凶手的位置。但神探仪是有局限性的，并不能找出证据指认凶手，所以罪演师”因此诞生。罪演师便是以神探仪确定的嫌疑人为基本，进行案件的模拟推演，做到最大程度的还原案发时嫌疑人与被害者的一举一动，从而找出那些隐藏起来的证据指认嫌疑人所犯下的罪行,打破常规单一的圆桌式推理，这一次我们站起来模拟嫌疑人与被害者的案发经过，从而找出关键证据指认凶手"
小橘合唱团,http://www.vshang66.com/uploads/allimg/210712/1_0G221015V200.jpg,我还是个小孩的时候，心里总想着我绝对不要长大，因为只要这样，我就能永远...,橘·原创工作室,6人本,欢乐/机制/治愈/城限,嘿，你听说过小橘合唱团吗?我还是个小孩的时候，心里总想着我绝对不要长大，因为只要这样，我就能永远跟我的朋友们在一起了。我想和你们沐浴在蝉鸣里，走过石板路，在镜河公园的柳树下一起看爷爷们斗蟋蟀。我想和你们列队在礼堂中，穿过灯光，大声地唱响着整个夏天。你看见孙大爷了吗？如果看见他请记得帮我向他问声好，告诉他小橘合唱团回来了。如果你经过了小橘杂货铺，记得买一本同学录，用不会褪色的笔写下留言，因为那会是你这一生最隽永的回忆。朋友，请慢点长大。请记得这个夏天的一切，记得那张曾寄托着我们一切的歌声，记得那一年的我们，那一年的小橘镇。小橘合唱团！集合！
地府办事处,http://www.vshang66.com/uploads/allimg/210711/1_0G11310063317.jpg,如果地府有了KPI？白无常会不会为了完成绩效不再充满善意？黑无常和牛头马面...,小F原创,6人本,架空/欢乐/机制/变格,"天庭-地府分公司是三界中最不起眼的地方。这里说是分公司，名不副实。一个摇摇欲坠的二层小洋楼，十八层地狱唯一的入口就是小洋楼的电梯间。这样一个穷酸，落魄，常年没有营收的分公司。天庭董事会不愿再拨款补助，索性直接把它降级为办事处。2799年的一天上午，地府办事处主任-阎王下发紧急会议通知，让诸位骨干员工协力完成本年度的业绩指标，争取给即将到来的天庭视察官展现出一个积极向上的工作态度。人物角色：阎王-屈温平，纯神，真身是乌龟,长相普普，无甚特点，敦厚稳重，地府出了名的和事佬。孟婆-虞清，纯神，真身是桃枝,举手投足间都带着一股成熟的韵味。说起话来，总是微微夹着鼻音。黑无常-雍月盈，混神，真身是并蒂莲之一,不施粉黛，眉眼间都是嚣张的气焰。白无常-雍花谢，混神，真身是并蒂莲之一"
咆哮吧！恶龙,http://www.vshang66.com/uploads/allimg/210711/1_0G1130Q95491.png,这个本子主打的是欢乐机制，机制总共分为三个部分，每个部分都有其特殊且强...,野生千岁,8人本,架空/欢乐/机制/还原,"作者：三撇,故事背景：梦幻而纯粹的伊甸园，,一座华丽耀眼的粉色城堡。黄昏的金色洒在漫天飞舞的泡泡上，,将光明折射成七彩照进每个人的梦里。传说环绕着梦幻城堡的河流尽头，,居住着曾经毁灭世界的恶龙那个肮脏污秽的亡者国度。四处散落着恶龙几千年累积的财宝，,无数冒险者视那里为终极梦想。"
绿帽儿,http://www.vshang66.com/uploads/allimg/210711/1_0G113004T350.jpg,注意！第一届“绿帽协会会长选举”正式开始了！ 当代年轻人为何争相比拼谁...,梦境岭&绘立方,7人本,现代/欢乐/阵营,各单位请注意！第一届“绿帽协会会长选举”蓄势待发！看候选人一个个都意气风发，一副运筹帷幄之势。正所谓“三十六行，行行出状元”，期待他们在选举中各施各法，大显神通。英雄莫问出处！只要功夫深，铁柱磨成针！能成为“绿帽协会会长”的人，既不需要富可敌国！也不需要颜值爆表！更不需要船上功夫了得！只要绿帽戴得多！你就是咱们的众望所归、天选之子！古有西门大官人，今有篮球宝贝菜徐坤！内有船头鬼见愁潘安，外有一柱擎天黑曼巴！不过这些都是浮云，在我们新在会长面前，都是渣渣！年轻人不能讲武德，谁会是最终夺魁的人生赢家呢？今晚揭晓！
虫儿飞,http://www.vshang66.com/uploads/allimg/210711/1_0G11259249532.jpg,欢迎来到虫虫的世界! 清清你们的嗓子，预备~开始！ 欢笑吧，唱起来，跳起来...,洛阳卡卡,6人本,欢乐/情感/童话/还原,"虫虫世界的年度综艺节目《虫儿飞飞飞》，,有六位虫虫参加最终的比赛，,他们分别是老知了，大瓢虫，胖蜻蜓，萤火虫，花蝴蝶和小蜜蜂。奇怪的是，参赛的虫虫们都只有一只翅膀，,所以一直困在了蘑菇小洞里，,而《虫儿飞飞飞》节目的最终大奖就是蜂后亲手酿制的魔法蜂王浆，,它的神奇之处就在于--可以让失去翅膀的虫虫长出新的翅膀。但欢乐刺激的比赛并不能掩盖虫虫世界的危机，,一股黑暗中的外来势力正悄无声息的逼向安居乐业的虫虫们……人物介绍："
上仙请就位,http://www.vshang66.com/uploads/allimg/210707/1-210FH230020-L.jpg,人界的秀粉们，如果你们想知道本场赛事的前情提要，可以找你们的爷爷，听你...,独角仙推理,6人本,欢乐/机制/阵营/综艺,"这里是属于梦想的舞台，这里是满载欢乐的天堂。无论你是会唱、跳、RAP、篮球的艺能人。还是身怀绝技、修为超凡的大佬修士。亦或是只是怀揣梦想的吃瓜群众。《上仙请就位》舞台的大门都永远向你敞开。不分地域！不分年龄！不分职业！仙界大舞台！够胆你就来！Skr~,人物介绍：▼导师席,【洛望舒】"
遗产2弱肉强食,http://www.vshang66.com/uploads/allimg/210704/1_0F4144251K92.jpg,近期王氏家族父辈频频出现意外！王家老爷王有德召集王家子孙谋定家产所得！...,壹月剧制,7人本,现代/欢乐/机制/本格,剧本简介：近期王氏家族父辈频频出现意外！王家老爷王有德召集王家子孙谋定家产所得！那个女人携王家老四私生女海外归来！王家老爷拟定规则！有能力者得王家！商战一触即发！眼前的亲人是否还是亲人！所谓的敌人是否还是对手！到底是人性的扭曲，还是道德的沦丧！或许一切的一切都只是弱肉强食！加油吧，少年！人物介绍：王胜男，老大长女，25岁，短发干练，成熟稳重。
嫁衣,http://www.vshang66.com/uploads/allimg/210704/1_0F41440341093.jpg,《嫁衣》（八人本）这个本子欢乐，阵营，机制为主，还原推凶为辅。特殊的机...,手刃,8人本,古风/架空/欢乐/机制,"古云镇杨府杨老爷曾经乃是本朝大将军，所谓一人之下万人之上指的便是他。大将军与六大家族辅佐幼年太子继位成为了当今的皇帝陛下。后来皇帝为了感谢杨老爷还特地让一黄姓奇人制作了一件精美绝伦的嫁衣赐给杨老爷之女，杨老爷收到恩赐后表示每逢佳节必让女儿穿上以此铭记皇恩，数月后杨老爷便交出兵权带着其中两大家族告老还乡回到了古云镇。今天我们的故事便从这古云镇娓娓道来……人物角色：王故，男,斗笠男子，男,宁子德，男,苏欲，男,齐木，男,李琼，女,明月，女"
好帅的吨吨吨冒险,http://www.vshang66.com/uploads/allimg/210704/1-210F41411290-L.jpg,第一幕的动画故事，就萌到我了，钢铁直男的心都被萌化了。 这个世界太干净...,壹直爽工作室,6人本,童话/欢乐/奇幻,我知道你们想要问什么。六只平凡的兔子。破败的世界，荒芜的大地，不断被海水淹没的大陆，哀嚎着的子民。世界为什么会变成这样，故事要从一百年前说起。光明大陆有五个王国，那里曾是我们的乐土。……不言大陆，永不陷落！一场史诗级的冒险，一段传奇的童话，一个颠覆式的治愈反转。战争、风暴、追捕、阴谋、拯救大陆……一场前所未有的冒险行动，我的勇士们，准备好了吗？
干掉盗版剧本,http://www.vshang66.com/uploads/allimg/210702/1_0F222464Y5G.jpg,剧本王国里有很多小剧本，他们每天快快乐乐的生活着。国王作为欢乐机制阵营...,十库剧本,8人本,现代/架空/欢乐/阵营,"游戏时长：3.5-4h,剧本亮点：《干掉盗版剧本》8人欢乐阵营机制立意,8人假期必备神器机制阵营只会比《干掉天眼玩家》更有趣,剧本简介：剧本王国里有很多小剧本，他们每天快快乐乐的生活着。国王作为欢乐机制阵营本，这一种族越发壮大，人群极速增长。又到了一年一度选举的时刻，小剧本争相恐后的表现着自己的能力。没想到，意外发生了，剧本王国里竟然混入了大量不法分子，图谋不轨，选举迫在眉睫，小剧本们是否能成功揪出不法分子，换届成功，敬请期待！人物介绍："
一梦山海,http://www.vshang66.com/uploads/allimg/210702/1_0F22245406144.jpg,《一梦山海》剧本结合了《山海经》和明朝历史，描绘了一个宏大的故事背景。...,天机工作室,6人本,古风/机制/阵营/欢乐,故事背景：话说永乐七年，江湖波澜骤起，关于乱神共工现世的传说四散，同时有传闻说在那昆仑山的山脚处有一神秘宫殿，该殿内机关重重，内藏长生还魂丹和神兽之血，据说那长生还魂丹可令人长生不死，那神兽之血可让人法力无边，普天之下有非凡之能力者皆可开启神殿而取之，明成祖朱棣笃信世上定有长生不老之神药，派人请来苗疆圣女，圣女夜观天象，占卜出几句，七月初七，神殿开启。七为数极，长生无期。七月初七这一天，各方势力齐聚昆仑。人物介绍：巴都：南洋岛民，身材高大，腰别短矛，皮肤黝黑，20出头的年纪。李千山：锦衣卫大都督，飞鱼袍，绣春刀，鹰钩鼻，眼神阴郁，年龄38岁左右。蓝秀荷：苗疆圣女，一袭蓝裙身姿丰美，肤若凝脂，黑发黑瞳，眼眸深邃，24岁左右。林无为：黑龙镖局镖师，皂衣劲装，腰挂单刀，黑发黑眸，面容坚毅，35岁左右。青青：神秘少女，脸带面纱，身姿窈窕，眸若秋水，惹人怜爱，年龄20出头。郑天寿：一袭黑衣，容貌俊美，性感孤傲，腰挂短剑，一副生人勿进模样，年龄20多岁。
皇帝的荣耀,http://www.vshang66.com/uploads/allimg/210628/1_062Q53H12435.jpg,荣耀帝国是大陆上最为强大的国家，其君主皇帝理查是整个大陆上最有权势的人...,芷水工作室,6人本,欢乐/还原/推理,"剧本时长：4小时,阅读体量：8000字左右,剧本亮点：轻松欢乐机制，店家翻台率高,剧本简介：荣耀帝国是大陆上最为强大的国家，其君主皇帝理查是整个大陆上最有权势的人物。在荣耀帝国版图的不远处，有一个和平安宁，却又非常弱小的森林王国。有一天，人们发现皇帝最疼爱的女儿，银月公主死在了森林王国之中！愤怒的皇帝点起大军，发誓要将森林王国夷为平地！荣耀帝国兵临城下，森林王国人人自危。在这个紧要关头，森林王子忒修斯自告奋勇，要去面见暴君皇帝，解释公主的死因，陈述利害关系，从而劝说暴君皇帝退兵。王子此去凶多吉少，但他义无反顾踏上了征程。"
鉴心,http://www.vshang66.com/uploads/allimg/210628/1_062Q535215415.jpg,世间万物有真也有假，鉴宝一行更是如此，因为一次失误可能就会导致倾家荡产...,选剧本发行,8人本,欢乐/机制/本格,"剧本时长：4小时,阅读体量：6000字左右,剧本亮点：游戏过程极其欢乐，新颖的机制题材，DM与玩家互动性高，不吃DM。剧本简介：世间万物有真也有假，鉴宝一行更是如此，因为一次失误可能就会导致倾家荡产，所以古董界里有“三年不开张，开张吃三年”一说。但鉴古行也流传着“鉴古易，鉴人难”的说法，与其说是鉴宝，不如说鉴宝之前需先鉴人，人看得准，是否可靠，鉴宝时才更多几分把握。2008年，本该平淡的一年就这样过去，可在年底，一条重磅消息震动了整个沧海市：在2009年1月1日，地下拍卖行将拍卖一批国宝级古董，诚邀沧海市所有大亨前来竞拍，同时也将有资深专业评委进行现场鉴定。一场古董拍卖，将会引起怎样的轩然大波，一切谜底，只能静静等待新年的到来。"
到忌时,http://www.vshang66.com/uploads/allimg/210628/1_062Q52P05U6.jpg,首先凶案不难但需要合作，盘凶正确与否对于后续还原帮助较大。可做的惊吓点...,嘻游工作室,7人本,机制/阵营/欢乐,剧本亮点：恐欢，前期轻恐，后期机制欢乐对抗，交涉性强。剧本简介：你相信这个世界有鬼魂的存在么？听说心里有太多秘密的人，会很受鬼魂喜欢……一栋豪华别墅里原本居住着幸福的一家四口，儿子重病打破了原有的宁静，一向贤良淑德的母亲，在丈夫陪儿子看病的当晚于家中自杀，是因为压力失去了活下去的信心，还是另有隐情？看似祥和的夜晚，卧室内昏暗的光犹如鬼火一般闪烁不定……今天是参加葬礼的日子，心怀鬼胎的七个人有着或远或近的关系，原本正常的葬礼渐渐变得不再正常，当钟声响起的时候，奇异的事情也在发生……滴答滴答……到……忌……时……
电竞风云,http://www.vshang66.com/uploads/allimg/210628/1_062Q5262594M.jpg,非常非常欢乐的6人本，有小剧场，玩家的自由发挥空间较大，也很好代入、上...,歪点子工作室,6人本,现代/欢乐/机制/本格,"剧本简介：一年一度的国际电竞大赛又要开始了，作为一只新成立不久的队伍，JYY电竞队迎来了最后准备阶段，The sky，Cookie，Roselove，Madami，Xiaodi以及他们的美女教练银晶洙聚在了一起，希望能够在国际赛场上一展英姿，为JYY赢下冠军奖杯。无论是人称天神下凡的“折磨王”The sky，外表憨厚可爱的肉鸡Cookie，温柔帅气的阿水Roselove，神来之脚天崩地裂的Xiaodi，肤白貌美的Madami，还是明艳动人的教练银晶洙，他们聚在一起只有一个原因：就要赢！召唤师们，让我们走进峡谷，开启一段属于我们的快乐电竞之旅吧！人物介绍：银晶珠，勤勤恳恳数据分析位,The sky：孤独的那个男人位,Roselove:稳定发育位,Cookie:最快乐的神仙位,Xiaodi：整场节奏掌控位"
宝贝,http://www.vshang66.com/uploads/allimg/210628/1_062Q524004539.jpg,《宝贝》中情感的表现，没有所谓的感天动地，只是生活中的各种细节。每段故...,聊爆工作室,6人本,还原/欢乐/情感/机制,"故事背景：“无论如何，我都心须得到那颗宝石！”,“就算那是一匹与世无双的宝马，那又怎么样？”,“宝册交予你了，但愿如你所说，若有来世……”,“宝贝，不要怕。等我，我很快就回来陪你了……”,嗨，想什么呢，快醒醒！今天天气这么好，不如我们来玩个剧本怎么样?你是要得第一名，还是想抓住真凶?或者，干脆做一个彻头彻尾的还原机器。这一次，不如让我们聆听自己内心最真实的声音。"
小丑竟是我自己,http://www.vshang66.com/uploads/allimg/210628/1_062Q5220J922.jpg,公元2060年，地球联邦提议并通过了多项禁令，于是各国政府便有了针对装逼罪...,贩罪现场,8人本,现代/欢乐/开放/新手,"剧本简介：公元2060年，地球联邦提议并通过了多项禁令，于是各国政府便有了针对装逼罪犯的完整刑法，撒谎者三年起步，装逼者最高死刑。而凭借着发达的科技手段，智能设备覆盖地球的每个角落，罪犯终无处可匿。一百年后的今天，全球范围内再也没有了撒谎装逼者，这是全新的时代。今天沙特王子谢赫·哈曼顿·穆德感覃·本·拉希德·阿勒马克汉姆来到了杭州市，他邀请了几位朋友来参加他的Party。而我们的故事便从这荒诞之中开始了……人物介绍：斯内克，男，知名律师，什么？你竟然问我的最高水平？那当然是无期呀,朱蛋蛋，男，文学网友，很生气现在竟然还有人怀疑奥特曼的存在，键来！王多钱，男，杭州首富，我对钱没有兴趣，我最快乐的是和队友们一起踢足球的日子,云卷，男，大数据工程师，上级跟我说了，我是当之无愧的国士之才。秀儿，女，网红主播，老铁们，今天给大家表演一个绝活,木星，女，知名企业家，我做的容颜巨瘦公司，是真正造福人类的公司。"
脱单,http://www.vshang66.com/uploads/allimg/210628/1_062Q520423V5.jpg,你现在是一个人嘛？母胎solo?还是心里有个她(他)?爱情本该归于平淡，却又不平...,ZTT工作室,6人本,现代/欢乐/情感,"剧本简介：你现在是一个人嘛？母胎solo?还是心里有个她(他)?爱情本该归于平淡，却又不平淡;本该甘于平凡，却又不平凡，不再去想从前，不再执念曾经。如果相逢是缘，这缘分又总是来去匆匆，绿来缘去就像海面的浮萍，短暂的相聚就面临各奔东西，情感也许是最脆弱的，经不起暴风雨的侵袭，碰触了就痛了，阡陌红尘中有多少刻爱散落在风里，又有多少相思散落在雨里，寂寥的午夜，一腔思绪富裕瑶琴那凄美的清音，奏出的是心酸，音律缭绕处回荡的是想念。这次，脱单的机会就在眼前，你还不好好把握吗?人物介绍：男1号：我身边不拥挤，你来便是唯,男2号：教堂的白鸽会不会轻吻田野里的乌鸦。男3号：向来缘浅，奈何情深。女1号：在乌鸦的世界，天鹅都是有罪的。女2号：若黄昏不再执着的追逐黎明，繁星也会受到皓月的追捧"
死囚,http://www.vshang66.com/uploads/allimg/210627/1_062G5324A500.jpg,2020年11月4日，N市着名企业家、乔尔思企业创始人，欧阳华晨的两名亲信保镖，...,好好吃饭,5人本,现代/欢乐/阵营/变格,2020年11月4日，N市着名企业家、乔尔思企业创始人，欧阳华晨的两名亲信保镖，在同一天内离奇的先后死亡。为此，乔尔思企业……
一言为定,http://www.vshang66.com/uploads/allimg/210624/1_06241614061F5.jpg,我在一条名叫未来的算式里，做了些加减法。濑户的风挽着海水的味道，不动声...,山橘推理,6人本,日式/情感/欢乐/还原,日系超甜预警。想让你尝到花蕊的第一口蜂蜜，想让你闻到夏日橘子汽水的香气，想给你我兜里藏着的水果糖，想请你喝一杯暖手的牛奶。思来想去，还是“一言为定”合我的心意。剧本简介：我在一条名叫未来的算式里，做了些加减法。濑户的风挽着海水的味道，不动声色地掠过彼此头顶的天空。起伏的口哨声在身后响起，回过头是绿发少年倔强闪躲的侧脸。野草疯长的河畔边，夕阳伴随着青涩的拥抱缓缓下落。我从未觉得人间美好，直到你来了，出现在我面前。人物介绍：板野芽衣
梦幻金银岛,http://www.vshang66.com/uploads/allimg/210623/1_062323004354H.jpg,你抱怨命运的不公，你感叹命运的坎坷。然而回首望去，从来都是你自己没有给...,TAKU,7人本,现代/欢乐/机制/还原,"传说梦幻金银岛上，住着世界首富富流油。能与富流油做笔生意，就能成为世界富豪，如果能打败富流油，就能成为世界首富。今天，七位世界顶级富豪一同坐上了驶往梦幻金银岛的豪华游轮，踏上了挑战富流油的冒险之旅……人物角色：赛财神，科技天才,花不丸，国际马王,包太多，时尚教主,姚钱叔，金融巨鳄,车婷满，全球巨星,房成片，地产之王,金满贯，能源大亨"
仙乂,http://www.vshang66.com/uploads/allimg/210622/1_06222213052633.png,故事：故事很饱满，每个人的故事都非常精彩，本子虽然挺厚的但是文笔很好，...,邢二狗,5人本,古风/欢乐/仙侠/情感,"每个热血的少年曾经都有一个仙侠梦，背着一把大剑，浪迹天涯，笑看江山如画，醉卧美人膝。——《仙乂》,剧本简介：这是一段爱恨情仇的往事。这是一场血雨腥风的传说。贵为仙家，也逃脱不了宿命，如同黑白棋子，任人摆布。幕后黑手又在何处？到底又有何企图？但无论如何，这已是仙界最后的机会。仙界的生死存亡，便掌握在你们的手中。这是一段爱恨情仇的往事。这是一场血雨腥风的传说。"
边城幽影,http://www.vshang66.com/uploads/allimg/210616/1_061623243425C.jpg,关北县，位于大明王朝与鞑靼交界之处。朔日之间，鞑靼铁骑南下。 边关吃紧...,谜鹿文化,6人本,古风/欢乐/阵营/本格,关北县，位于大明王朝与鞑靼交界之处。朔日之间，鞑靼铁骑南下。边关吃紧，关北这一无名之镇一跃成为军事重镇，陷入水深火热之中……边城之中，幽影重重，乱局之下，神秘美颜的少女商人、投机耍滑的粮食大户、神秘莫测的客栈老板、柔情似水的深闺妇人、技艺精湛的知名木匠、断案如神的青天大老爷，又缘何齐聚悦来老店?“咚！咚！咚”一场好戏就此开锣……人物介绍：【李慕君】女。外柔内刚，举止优雅的大家闺秀。【关絮儿】女。神秘美艳，独行孤傲的少女商人。【江易武】男。沉默寡言，饱经风霜的客栈老板。【郭三爷】男。做事霸道，横行无忌的本地豪强。【宋包】男。其貌不扬，老实本分的中年木匠。
花市灯如昼,http://www.vshang66.com/uploads/allimg/210616/1_061623230O000.jpg,我朝皇帝萧霁华得襄王相助，年少继位，如今已十年有余。后位却一直空悬，朝...,木野狐原创,6人本,古风/欢乐/机制,"类型：古风/欢乐/机制,剧本简介：我朝皇帝萧霁华得襄王相助，年少继位，如今已十年有余。后位却一直空悬，朝臣多次劝谏，请皇帝立后，延续皇室香火，皇帝均不为所动。朝中都在传言，皇帝定是在等那人。襄王在朝中的地位如日中天，但近年来，他似乎不在醉心于朝堂之争，反而四处求仙问道。朝中都在传言，襄王定是在寻那人。今日上元节，皇帝登朱雀阁为众生抛洒着代表吉祥如意的吉祥币。相传谁能够得到更多的吉祥币便能永葆吉祥，万事顺遂。"
洗浴之王,http://www.vshang66.com/uploads/allimg/210616/1-210616231I50-L.jpg,2001年1月的兴业县刚刚下过雪，百年澡堂大喜澡堂也迎来了自己最后的时光，这...,千羽cium,7人本,现代/欢乐/机制/还原,"2001年1月的兴业县刚刚下过雪，百年澡堂大喜澡堂也迎来了自己最后的时光，这大喜虽然不敢说是兴业县最早的澡堂子，但要说是最后的澡堂子之一，应该是没啥毛病。如今的时代，洗浴中心并不罕见，那逍遥洗浴中心便矗立在与大喜澡堂一街之隔的地方，在大喜澡堂贴出关停告示后，这逍遥洗浴的老板便迫不及待的上门洽谈收购事宜，有人高兴，有人惋惜。而有些人一旦搓过就不在。人物角色：杨高尚,大喜澡堂的老板，男性，50岁，168左右，身材偏瘦，常对人保持微笑，和蔼可亲。钱白鸽,大喜澡堂的清洁工，女性，45岁，160左右，齐耳短发，身材瘦小，对澡堂了如指掌。吴三农,大喜澡堂的男宾部搓澡工，男性，47岁，175左右，有一身啤酒肚，还有秃顶。是当年三毛棉纺厂下岗职工之一。"
祖传秘方,http://www.vshang66.com/uploads/allimg/210607/1_060GK20614R.jpg,"随着科技和经济发展,人们对生活质量的要求越来越高,特别是对身体健康的要求...",Arol,6人本,现代/欢乐/机制/本格/还原,"剧本亮点：1,不吃dm不吃玩家,普适性强,2,剧本灵活度高,3,保姆手册全程护航,4,道具多,趣味性强,5,全新剧本机制,6,翻台高,3到4小时随意掌控,7,阅读体验好,互动性强,剧本简介：随着科技和经济发展,人们对生活质量的要求越来越高,特别是对身体健康的要求,越来越多的疾病被人们所重视,街边或者电视里,也多了很多类似“祖传秘方”、“古方传承”或者“大师传人”之类的广告。"
对不起我爱你,http://www.vshang66.com/uploads/allimg/210607/1_060GJII525.jpg,"3对男女,不同的感情,不同的时间,其实早就遇见,但是就是开不了口,所以造成刻很...",千语剧本杀,6人本,现代/情感/欢乐/本格,"剧本亮点：可以体验多种情感,剧情比较轻松,不沉闷,剧本简介：3对男女,不同的感情,不同的时间,其实早就遇见,但是就是开不了口,所以造成刻很多误会,这些误会让大家的人生轨迹发生了巨大的变化,回到了原点,遇见了当初的她,你想说一句:对不起,我爱你,你愿意再给我一次机会吗"
一枝红杏,http://www.vshang66.com/uploads/allimg/210606/1_0606224S61F1.jpg,一枝红杏剧本杀随机组合阵营，独特的不同组合不同的组合技，十分的新颖。可...,盛世剧制,8人本,古风/欢乐/阵营,"莫文郡：妖娆动人小眼神那叫一个勾人,慕容婵：落落大方那嘴上功夫那叫一个绝,彩诗诗：小家碧玉一看就是个顽皮的主,上官玉儿：倾国倾城哎哟好想去呵护她,冷凌云：眼神犀利只能看到眼我还能说什么,夏侯彧：面容俊秀非主流还染一撮红毛,萧玠：衣冠得体身上带的东西比娘们还多,永安：温文尔雅我感觉这个是最正常的"
查无此人,http://www.vshang66.com/uploads/allimg/210605/1_06051QT5G30.jpg,《查无此人》把人放到一个以生存为目的的环境下，玩家们会做出怎么样的选择...,全民侦探,6人本,古风/欢乐/阵营/还原,《查无此人》把人放到一个以生存为目的的环境下，玩家们会做出怎么样的选择，在推理下进行人性的抉择，生存的考验。
