﻿Name,Img_url,Info,Writer,Num,Typ,Desc
收获日,http://www.vshang66.com/uploads/allimg/211103/1-211103214I30-L.jpg,在1982年的美国洛娃州，剥削泛滥，正是资本横行野蛮生长的时期。 机遇和风险...,出山工作室,5人本,机制/欢乐/GTA/黑帮,在1982年的美国洛娃州，剥削泛滥，正是资本横行野蛮生长的时期。 机遇和风险同在，金钱与权欲当先。 初涉黑道的新丁、金盆洗手的恶魔，谁能抹掉身上的罪孽，重做选择？ 一颗名为柯伊诺尔的珍贵宝石将所有人卷入了各个黑道组织、犯罪集团间的恩怨纠葛之中。
明日星辰,http://www.vshang66.com/uploads/allimg/211001/1-211001155T20-L.jpg,故事的背景很宏伟，讲述的是未来的故事，但是描写的场景和现代几乎没有区别...,马里旺,5人本,科幻/还原/情感,"那是名为“星辰纪元”的时代了……在地球太空军的带领下，人类科技进入了爆炸式的发展，像航天科技、人工智能、生物技术……还有许多领域都取得了重大突破……可就当人类踌躇满志，想要更进一步的时候，却遭遇了一场意外。它被称为“人类永远的伤痛”，甚至改变了人类社会的进程……你说，被卷入这场意外的那五个少年少女，他们最后怎么样了？人类的结局又怎么样了……？孩子，你问我这些，我也记不太清楚了……只是我没有忘记，不会忘记的是——,那些书声琅琅，那些姹紫嫣红。那些永生难忘的爱与逝去，那些无可奈何的恨和重逢。"
狗子看你不顺眼，猫子也是,http://www.vshang66.com/uploads/allimg/211001/1-211001153Z70-L.jpg,这是一个偏童话风的剧本，虽然大家都是宠物，但也可以和人类交流，可以做一...,凡几剧制,5人本,欢乐/机制/沉浸,"主人不在的时候，家里的宠物们会做些什么呢？“奇奇，直播马上就要开始了，你搁那墨迹啥呢？”,“都怪阿柴，今天的红烧鱼太咸啦！我喝水喝得已经跑了八趟厕所了……”,“我看你是去厕所偷吃了吧！最近赞助商给的零食罐头少了好多！”,“我要举报！是暹女妹妹偷偷拿给大胖橘吃了！”,“大橘就大橘，你加个胖是什么意思！说的好像你不胖一样。”,“别生气！面膜会掉下来！”,“我这不是胖，是strong！”,“好了好了，别吵吵！”,“开始啦！开始啦！家人们，都给我躁起来！呜嗷～呜嗷～”"
时间交响曲·老有所依,http://www.vshang66.com/uploads/allimg/210930/1-2109302051000-L.jpg,剧本最牛逼的还是前期的暗线铺垫，因为你根本就无法猜到结局，2、3幕的暗线...,打个鸡蛋文创,5人本,日式/情感/治愈/城限,"夜幕降临，迷雾笼罩。一场窃窃私语响起……“队长，我们真的要这么做吗？”,“是的，我们选择相信”,“他们这些人好奇怪啊！有的人没有病也要去医院，有的人去教堂祈祷一天！”,“唉……”,“可是我。我只有这些白萝卜了，求求您行行好，等我有钱就给您送过来。”,“那你容我考虑一下吧”,一天， 某【空军基地】五名特种部队成员出使其特务生涯最后一次特别行动。而此次行动任务，竟是一个迷局。一场扑朔迷离的爆破行动，骤然爆发的【阿尔法】病毒，由孔明灯引发的大火，一份交通事故责任书。"
鬼计,http://www.vshang66.com/uploads/allimg/210904/1_0Z4154J1M30.jpg,在很棒的恐怖氛围的熏陶下，玩家不会觉得被吓到没脑子过后没有动力还原整个...,斑马,5人本,5人/现代/恐怖/推理,找出他，杀了他，活下去！这是你们唯一要做的，也是你们唯一能做的。游戏……已经开始！人物简介：【孙昊】男，26岁，有车有房，父母双亡。无固定职业，但也吃穿不愁。目前是这家剧本杀店的股东之一。【叶芒生】男，28岁，家境优渥，风度翩翩。是一名标准意义上的高富帅。出于兴趣，近期时常光顾这家剧本店。【陈希】女，30岁，事业有成，日进斗金。是一名当红的美女作家。也是本店的常客。【关招娣】女，27岁，热衷文字，努力创作。算是半个独立作者。目前主要兼职为这家剧本店撰写剧本。【赵霁人】女，36岁，身材高挑，美妆达人。本职工作是化妆师。同时也是本店的兼职道具师。
犯罪创意馆：基本演绎,http://www.vshang66.com/uploads/allimg/210904/1_0Z41532505602.jpg,真的有种自己穿越进了《神夏》的感觉，像是做了一场梦，却好像这一切又都真...,剧作时代,5人本,欧式/推理/硬核/演绎,故事发生在21世纪的伦敦。在时代新旧交替的同时，涌现了大量的高智商犯罪案件，而这些案件全都指向一个叫做犯罪创意馆的网站。一位自称教授的犯罪顾问发起了大量完美犯罪的手法帖子，引来了大量的讨论和围观。殊不知，一张阴谋已久的大网已经伸向伦敦的每一个街道。而一场汽车密室案的发生则让两位侦探顾问和苏格兰场的警探们嗅到了教授的尾巴。但很快，报复就来了。一场关乎伦敦生死存亡的游戏就此展开。教授以整个伦敦为人质，抛出了“开膛手杰克”的世纪悬案与7位侦探开始了一场名为推理的较量。7位侦探必须要在教授的游戏中随机成为凶手、嫌疑人、侦探。在诸多谜团中找寻真相。时间已经不多了，推理的错误导致的是无辜者的惨死。可教授的目的到底又是什么？世纪悬案的真相到底又是为何？教授到底是谁？
无声,http://www.vshang66.com/uploads/allimg/210824/1_0R4141610E19.jpg,育希高中位于雾都的城边，这里常年大雾，寒冷和迷雾是这个城市的代名词。毗...,饭饭/川川,5人本,现代/恐怖/变格/还原,"剧本亮点：根据真实事件改编，变革还原暗黑恐怖故事，可玩性十足。剧本简介：育希高中位于雾都的城边，这里常年大雾，寒冷和迷雾是这个城市的代名词。毗邻着学校的周围有一个全市知名的车站——如月车站。这个车站知名的原因并不是车站本身，而是关于这个车站的怪谈。相传，车站已经废弃很久，但总有学生能够在夜深人静之时听到火车的轰鸣声，也曾有人表示看到过一列火车从铁轨上“飘”过。当然，这一切究竟是传闻，还是真实呢？最近学校里的关于这个怪谈又有了新的说法：如果你在7月中旬前后鬼门大开的时候，在这条铁轨上卧轨自杀，将会闯入鬼门，或者说你可能会去一个神秘的地方。这个怪谈的变化出自于一个叫诡匠的网络灵异社团，而7月12日，则是这个社团的招魂会，5个怀着不同想法的人聚在一起，似乎在研究着什么新事物……人物介绍：杨凯雯，16岁，育希中学学生，内敛寡言，长相瘦小,徐梦瑶16岁，育希中学学生，乐于助人，长相甜美,雷波，17岁，育希中学学生，大大咧咧，性格外向,林小浪，14岁，育希中学学生，沉默寡言，内向文艺,秦芸，29岁，育希中学校医美艳动人，性格冷淡"
永夜序章,http://www.vshang66.com/uploads/allimg/210823/1-210R3224G20-L.jpg,《永夜序章》这个本子，很好的描写了希望与绝望之间的挣扎还有灾难之下人性...,麒安,5人本,架空/情感/立意/本格,"自从那日天黑之后,这片大地便再也没有了日光,我不知道太阳为何没有升起,我只知道世界陷入了永夜,谁能告诉我是谁带走了太阳,沐浴在阳光底下,又真的能驱散黑暗吗,从此处醒来,周遭的黑暗还是一如既往,只有固定位置的微弱光源"
沉木棺,http://www.vshang66.com/uploads/allimg/210823/1-210R32240400-L.jpg,“各位乘客，欢迎乘坐本次电车，电车全程行驶时间65分钟，因电车现在为拥挤...,十袋相柳,5人本,现代/恐怖/变格/还原,"“各位乘客，欢迎乘坐本次电车，电车全程行驶时间65分钟，因电车现在为拥挤状态，各位切勿随意走动，谢谢。”,你们分明看到，电车上那些人一个个倒在面前，你们被追得无处可循。透过车窗，你们又看到的那个东面林海西面是森林的村庄，听到那村庄里飘荡着幽幽声音：“海底……危险……回看车内，四面八方都是那幽幽的声音：“嘻嘻嘻嘻，我终于找到你们了，我找到你们了，放我进来，快放我进来……""终于想起，那具万年沉木棺里伸出血淋淋的手，是你们牢记的记忆……”,各位乘客，欢迎乘坐本次列车，本次列车已经到达终点站【神墓站】。人物角色：许峰，男，雕刻世家之后，拥有极强的雕刻天赋，醉心于雕刻的艺术家。不疯魔不成活，为了雕刻艺术可以做出任何事。刘子健，男，本是灰色地带的混子，行事果决，极重义气。后来成为保安，被董事长女儿看中一跃而为金龟婿。林子，女，虽是女儿身却认为不比任何男儿差，做事雷厉风行，心狠手辣，是灰色地带的大佬级别的人物。赵雅，女，蝉联历届的校花，身材极好，敢爱敢恨，勇于抗争，对朋友很讲义气。在公司也是首屈一指的金牌模特。"
陌上莺啼清风摇,http://www.vshang66.com/uploads/allimg/210821/1_0R121020Y244.jpg,说书人，说故事。东辰大陆自古便流传着血魔的传说。每隔千年，血魔降世，若...,王多多,5人本,古风/情感/武侠/还原,"剧本简介：说书人，说故事。东辰大陆自古便流传着血魔的传说。每隔千年，血魔降世，若不将其阻止，江湖则会血雨腥风，生灵涂炭。“8月3日，十里小镇，天柳树荫，午时三刻，取你性命，如若不来，8月4日，天魔上下，鸡犬不宁。”今日一封战帖汇集天下武林人士在一个小小的十里镇。客栈内，两位头戴斗笠的妙龄少女，一位风韵犹存的中年美妇，一位面容和善的中年男子， 一位风度翩翩的黑衣青年。几人汇聚一堂，每个人似乎都有道不尽的故事，江湖在这几人手中，风起云涌,人物简介：鬼阡陌，男，风度翩翩的黑衣青年。柳随风，男，兵器店掌柜，面容和善的瘸脚中年男士。孟  戈，女，头戴斗笠的青衣妙龄少女。孟清秋，女，头戴斗笠的黑衣妙龄少女。赵三娘，女，丝绸商人，风韵犹存的中年美妇。"
轻舟已过万重山,http://www.vshang66.com/uploads/allimg/210821/1_0R12053259115.jpg,我是诸葛青云，我身在刀光剑影的江湖，历经了血雨腥风、历经了家国动荡。我...,留离界工作室,5人本,情感/古风/武侠,"剧本简介：我是诸葛青云，我身在刀光剑影的江湖，历经了血雨腥风、历经了家国动荡。我虽身居武林盟主之高位，可号令群雄、可俯瞰众生，但为了得到这些，我终究是付出了惨痛的代价。元保十一年八月，恭朝与胡国皇帝先后薨逝，两国新帝登基后，恭朝率先领兵进攻胡国，大战半年有余。两国交战，使得生灵涂炭、民不聊生。胡国节节败退，最终奉上三座池城与恭朝和谈。不幸的是，我的妻子也在这场祸乱中死去。战乱结束后第二年开春，恭朝新帝改年号为圣宁，大赦天下。举国欢庆之时，只有我迷茫地看着这个疮痍的世界，不知如何前行。机缘巧合之下，我收养了七名孤儿，他们都被这个浮沉的世道所遗弃，我望着还在襁褓中的他们，突然下定决心，归隐山林。人物介绍：巫溪灵,诸葛屠林,诸葛念南"
溱洧,http://www.vshang66.com/uploads/allimg/210820/1_0R016131D216.jpg,这个本简直神本，从开头到结尾丝滑串联，盘凶让人意想不到。摒弃固有线索分...,均泽国风工作室,5人本,古风/架空/硬核/还原,对于璃国和郁国的老人们来说，印象最深刻的应该就是二十五年前的那场“溱洧之战”了，那个时候还没有璃国和郁国之说，整个天下都是唐齐的天下。唐齐的老皇帝因为荒淫无度惹了众怒，眼看着唐齐民不聊生，六个身怀技的少年揭竿而起，百姓纷纷应和，青壮年自发入伍，队伍长驱直入拿下唐齐都城，取下老皇帝首级。这六位少年被百姓们称之为唐齐六君，分别是陌幽君晏时谨，凌沧君李雨杰，郁夙君潘钰婕，玄瑶君张启颖，倾岚君楚景慕，以及璃天君连均泽。原本以为天下就这样定了，百姓们将六君中的璃天君推崇上了皇位，治理唐齐。璃天为皇，郁夙为后，天下太平。可是不知为何，他们六人中却出现了嫌隙，璃天郁夙对峙凌霄山，两方拥护者山下对战，比当初推翻唐齐的时候战况更为惨烈。战争持续了一天一夜，双方死伤惨重。第二天日出之时，凌霄山突然从中间裂开，一条裂缝迅速在所有人的脚下蔓延，在震耳欲聋的声响中，生生将璃天郁夙两方以崖断开，大量海水涌入成了看不到边际的通天大河，只有凌霄山的山顶还相连在一起。从此，北方以璃天为皇，是为璃国，南方以郁夙为女帝，是为郁国，唐齐六君自此分崩离析。璃国称河为溱河，溱河由西向东，郁国称河为洧河，渭河由东向西，而凌霄山底是一个巨大的漩涡，从此溱洧两分，再不相见。人物简介：晏云儿
减肥,http://www.vshang66.com/uploads/allimg/210820/1_0R016055V951.jpg,在这个颜值即正义的时代，身材就像—张硬通货一样，舔狗满天飞，没人在意内...,三流作家,5人本,微恐/还原/本格/黑幽默,"故事背景∶,在这个颜值即正义的时代，身材就像—张硬通货一样，舔狗满天飞，没人在意内在，更没人在意你的经历、学识、文化。 丑陋即犯罪。剧本聚焦于一群演艺学校的学生，他们渴望成为演员，渴望实现梦想，但演技和才华并不是成名的敲门砖，好的身材和漂亮的脸蛋才是关键。剧本时间跨越数年，描写了几名演艺学校的老师和学生在理想和现实之间的挣扎，看世间婆娑，红尘颠倒，蓦然回首时，却发现来时的路早已坑坑洼洼，再也没有回头的机会。剧本测评：题材吸睛,《减肥》受众面非常广，题材非常吸引眼球。“减肥”当属现代最热话题之一，在这个颜值即正义的时代，身材就像一张硬通货一样。“学得好不如长得好”“长得好看的才叫吃货，长得丑的那叫饭桶。”各种“颜值正义”的段子横冲直撞，爱美之心，人皆有之。但是美并不是一切，并不能主宰一切。脑洞大开,《减肥》盘凶一贯的不走寻常路，盘凶方法超有创意（这里就不剧透了）。就算之前看过漫画也不影响游戏体验，盘线索盘到飞起。不得不说这是一个非常商业的商业本，体量适中。大部分玩家会很喜欢玩，店家会非常好开，不吃DM。"
云天纪II·鬼衣,http://www.vshang66.com/uploads/allimg/210820/1_0R01556005946.png,《云天纪II·鬼衣》，是紧接《云天纪·刺天》之后的故事，它不仅延续了《云天...,老崔,5人本,古风/硬核/恐怖/演绎,云海历四十二年，自“刺天计划”事发后，天华举国震怒，集结百万雄兵，意欲踏平云海，然而云海只派一人一马，便解亡国之危，然而这一切只是混乱的开始。尸山，血海、漫天的阴魂。厉鬼，白影，滔天的怨气。杀戮、残暴，无尽的贪婪。一株血红的妖艳之花，在人无尽的贪婪之下，慢慢地成长。食人的厉鬼，一手握着生死，一手握着疯狂。黑色的双眸，凝视着你的身体，拨弄着你的内心。诡异的山庄，活人不可进，死人不能出。人物角色：正一道长
安乐,http://www.vshang66.com/uploads/allimg/210818/1_0QR00402cE.jpg,不是所有感情都能用眼泪描述，更多时候的情感往往只有一个眼神、一句话、一...,妮妮/小黄,5人本,现代/情感/治愈/本格,"不是所有感情都能用眼泪描述，更多时候的情感往往只有一个眼神、一句话、一种释怀和宽慰。这是一个治愈本，希望回到现实的你能够拥有更多的美好和圆满的结局。祝好。人物角色：大壮：男（猫猫）,小葵：女（猫猫）,胡椒：男（狗狗）,啊呜：男（狗狗）,奥利：男（狗狗）,剧本短评：1.豆豆"
雾隐,http://www.vshang66.com/uploads/allimg/210803/1_0P323052BG6.jpg,雾之町，一处藏在群山之中的小镇，或许是因为三面环海的原因，小镇常年笼罩...,熊山君,5人本,日式/恐怖/还原,"剧本简介：雾之町，一处藏在群山之中的小镇，或许是因为三面环海的原因，小镇常年笼罩在浓浓的迷雾之中，不知道从什么时候开始，小镇流传着神隐的传说。据说每年都会有镇上居民走入浓雾中消失，再也没有人见到过他们，有的只是口耳相传下来隐藏在迷雾中的神秘。镇外的荒山上，矗立着一座古旧的神社，神社外的露台上，一位看不见面容身穿巫女服手提白皮纸灯笼的少女看着山下的浓雾喃喃自语：“你来了吗？”,人物介绍：【千岛野】女，21岁。镇上不良少女。【小岛西奈】女，24岁。镇上高中老师。【藤原荣一郎】男，22岁。米花大学学生。【野原淳太】男，23岁。镇上不良少年。【山本一夫】男，28岁。镇上高中老师。"
源溯,http://www.vshang66.com/uploads/allimg/210803/1_0P323014A4Q.jpg,来到这款游戏里的人，需要定期去到指定的空间完成探查真相的任务，每个任务...,莫道梦魂遥,5人本,还原/进阶/演绎,剧本简介：来到这款游戏里的人，需要定期去到指定的空间完成探查真相的任务，每个任务中都会有危险存在。在游戏中死亡将会被抹除数据，也就是在现实中也会死亡，如果能成功完成99次任务，就可以脱离这个游戏。通关方式有两种，第一种，调查出事情的真相，自动完成任务；第二种，全局游戏只剩下一个玩家，自动完成任务。这是你们最后一次任务。想回到现实吗？想脱离这种死亡无时无刻伴随着你的生活吗？完成这次任务，你将得到，神的宽恕。人物介绍：【凌梦】女。白领。【肖韩琪】女。健身房老板。
诡海:无尽航行,http://www.vshang66.com/uploads/allimg/210802/1_0P2163319B44.jpg,"破冰机制新颖亮眼,迅速代入,中间剧情环环相扣,一气呵成,最后立意澎湃热烈,念...",寒水,5人本,欧式/架空/机制/立意,"游戏时长：4h,我们是勇者！我们是海盗前进！永不停歇,剧本简介：骇浪滔夭，乌云密布，飞令海域被一片晦暗所笼罩，一艘名为“自由号”的双桅纵帆船正劈开迷雾，缓缓驶来……船上五名船员各怀鬼胎，暗自筹划着不可见人的目的。终于，一场谋杀吹响了分崩离析的号角，所有汹涌暗流就此浮出水面,不为人知的惊世宝物，唾手可得的权力名望…当一切近在眼前，突然，又发生了意外,黑暗中仿佛有人出现在面前,还记得我们的约定吗？”,耳边又仿佛响起歌声,我们，践踏规则"
什么是快乐星球,http://www.vshang66.com/uploads/allimg/210802/1_0P216302X0E.jpg,"暑期必备翻台救急本,立意机制不俗套,前期欢乐无门槛代入,后面现实,到底什么...",动物园剧本,5人本,现代/机制/立意/本格,"游戏时长：3-4h,剧本简介：现在世界物欲横流，快乐似乎已经变成了可有可无的东西，传说有一个“快乐星球""在那里可以用快乐获取快乐币，用来换得名声、财富、权力等等,你想要的东西。那里就像理想中的乌托邦，每天大家只需要无忧无虑的玩着各种各样的游戏，越快乐的人越富有,一列奔驰的穴车是去往快乐星球的唯一途径，到底什么是快乐星球，现在就让我们去一起研究……人物介绍：老好人(女)温柔的好脾气女孩,糊涂虫(女)经常忘事的小迷潮,书呆子(男)戴着厚厚眼镜的学霸,孩子王(男)性格直率的大块头"
逆河,http://www.vshang66.com/uploads/allimg/210802/1_0P2162PO959.jpg,你会因为一件什么事而爱上一个人呢？是她的回眸一笑？还是他的温文尔雅？也...,归一工作室,5人本,5人/沉浸/还原/推凶,"第三次，,是这个世界上最后一个记得你的人把你忘记，于是，你真正地死去。整个宇宙都将不再和你有关……冰川融化后，流水会证明它的存在；,花朵凋谢后，果实会证明它的存在；,但当你被遗忘时，世间万物无一能证明你曾经来过。人物介绍：夏诗莺，女，眼神明亮的女人,许妍兮，女，眼神坚定的女人,姚思菱，女，眼神忧郁的女人"
酒转乾坤,http://www.vshang66.com/uploads/allimg/210730/1_0I021400YX3.jpg,每一个城市的角落都有每一个城市的故事，故事发生在镇州，一间热闹的酒吧熙...,苗苗,5人本,现代/情感/欢乐/本格,"游戏时长：3-3.5h,剧本亮点：最棒的情感社交酒本，原配5人剧本，多加了喝酒位剧本，最高可以8人一起开。剧情反转，前期节奏欢快，后期情感沉浸。在酒意三分醉的时候，谁还没有一段需要感慨的往事呢……剧本简介：每一个城市的角落都有每一个城市的故事，故事发生在镇州，一间热闹的酒吧熙熙往往的人群，看似繁华的街道。来了，闹了，累了，又好了，还走吗？到底发生怎么样的故事，谁又在为对方承担什么？…三世烟火，一世迷糊。成年人总喜欢用酒精麻痹自己，因为相爱，所以得承受。因为坦白，所以从一而终。酒精微微上头，你们好像看到了另一种人生。"
巴别塔的黄昏,http://www.vshang66.com/uploads/allimg/210730/1-210I0212Z10-L.jpg,从立意角度上看，这部作品中，饥饿艺人显然有自己想要表达和传递的东西，相...,饥饿艺人,5人本,现代/硬核/机制/还原,"2099年12月31日，五个性格不同、背景各异的人被邀请到一座魔幻的建筑——巴别塔。他们刚一到达，就被这座光怪陆离、神秘莫测的建筑惊呆了。更让他们惊讶的是，到达建筑顶层后，电梯消失在他们身后。等待他们的，是夙愿得偿，还是自身难保？是命运的奖赏，还是最终的审判……怪异的人生，奇特的谶语，是命运的捉弄，还是执念的作祟。十二面相的企业高管，一成不变吃着鸡腿的和尚，他们是谁的仇敌，又是谁的恩人，是良师还是魔鬼。为何今日将你们聚于此处，又为何他们先后惨遭杀害，黄昏下的巴别塔等你来解开谜底。人物角色：伊然，女，目光忧郁的年轻女人,谭卉，女，目光坚定的中年女人,迟露，女，目光含蓄的年轻女人,高满，男，目光轻蔑的瘦弱男人,陈伦，男，目光凶恶的强壮男人,剧本短评：1.嘉肆"
一米光年,http://www.vshang66.com/uploads/allimg/210730/1-210I02124480-L.jpg,宏大诡谲的世界观，虐心的情感故事，既有星辰大海，也有绵绵情丝。 科幻、...,口袋发行,5人本,科幻/情感/还原/立意,海蓝星是耀阳系第三星球，当代文明以五陆为域，划东西南北中，割据五洲政权，共和而制，相对和平。五洲政权以启航岛为核心，成立“五洲联盟”，谋求共同发展。而在星球之外，也有不受联盟管辖，规模庞大的星际组织。人们因不同的理想汇集在一起，开发故土，或远征星海，为人类的未来进行着各自的奋斗。这是一个辉煌灿烂的文明，是一个繁华浪漫的时代。天宫联合研究院坐落于启航岛上，是全球最高科研机构。数百年来，引领着科技发展和文明进步的方向，是人们心中的圣地。每五年，天宫联合研究院会对外召开“天宫博览会”，发布最新的科技民生产品。人们会聚集到启航岛上，共襄盛举。2195年，第二十九届“天宫博览会”如期召开。据悉，天宫联合研究院将对外公布“人类意识数据化”和“仿生AI人造人”的最新研究成果。风云激荡的时代即将来临。人物介绍：
诡异怪谈：状元红,http://www.vshang66.com/uploads/allimg/210727/1_0HGJ0544638.jpg,清朝年间，江河县乃盛极一时的状元村，曾经出过好几任状元，榜眼探花常有之...,悟空,5人本,民国/恐怖/机制/变格,"江河县位于巴蜀腹地，是禾川市的附属县城，以风光秀丽闻名于世，不过让这个小小县城出名的不仅仅只是这迤逦的青山秀水，说起这里的教育事业，更是人们津津乐道的话题。清朝年间，江河县乃盛极一时的状元村，曾经出过好几任状元，榜眼探花常有之。都说巴蜀的秀才有一半出自江河，只是到了晚清，这些穷酸秀才受到了极大的打压，生有鸿鹄志，死如蝼蚁哀。一百多年过去了，县政府以教育业为品牌，重做城镇文化，江河一中更是时下国内数一数二的名牌高中，进得了这学校，说明半只脚已经踏入了世界名校。学校也秉承诲人不倦的作风，除了吸纳品学兼优的学子，那些冥顽不灵的纨绔子弟，调皮捣蛋的小混混，送进学校后，都能顺利毕业走进世界一流学府。这让国内富商趋之若鹜，纷纷将资本引流，投入江河县的建设，为的就是帮他们那不争气的后代谋一个学校名额。人物角色：金宝，19岁，微胖的纨绔子弟,金研，18岁，时尚的千金小姐,李春澜，18岁，朴素的女学霸,石雨生，18岁，呆萌的理科男,谢小范，40岁左右，胖子地中海环秃,张震，19岁，内向的体育男生"
地狱的第19层,http://www.vshang66.com/uploads/allimg/210727/1_0HGIQ0J14.jpg,六名大学生青春正好，前路繁花似锦，而眼前康庄大道究竟是阳光雨露筑成，还...,探案笔记,5人本,现代/恐怖/变格/还原,"你的幸福人生，是你应得的吗？六名大学生青春正好，前路繁花似锦，而眼前康庄大道究竟是阳光雨露筑成，还是鲜血罪恶铺就？神出鬼没的孩子，没有头绪的噩梦，一座小楼的大门是地狱的入口，层层阶梯通往被掩盖的真相。倒计时即将开始，逃不出地狱的人将接受魔鬼的审判。你，准备好了吗？人物角色：姜晓枫，女,沈双双，女,方佳璇，女,冯子扬，男,王捷，男"
长安亭,http://www.vshang66.com/uploads/allimg/210727/1_0HG6445225W.jpg,是日，大明宫宣政殿中，天子如唔众卿，众臣魏征上书，言及兴教之事，天子默...,逆火工作室,5人本,古风/还原/开放,剧本简介：是日，大明宫宣政殿中，天子如唔众卿，众臣魏征上书，言及兴教之事，天子默然，颌首许之。宫外十里，东市瑞云轩主人新进一株三尺高珊瑚树，枝条匀称，色泽粉红，条干挺秀，光彩夺目，世人皆称奇异。市外十里，来庭楼内，士子狄仁杰，魏元忠并许敬宗等集诗会友，约于后日，同往泽住寺，许愿高中。楼外f里，东城墙上，老兵许氏轻抚弓弦，腰插百炼刀，远眺板障山，见群鸟飞升，白云苍狗。城外十里，长安亭中，三藏法师自天竺回，身后牛车相随，上负万箧经书，小憩于长安亭中，从人不敢扰，任其酣睡，大梦一场……
杀手½,http://www.vshang66.com/uploads/allimg/210724/1-210H42305010-L.jpg,作为一个硬核本这个体量刚刚好，虽然有难度等级可供选择，但主持人在过程中...,百变大侦探,5人本,现代/硬核/欢乐/还原,"江湖百卷书中曾描绘过一个古老而神秘的杀手组织：天影。据传天影在民间已存在数百年，生生不灭，组织里的成员屈指可数，个个都是精英中的精英，拔枪不眨眼，杀人不留痕，任何买命的单子只要酬劳到位，无一例外全部接下，再厉害的警队都拿他们束手无策。不久前，市区郊外一栋三层别墅横空而立，那是收藏家猎星的别墅，他即将向世人展示一件无双至宝，诸多媒体争相采访，都被其拒之门外。高调的猎星自然引起了天影组织的关注，一笔丰厚的悬赏如期而至，天影内部最优秀的杀手们纷纷出动。凌晨时分，猎星的别墅发生大爆炸，熊熊烈火将它吞噬，墙壁砖瓦都湮没在无情的火焰中。本以为易如反掌的任务，却险些失败，所幸的是，我活着回来了。面对高高在上的组织首领，扪心自问，我是个合格的杀手，那么在座的你们呢？可选角色：高个男子，男，杀手不需要伪装,刺猬头男，男，杀手不存在意外,胡茬男子，男，这个杀手不太冷,性感女人，女，没有感情的杀手"
黑星之陨,http://www.vshang66.com/uploads/allimg/210722/1_0H21624104101.jpg,二十多年来，这里的人们一直活在黑星教的阴影之下。传闻中，但凡亵渎黑星之...,羲和工作室,5人本,现代/恐怖/推理/还原,"剧本简介：黑星降世，神罚异端。取汝左手，赐吾神权！——《黑星圣经》,二十多年来，这里的人们一直活在黑星教的阴影之下。传闻中，但凡亵渎黑星之神的人，都会被砍断左手，随后等待他的，将是无休止的痛苦折磨。就在今年，一部名为《黑星之陨》的话剧横空现世，吹响了向黑星教反击的号角,面对如此赤裸裸的挑衅，黑星教会如何应对？七个人，在同一个房间醒来，看着眼前的迷宫，等待他们的又将是什么？人物介绍：老夫人——衣着黑色棉质长袖褂子，看起来六十岁左右的模样,灰白发老太——神色萎靡，看起来六十多岁的模样,中年衬衫男人——精神奕奕，看起来四十岁左右的模样"
深林,http://www.vshang66.com/uploads/allimg/210718/1-210GR310020-L.jpg,剧本是一个阵营机制还原剧本。 玩家视角:此剧本的机制是以打斗为主，并且发...,成都无花果,5人本,欧式/阵营/本格/还原,探索禁忌的人终将一去不复返，据说那些人早已被禁忌所吞噬。又或者说，这些不顾一切向着黑暗进发的人本来就是禁忌的一部分，而他们最终回归到了本属于他们的地方，这一切不过是宿命罢了。五个禁忌的探寻者，在此聚集，向着禁忌的深林最深处前行。或许这是无法改变的宿命，但是总有愚蠢的人想要试一试，所有人都想宿命之外的幻象是否甜蜜，但是他们伸手所触碰到的……只有无边的黑暗。人物介绍：【绷带头】头上缠着绷带的男人。【绷带手】可能是绷带头的亲戚，也是绷带，不过是手上缠着绷带。【礼帽男】戴着西式礼帽，帽檐较长，把脸已经遮住的的男人。【长发男】相比其他人，他的头发略长一些。【歪头男】不知什么原因，他头有点歪，有些神秘。
盲点,http://www.vshang66.com/uploads/allimg/210717/1-210GG603520-L.jpg,苍栾是位于T市郊外一个民风淳朴的县城，就在人们享受着安宁祥和的生活时，...,王鑫,5人本,现代/推理/本格/还原,剧本简介：苍栾是位于T市郊外一个民风淳朴的县城，就在人们享受着安宁祥和的生活时，一起命案的出现彻底打破了这里的平静。离奇的失踪、骇人的童谣、致命的诅咒，一桩桩一件件谜团如同夏日疯长的藤蔓般接踵而至。它们迅速生长、蔓延，形成一张巨大的网，将真相牢牢的挡在背后，守护着那无法触碰的秘密。一阵风轻轻吹过，带来了陌生人的脚步声，那是几位青年男女在为生日庆祝。殊不知，阴影下，一个惊天阴谋正躲在众人的盲点处，悄然酝酿……可选角色：赵春雨：男29岁，偏分，皮肤略黑，身形消瘦，有明显的黑眼图，给人一种睿智干练的感觉。于晓：男29岁，平头，有些许白发，中等身材，脸上皱纹很深，给人一种老成稳重的感觉。彭建国：男29岁，头发微卷，身形健硕，手指修长，戴着黑框眼镜，给人一种温文尔雅的感觉。李文依：女26岁，长发，微胖，戴着红框眼镜，目光锐利，神情冰冷，给人一种不怒自威的感觉。周晶女：27岁，马尼，头发干糙，面色蜡黄，身形干瘪，手上有茧，给人一种饱经风霜的感觉。故事真相：
酉时三刻,http://www.vshang66.com/uploads/allimg/210717/1-210GG545580-L.jpg,上古时期，众神明各司其职，掌管世间万物，使得世界统一和谐：天上有五个神...,西安如约而至,5人本,古风/沉浸/情感/城限,"上古时期，众神明各司其职，掌管世间万物，使得世界统一和谐：天上有五个神殿，其中一个神殿里有一本神秘的古卷记载：五行合并可破风，风水相合五行破……现如今，三个国家战火不断，百姓流离失所，田地荒芜，饿殍遍野，此时的人们，无人再信仰神明，倘若神已无能为力，那便是魔度众生,不知何时起……天空竟出现绚烂的烟花“酉时三刻，烟花为讯，我们不见不散……”,人物介绍：【面色土气穿着麻衣的？】,虽然你已经是另一个人了，但我还是找到你了。【面容清秀的青衣的？】,想不到沧海桑田，我却还记得那承诺。【高贵华丽的蓝衣的？】,日后每每从梦中惊醒，都后悔，早知道……"
七棺,http://www.vshang66.com/uploads/allimg/210715/1_0G51645543V3.png,剧本脉络清晰，体量适中。玩家通读一遍后基本能够把握人物在剧本中的行为和...,老鬼,5人本,现代/恐怖/硬核/立意,"桌面上不停闪烁的邮件，赫然的邮件标题，“奇异独特”的人文风光。叫做“七棺”的真人实景密室。密室对外宣称：“如果你有极度渴望却又无法实现的需求，带上你的诉求，七棺密室能为你实现任何奇迹。”,是真的吗？我说的当然是···真的能实现愿望吗？我拖着绝望的躯体，无时不刻的为点开那封邮件而后悔……人物角色：卢男，青年男子，26岁,我愿付出所有代价换一个真相。陈有容，风韵少妇，30岁,在这世上已没我守护我的窗口。于华杰，眼镜男子，25岁,该来的不一定会来，该走的一定会走。"
局内人,http://www.vshang66.com/uploads/allimg/210712/1_0G221034423H.jpg,"剧本亮点:手法超硬,多起凶案,故事精彩爆满。硬核本的翻台神器,完全不吃dm。...",空白格工作室,5人本,现代/推理/本格/硬核,"字数：1W,剧本简介：一起连环杀人案引发了社会舆论，失踪许久之人突然出现，一切的真相究竟为何？当你以为你所设计的一切无人可知，最终究竟谁是局内之人，谁又是操控这一切的人呢？让我们回归最初最原始的本格推理。来探究这一切的真相吧！"
诡书启示录,http://www.vshang66.com/uploads/allimg/210711/1_0G1130F63501.jpg,《诡书启示录》是一个现代/硬核/机制本，玩过《窥镜》的玩家一定知道，作者...,Godan工作室,5人本,现代/硬核/机制/还原,"作者：尔来&东风起源,故事背景：你有强烈到非实现不可的愿望吗？如果有，你就会来到这里。在这个诡异的世界中，你要应付突发的危险，,要探寻诡谲的真相，要直面人心的无常。善者善道，恶者恶途。但只要活到第七天，或者给“我”想要的答案,——你心之所求，将必能实现。角色介绍："
生日快乐,http://www.vshang66.com/uploads/210707/1-210FH24249405.jpg,今天是有“娱乐圈天花板”之称的影后温瑜的生日，各位作为温瑜的朋友受邀参...,山巫工作室,5人本,架空/硬核/变格/还原,"故事背景：今天是有“娱乐圈天花板”之称的影后温瑜的生日，各位作为温瑜的朋友受邀参加温瑜的生日宴会。等大家来到别墅，却得知温瑜死在布置好的房间里！温瑜的死，好像与在座的各位有关。凋零的鲜花，缺失的心脏，破碎的奖杯……到底谁才是幕后真凶！剧本玩法：代入角色，但是要先搞清楚你是谁;,大胆发言，展示镇密逻辑和高超演技;,抓住细节，别被表象蒙蔽双眼;,善于“坑人”，注意别引火上身坑了自己。可选角色：余八卦：掌握所有强劲秘闻的超强狗子。张漂亮：被称为民国初恋女友的美貌女星。"
販夢師·謎,http://www.vshang66.com/uploads/allimg/210707/1-210FH232080-L.jpg,作者文笔底子可以感觉得到很不错，逻辑缜密，文笔流畅，脑洞更不用说了，能...,艺坛文化,5人本,硬核/新本格/还原/城限,"清明梦意味着在梦境里的人，可以非常清醒地在梦中游玩；,可是一旦深陷在梦境深渊，轻则分不清现实与梦境，重则迷失自我，永远沉睡下去！梦不是逃离现实的工具，而是审视现实的另一种境界。清明梦是真实存在的，说不定就在你身边……人物介绍：【陈依】女，20岁。娇小内向的学好姐姐。【裴岚】女，21岁。干练气质的问梦馆社长。【周全】男，19岁。为人处事并不灵活的大学新生。【李然】男，21岁。喜欢研究学术类书籍的学长。【许白】男，21岁。略微高冷的学生会会长。"
瓶中恶灵,http://www.vshang66.com/uploads/allimg/210704/1_0F4143H13341.jpg,剧本是分幕式的，需要玩家非常仔细，不需要隐藏任何东西，盘就对了~主打硬...,灰烬工作室,5人本,硬核/变格/scp,"在最初与最后的起点,当生者与亡者的相逢,穿过活路与死路的分岔口,前往摧毁与重铸并存的那刻,让崭新的轨迹,续写陈旧的过往,虚幻与现实的间隙之中,沉默的高塔无心地聆听着,漫不经心的虔诚祈祷,告诉我，许愿之人"
神权,http://www.vshang66.com/uploads/allimg/210702/1_0F2224P4X45.jpg,5人本的摇摆位居然也让人捉摸不定。从DM告诉我们这个本中：信仰大于一切的时...,稻荷文化,5人本,欧式/架空/硬核/本格,"游戏时长：4.5-5h,剧本简介：传说在无边无际的大西洋上，隐藏着一个与世隔绝的小岛，根据岛上的文献记载，这座小岛的名字为海廷加半岛，,自古以来是神的领地，岛上的人们都有着自己虔诚的信仰，教皇陛下是他们心目中神选之人，领导着他们祭拜无上的神。然而，外来的异教徒打破了这里宁静的生活，他们疯狂的冲上海廷加半岛，当地的居民哪里经历过这样的杀戮场面，只得向骁勇善战的异教徒低头，异教徒的领袖将为首的教皇绑缚在高台之上，《海廷加教皇录》记载了一段当时的对话。“你是什么人？”,“我与你毫无差别。”,“你可知我们是神的子民？”,“谁又不是神的子民？”,“既然各有信仰，不怕引发神的怒火吗？”"
旦夕之命,http://www.vshang66.com/uploads/allimg/210630/1_063010591J9B.jpg,丰富的剧情+阵型+打斗+异常丰满的组织者手册，长达23条细节性开本流程（不建...,雪人剧制,5人本,烧脑/推理/惊悚/还原,"剧本时长：4小时,剧本简介：作为《拼命》的第二部，《旦夕之命》延续了《拼命》的世界观，讲述了自成一体的故事，同时加入微恐元素。五个看似毫无关系的人，在凌乱的珠丝马迹中，破解迷团逃脱困境，在无尽的探索与寻找中，作出人生的抉择。本故事依旧主打""车门焊死，拼命盘秃头”的原则，带给玩家极致的推理体验！人物简介：艾阳男 26岁 遗忘，是苦难的毒药,屠松男 38岁 杂念，是残生的苦果,陈格男 43岁 寻找，生命的苦修,阮师师女 24岁 凌乱，是错误的开端"
Meta别墅,http://www.vshang66.com/uploads/allimg/210630/1_0630104Z02C1.jpg,但当玩上剧本的这一刻，就被深深的吸引了，故事仿佛笼罩在一层迷雾之中，若...,张大嘴,5人本,现代/烧脑/硬核/还原,"故事背景：T市西郊，有一高档别墅小区，名曰：Meta别墅。小区内树木成荫绿水环胞，每幢建筑皆占地广阔上下数层犹如城堡。小区所居业主亦非富即贵，近年来国内颇为知名的青年推理小说作家纪德便居住于此。今天纪德的别墅里，来了几位客人。人物介绍：马原： 30岁 身材高壮，气质随和,苏飞： 28岁 身材长相普通，眼光锐利,何思笙： 26岁 年轻漂亮，落落大方,何念笙： 26岁 不施粉黛，知性干练"
地狱幽兰,http://www.vshang66.com/uploads/allimg/210628/1_062Q53U01H7.png,女性角色多的剧本故事一定很精彩！游戏过程中可能会出现各种撕，将塑料姐妹...,笑影,5人本,欢乐/撕逼,女性角色多的剧本故事一定很精彩！游戏过程中可能会出现各种撕，将塑料姐妹和人性丑恶表现的淋漓尽致，建议熟人一起玩会比较有趣。该作的推理方面较严谨，期间的小机制比较欢乐，某些线索会让玩家背后一凉，细节把控的很好。游戏整体氛围较轻松，人物之间的关系错综复杂，分幕式的剧情会在组织者的推动下增强代入感。
死囚,http://www.vshang66.com/uploads/allimg/210627/1_062G5324A500.jpg,2020年11月4日，N市着名企业家、乔尔思企业创始人，欧阳华晨的两名亲信保镖，...,好好吃饭,5人本,现代/欢乐/阵营/变格,2020年11月4日，N市着名企业家、乔尔思企业创始人，欧阳华晨的两名亲信保镖，在同一天内离奇的先后死亡。为此，乔尔思企业……
天使的战争,http://www.vshang66.com/uploads/allimg/210627/1_062G52434cB.png,平均看下来，天使的战争的体量比较小，3小时左右足以，一旦把故事脉络盘清...,春小树,5人本,情感/还原/校园,"剧本简介：十几年前的一起家庭惨案，像迷雾一般笼罩着拉斐尔大学。夜幕下，每个人的思绪如烟花般绚烂，就在一瞬间，一切归于乎静。尘，奈何归尘,土，何堪归土,脐带的两端，一端是医疗垃圾，一端，却能拥有人生。人物介绍：刘淼，男,曹坤，女,萧雅，女,付义得，男"
人类成长计划,http://www.vshang66.com/uploads/allimg/210626/1_06261K934XB.jpg,一句话介绍：玩这个本会让你产生一种掌控人类未来走向的复杂情感，最强科学...,MasterKey,5人本,科技/未来/辩论/哲学,"剧本介绍：5人城市限定剧本科技本格推理第一幕有精彩刺激的辩论环节，适合话多戏好的睿智型玩家与好评盒装剧本《死岛》剧情相连，制造更多彩蛋与惊喜赠送小道具计时铃和尊贵白手套，有开场宣传视频和作者原声复盘音频，纯手绘风格报纸与线索,剧本亮点：故事体量大，情节丰富，人物有深度，独特辩论环节氛围拉满，代入感强，复盘反转,剧情简介：人类文明如同宇宙烟花，炸开后陷入漫长的黑暗。2213年，人类科技发展到顶峰，仿生人解放了人们劳动的双手，可人类的新生儿出生率却在不断下滑，人类社会面临着生产力巨大的断层。2月13日，一个名为“人类成长计划”的草案浮出水面。未来人类向何处去掌握在五名科学家的手中。一场暗流涌动的辩论，等待你投出那庄严的一票。人物介绍："
遗愿,http://www.vshang66.com/uploads/allimg/210625/1-2106252344110-L.jpg,X市以南约50千米，有一荒废的村子，名叫彼岸村，村中生长一种叫彼岸的花，村...,夜谈剧本工作室,5人本,现代/本格/还原/情感,"X市以南约50千米，有一荒废的村子，名叫彼岸村，村中生长一种叫彼岸的花，村因此而得名， 在村口，彼岸花丛中，不知何人立了一个石碑，碑上刻着几个陌生的名字。碑身苍凉，又是记录着谁人的遗愿。2021年植树节，原本平静的医学院，接连发生许多诡异的事情，看似一些不相干的人，冥冥中 却成了提线木偶，任人摆布，当真相揭开的那一刻，似有灵魂在哭泣。人物介绍：【林花】,古灵精怪的护理系学生。【叶晴】,长发飘飘的大学美女老师。【刘隐】,盛气凌人的富家公子。"
夜华鬼棺,http://www.vshang66.com/uploads/allimg/210624/1_062415363SI8.png,夜华鬼棺应该算是一个推理性偏强的恐怖本，这个剧本的呈现效果主要在于DM控...,含笑半步癫,5人本,恐怖/古装/鬼神,剧本简介：在这样一个日出而作日落而息的村子里，有着一些奇怪的风俗：村民不敬神不敬鬼、不拜天不拜地、道观也不拜天尊不拜道祖，甚至有村民因不遵守这奇怪的风俗而死，死状惨烈！近来村子里陆陆续续发生了一些奇怪的事情让村里的村民惶惶不安。你们作为村子未来的希望将何去何从……人物介绍：段继盛：男，20岁。段府少爷，无所事事，花天酒地。王云鹤：男，20岁。王保里的儿子，负责村里的保卫工作。明月：女，20岁。道观魂中子弟子，观中道童，负责接待香客。林人青：女，20岁。来凤阳村寻亲的男子，整日里鬼鬼祟祟。
仙乂,http://www.vshang66.com/uploads/allimg/210622/1_06222213052633.png,故事：故事很饱满，每个人的故事都非常精彩，本子虽然挺厚的但是文笔很好，...,邢二狗,5人本,古风/欢乐/仙侠/情感,"每个热血的少年曾经都有一个仙侠梦，背着一把大剑，浪迹天涯，笑看江山如画，醉卧美人膝。——《仙乂》,剧本简介：这是一段爱恨情仇的往事。这是一场血雨腥风的传说。贵为仙家，也逃脱不了宿命，如同黑白棋子，任人摆布。幕后黑手又在何处？到底又有何企图？但无论如何，这已是仙界最后的机会。仙界的生死存亡，便掌握在你们的手中。这是一段爱恨情仇的往事。这是一场血雨腥风的传说。"
卿若星移,http://www.vshang66.com/uploads/allimg/210622/1_0622221040Z01.jpg,宋朝年间，朝廷腐败，内忧外患，百姓苦不堪言，各路牛鬼蛇神、妖魔鬼怪纷纷...,华夏@阿善,5人本,古风/变格/情感,"剧本亮点：大故事背景，沉浸，反转，还原,剧本简介：宋朝年间，朝廷腐败，内忧外患，百姓苦不堪言，各路牛鬼蛇神、妖魔鬼怪纷纷在乱世中求生存。忠肝义胆的燕大侠以斩妖除魔为己任拜在青城山学习道术，途径德明镇，看到德明镇上空弥漫着怨气、冤气和妖气，自己手中的降妖剑迫不及待指引着方向，却看到一个亭亭玉立的女子站在树下浇灌着小树，她是人？是妖？还是魔？ 听到她吟诗：凡尘知己扬清莲,炳芒四溢炫娇颜,待梦登科平地起,不忘初心不负卿,是谁的初心？是谁的轮回？是谁的重生？是孽缘？是因果？是累世？是——卿若星移"
如是我闻,http://www.vshang66.com/uploads/allimg/210617/1_061H3012SV4.jpg,这个本最大的亮点并不是手法多难盘，诡计多惊艳，而是在不动声色的情况下，...,天津剧盟,5人本,现代/硬核/烧脑,这个本最大的亮点并不是手法多难盘，诡计多惊艳，而是在不动声色的情况下，作者考验你的阅读理解水平和归纳汇总能力。
余愿,http://www.vshang66.com/uploads/allimg/210617/1_061H2545W2E.jpg,兰因絮果，是如懿对弘历说的最后一句话。 你一定听说过，东晋时期宰相谢安...,空然新语,5人本,情感/还原/民国,"“如果能用余下的生命，去换一个愿望，你愿意吗？”,角色简介：姚文茵，女，38岁。体贴温柔，样貌标致，仁济医院的护士。孟一一，女，41岁。面容姣好，优雅干练，北平督军之女。余归，男，20岁。性格内敛，有些书卷气，江河铁路厂的工人。姜南，男，20岁。衣着光鲜，纨绔子弟，姜家的少爷。"
大唐风华录1诡夜长安,http://www.vshang66.com/uploads/allimg/210608/1-21060Q536150-L.jpg,唐朝，长安，有着繁华盛世的气概，有着举世瞩目的风采，但繁华的背后依旧是...,猫叔,5人本,古风/武侠/推理/本格,"剧本亮点：大唐背景 推理还原 案件离奇 大唐三部曲之一,剧本简介：唐朝，长安，有着繁华盛世的气概，有着举世瞩目的风采，但繁华的背后依旧是风云诡谲的阴霾。十余年前，一个神秘组织悄然成立，他们行事隐秘，谍报网密布。公元676年，狄仁杰调任大理寺，开始追查他们的踪迹，意外发现朝堂高官周尚书与其有着千丝万缕的关系。狄仁杰为查明真相，派大理寺密探潜入尚书府，不知是巧合还是早有预谋，一桩离奇命案即将上演。密室中的尸体竟变成了另一个人！你所看到的就是真相吗？每个人的背后究竟隐藏着怎样的秘密……人物介绍：赵长风：男性，28岁，尚书府厨师，厨艺精湛，为人沉默寡言不善言辞。李剑英：男性，42岁，尚书府护院教头，武艺高强，为人豪爽。李老板：男性，42岁，杂戏团班主，刀法出众，神秘莫测。"
单独环境中熵只增不减,http://www.vshang66.com/uploads/allimg/210608/1_060Q525421148.jpg,故事发生在现代的美国旧金山。莱利斯.维克雷斯在2016年12月6日，邀请了几位朋...,线索CLUB,5人本,现代/新手/还原,"剧本简介：故事发生在现代的美国旧金山。莱利斯.维克雷斯在2016年12月6日，邀请了几位朋友来他的私人山庄做客，有的是他的生意伙伴，有的是他的亲人挚友。但随着一位不速之客的到来，庄园发生了不可思议的事情。随后，莱利斯于家中暴毙。隐藏在山庄中的秘密也将逐渐被解开……人物简介：赫伯特.维克雷斯：庄园管家（男）,尤金.格里芬：生意律师（男）,奥莉芙.贝尔：名媛贵妇（女）,哈罗德.库克：死者好友（男）,伊恩.维克雷斯：死者儿子（男）"
引魂归,http://www.vshang66.com/uploads/allimg/210607/1_060GJ0251F9.jpg,"剧本亮点:恐怖氛围超强,单人任务较多,新手友好本格还原.........",两块君,5人本,现代/恐怖/情感/变格/还原,"游戏时长：3.5-4H,剧本简介：这世上有些事,一旦沾染,它就会跟随你,直到你死去的那一天......一场大火烧死了一个年仅7岁的女孩……七年过去了此案悬而未决....这天你收到了一条私信.....附件中冰冷的语音不停重复着.....“我知道…那天…你做了什么.....人物介绍：苏言"
阴鬼人,http://www.vshang66.com/uploads/allimg/210605/1_06051P62c208.jpg,国道边上的山林中，坐落着一所诡异的小山村名为“百年村”。因地理位置偏僻...,风吟 释然,5人本,恐怖/变格,因地理位置偏僻，村里年轻人离乡背井前往大城市发展，剩下些留守老人和小孩，也不知为何，离开的村民从未向百年村寄回过任何一封书信，宛如人间蒸发。
