﻿Name,Img_url,Info,Writer,Num,Typ,Desc
鬼吹灯牧野诡事之天地宝船,http://www.vshang66.com/uploads/allimg/211103/1-2111032159250-L.jpg,大明永乐三年，三宝太监郑和带领一支空前绝后的庞大船队，搭载着两万余人。...,卡卡工作室,7人本,微恐/机制/城限,大明永乐三年，三宝太监郑和带领一支空前绝后的庞大船队，搭载着两万余人。从南京出发，先后七次，历经印度洋，太平洋，从亚洲直至非洲，先后拜访了三十多个国家。这便是世界航海史上旷古烁今的伟大事件——“郑和下西洋”。世人只知郑和下西洋是为了“宣扬大明威德”，可实际上郑和真正的目的却不为人知。在这支空前庞大的队伍中，有七艘最大的宝船，长四十四丈四尺，宽十八丈，是当时世界上最大的海船。野史记载“可载半城”，里面存放着永乐帝赐予郑和的不计其数的无价之宝。但最终，却有三艘大船不翼而飞，去向无处可考，而郑和本人也在航行中失踪，成为了历史的尘埃。600多年后，在非洲的肯尼亚帕泰岛附近，发现了印着“天官赐福，百无禁忌”的明代瓷器。之后前去附近勘探的考古打捞队也都神秘的一去不返。而郑和传说的秘密却一直隐藏在这茫茫大海之下，有人说，那可载半城的巨轮正在深海之中等待着重见天日的时刻……
食梦记,http://www.vshang66.com/uploads/allimg/211103/1-2111032143020-L.jpg,你从爆炸声中惊醒，身上的衣服被汗水浸透，脑海中乱成一团…… 被溺死的美...,妄想剧场工作室,6人本,硬核/推理/还原/城限,这个世界这个世界，有儒；有道；有佛；有妖；有术士。充斥着尔虞我诈，阴谋阳谋的对抗，棋手间的对弈，棋子间的搏杀。风平浪静，拨云见日，真相究竟如何。故事从大奉说起……人物介绍:【丽娜】女，19岁。吃货属性的异域少女。【浮香】女，20岁。花魁，擅长撩拨男人。【许新年】男，19岁。
凤启长安,http://www.vshang66.com/uploads/allimg/211103/1-2111032119490-L.jpg,又是一年上元灯节，繁华的长安城，灯火辉煌。 人头攒动的大街，此起彼伏着...,知道剧行,6人本,古风/情感/演绎/城限,"游戏时长：3-4h,剧本亮点：商业口碑本3-4小时推理机制带动玩家积极性没有边缘角色超级好玩的机制不费dm-人一车口碑满满的商业价值本,故事背景：2004年的仁州发生了—起震惊韩国的高中女生性侵案名为“密阳联合的暴力组织44名高中生对一名女中学生进行了长达一年的性侵案件曝光后由于其中一名主犯是韩国议会官员的侄子消息被迅速封锁,最后由于官僚势力的介入仅有五人被关进了少管所，其余人被无罪释放。受害人女高中生在首尔精神病院进行治疗多次自杀未遂，后因警察，学校家长保护不力个人相貌和信息均被公开从此故多沦为地狗,人物角色,于雅琳,李沧东,朴正元"
大奉打更人,http://www.vshang66.com/uploads/allimg/211001/1-2110011533590-L.jpg,内容承接的超级完整，剧本也是幽默诙谐还带有悬疑。 就是在原著的基础上，...,谜境档案,7人本,推理/机制/硬核/IP本/城限,"剧本故事：欢迎各位玩家，来到奇异人生游戏公司。如往常一样，大家将进入一款第一人称VR游戏，体验2100年的赛博朋克世界。6位队员，共同审判这世界的一切：秩序、压迫、人工智能、爱、虚伪、自由、战争。抱歉了，因为这回，他们的梦，由你决定…由你承担…但——毕竟只是个游戏而已，对吧？请深呼吸,奇异人生公司邀请您现在进入：游戏时间,角色介绍：苳——心理医生,千喙——演员"
将夜,http://www.vshang66.com/uploads/allimg/210930/1-2109302100150-L.jpg,剧本的一开始是类似于一种dnd跑团性质的机制，欢乐拉满，不吹不黑，破冰效果...,谜境档案,6人本,推理/机制/IP本/城限,剧本亮点:1、机制包含解密，考验脑力与运气。2、双世界观，反转再反转。3、演绎+抉择，快乐中不乏情感。4、城限体量，高速翻台。故事背景:神仙独占天，把妖兽遗弃凡尘。而这蛮荒妖界虽没有封神榜却有五十年一届的寻山大赛。大赛在火岚山摇旗插鼓之时，山巅千年洞，七个妖精已悄然集结。他们是肩负着各族妖洞的命运，或是正寻着自己的命运，终需诸位一探究竟。
狂泉之水,http://www.vshang66.com/uploads/allimg/210930/1-2109302054110-L.jpg,相传从前有一个国家，国内有一汪泉水，名为狂泉。 国里的人喝了这水，没有...,廿九剧创工作室,6人本,未来/推理/硬核/城限,"是止不住的蝉鸣,放不完的飞鸟,还有,那深夜中注视着你的 深绿色眼瞳,呱——,呱——,呱——,你的头上有一只,倒吊蟾,摸摸你的额头"
SEE YOU AGAIN（801）,http://www.vshang66.com/uploads/allimg/210930/1-2109302053020-L.jpg,2022年，六只收到神秘邮件的动物来到了胜利饭店的801包间，大家都因为各种各...,白鲤工作室,6人本,现代/情感/还原/城限,布鲁克林区长竞选人杰拉迪尼先生发表演讲后，主动要求成为“肢解活人”魔法的表演嘉宾，在完成肢解后，全场爆发出雷鸣般地掌声与喝彩声。
时间交响曲·老有所依,http://www.vshang66.com/uploads/allimg/210930/1-2109302051000-L.jpg,剧本最牛逼的还是前期的暗线铺垫，因为你根本就无法猜到结局，2、3幕的暗线...,打个鸡蛋文创,5人本,日式/情感/治愈/城限,"故事简介：1942年降灵节深夜，丹麦哥本哈根郊外的卡拉村，着名财阀卡拉赫伯爵的庄园府邸一瞬间死了六个人……每个人都被挖掉了眼睛和心脏，而这一灭门惨案在1916年的同一府邸也发生过一次，死者的死状几乎一模一样。村民说，当夜附近小教堂上站着一个大天使加百利，手里捧着一颗巨大的奥丁神眼。北欧神话中，奥丁神眼可以预知过去和未来……1969年，一千公顷大的卡拉赫庄园已经变成了当地着名的嘉年华旅游胜地，小教堂也改名叫了加百利教堂。唯有嘉年华府邸深处的伯爵府邸依旧无人敢去，因为那里落满了白色的乌鸦，又被称为可怕的“白鸦公馆”。可是，就在一年一度的降灵节时，那里会突然亮起微弱的灯光，举行一场神秘的仪式……角色简介：自色睡袍的少女,蓝色瞳孔的男人"
洛城有个宽窄巷,http://www.vshang66.com/uploads/allimg/210905/1-210Z51231590-L.jpg,让人怀念的高中岁月，被刻意遗忘的童年记忆，绝望后的别离与重逢，最后真相...,蔷薇薇,7人本,城限/沉浸/微恐/还原,如果你想回到过去的话，你想回到过去的什么时候？一场秘密的揭晓盛宴，一位博士的穿凿附会，一个能让人回到过去契机，7个人聚集在一起。到底这是一场阴谋？抑或是一场救赎。人物介绍:【宋雨桐】女，23岁。一位身穿白色长裙的女孩，清纯淡雅。【林一一】女，25岁。一名身穿制服的服务员，脸上洋溢着热情质朴的微笑。【郭晓晓】女，26岁。一名三线的小明星，身材妖娆，媚眼勾人。
水静八奇,http://www.vshang66.com/uploads/allimg/210904/1-210Z41550300-L.jpg,《水镜八奇》主要是打斗的机制，每个人都有自己的技能，通过阵营的不同来进...,FB剧本发行,8人本,机制/阵营/对抗/城限,"京城一方土财主，死后小妾掌家族,儿女设法夺家产，互撕情面留不住,老大老二窝里反，老三老四为人妇,若问刘府风云事，谁能成为新财主,人物角色：何大宇，男，20岁。聪明好学，仪表不凡。刘颖，女，29岁。刚正不阿，自立自强。刘甜，女，26岁。天赐聪慧，秀外慧中。刘志，男，39岁。放荡不羁，纨绔子弟。刘聪，男，29岁。温文尔雅，待人谦逊。"
举头三尺,http://www.vshang66.com/uploads/allimg/210902/1-210Z2224P40-L.jpg,一个关于村庄，关于过去，关于宗教，关于神明的故事，涉及到好几代人，体量...,醉丝轩,6人本,硬核/现代/还原/城限,剧本简介：当黑夜降临，前路黯淡之时，不要忘了回头看看，也许在你身后，有人为你留下了最后一道光明。不要绝望，也不要悲伤，因为一切都是最好的安排。你爱的人，爱你的人，都将化作盛大的勇气，伴你前行。走出黑暗，天光终将破晓。人物介绍：【直爽利落的短发女】女，28岁。山河集团物流部主管，喜欢将自己伪装成人畜无害的样子。【打扮精致的长发贵妇】女，32岁。山河集团副总裁，手段与心计均属上乘。【面黄肌瘦的斯文男】男，22岁。学生，看起来瘦弱斯文。【小眼睛的高个男】男，30岁。山河集团副总裁，一人之下万人之上。
葬礼上的陌生人,http://www.vshang66.com/uploads/allimg/210902/1-210Z22240020-L.jpg,从略微紧张的氛围中铺开一条路，让你小心翼翼地跟着往前，想要一探究竟，随...,凭栏听雨,6人本,沉浸/温馨/情感/城限,剧本简介：六合之外，有一灵气充沛的世外桃源名为西洲，西洲之中人与妖祟、灵物共存，以实力为尊，一切生灵皆修仙法。百年之前，一位名唤千鹤的男子，以一本可问天道、询鬼神的风雷卷起家创立了千颜门，荡平四方妖祟，被百姓拥立坐上仙君之位。在千颜仙君的带领之下，西洲每年都会举办一次围猎大会，以选出百家后辈之中的佼佼者，千颜仙君在位期间，西洲祥和一片，仙门百花齐放。二十年前，千鹤仙君羽化登仙后不久，千颜门突遭神秘势力袭击，千氏举全族之力也仅护得两位少主逃了出去，之后却是杳无音信。千氏灭门后，在两大仙门洛家和林家的拥护下，千鹤义子云骥便接任了仙君之位，自封踏云仙君，风雷卷自然也落到了云家手中。今日乃一年一度的围猎盛会，踏云仙君竟广发问仙帖，并许诺将拿出风雷卷作为围猎胜者的彩头。风雷卷一出，整个西洲为之震颤……人物介绍：【林星晚】二十五岁。林家独女，沉默内敛，眉淡如烟。
你的江湖，我做主,http://www.vshang66.com/uploads/allimg/210828/1-210RQ61U80-L.jpg,一万个人心中有一万个江湖，这里是你我的江湖，每个人心里的江湖。每个人的...,AOAO原创,7人本,武侠/机制/阵营/城限,"游戏时长：4.5-5h,剧本简介:不息的幼发拉底河，灌溉着美索不达米亚平原孕育了人类最早的文明。只是，自此往后数千年，罪恶也未从在这块土地上缺席。有多少恶贯满盈，嗜血成性的暴君，就有多少仁人志士，替天行道。正如，漫漫黄沙之上，翱翔，盘旋着的苍鹰，为了正义，公平，等待着，等待着出击的那一刻……人物介绍:Lisa:19岁，女，泽国大学生,Haya:19岁，女，谢赫自卫队大队长,埃布尔：26岁，男，谢赫自卫队军官,哈桑：30岁，男，谢赫自卫队军官,阿迪莱：51岁，女，谢赫自卫队队医"
水镜八奇,http://www.vshang66.com/uploads/allimg/210828/1-210RQ61G50-L.jpg,虽说是阵营本，但是，其中也有还原的凶案的地方，不过三个字，不重要，打就...,FB剧本发行,8人本,三国/机制/阵营/城限,"游戏时长：5h,剧本简介：在不远处的青铜巨拄上，一个人冷冷地看着这所有的一切，看着绵延的大海，看着远处喷薄的山火，看着地底冲击而出直到天际的天世孽焰，他的子民在大海中生灵涂炭，他的隋庸在地狱里苦苦求生，他的王国被付之一炬，这都不能让空中的他有半分动作，因为他已经死了，先于他们所有人死在了这地狱来临之前。就在三个日夜之前，他就看见了这一切，他想教他们所有人也想杀他们所有人。而现在，他的尸体在百米的高空上，而所有人标要为他陪莽，在这场灭世的滔天孽焰中，只有他脚下广场中的青铜神树仿佛已经矗立了万年，而他们却被永远地忘在了这群山之中。直到。万年之后……"
民初奇人传之狩猎奇人,http://www.vshang66.com/uploads/allimg/210828/1-210RQ615140-L.jpg,推理也有了，好玩的机制的有了，戏精的扮演欲也满足了，最后还体验了一把狼...,天作智合,8人本,民国/阵营/机制/城限,江允南：二十六岁，富家公子，笑里藏刀。于君彻：二十五岁，富甲一方，长相帅气。周褚尧：二十五岁，肥硕身材，憨厚老实。娄雨沁：三十岁，汉都头牌第美女。江允霞：二十三岁，刁蛮任性，不讲道理。叶昱柠：二十五岁，富甲一方，端庄大气。高姝月：三十五岁，长相秀丽，身材高挑。
我们都将死于29岁,http://www.vshang66.com/uploads/allimg/210828/1-210RQ524470-L.jpg,每条线都真的做到环环相扣，完全开放。而出局的玩家也依然还有另一条线，作...,W-工作室,8人本,情感/机制/惊悚演绎/城限,"茫茫雾气里，浮起一座森严的古堡。那窗户中透出昏黄的光晕，是夜晚的大海上触目可及的光亮。朝着那里前进吧，那光代表的是温暖，是安全，是一枕无梦的安眠。不，不，不！ 那不是温暖，那不是安眠，那是怪物的巨□，拖你沉入最深的梦魇。你不能留在这个地方，你要远远地逃开———往东、往西、往南、往北，你目所及的是雾与海，你脚下所踩的是深渊。这座城堡是一个活着的怪物，你进来了，它就将你吞噬，什么都不留下。冥冥中，你听到那怪物的低笑∶ 尽管逃罢，可命运，永远追在你身后。不过是一场临时更改目的地的旅行，却将一行六人导向一座诡异阴森的古堡。领头人斐耳先生诡异的死亡，更令事情滑向不可挽回的深渊。杀死他的究竟是古堡的恶灵，还是人心中的魔鬼？ 你们来到这座古堡，究竟是临时起意，还是命中早已注定？人物角色：【凯里·无名氏】自称城堡主人本案侦探,【妮娜·格林】斯特林药剂公司研发部门经理,【简】年轻而干练的中国女人号游,【巴克·史密斯】斯特林药剂公司董事长的贴身保镖,【托马斯·奉勒】斯特林药剂公司销售部门经理,【班杰明·琼斯】英国著名牧师"
浮生六记,http://www.vshang66.com/uploads/allimg/210823/1_0R3232J62919.jpg,本案件推理过程并不复杂，但是因为是跑团式搜证，所以需妥玩家积极参与，结...,地上仙,6人本,沉浸情感立意城限,剧本简介：满洲国，是日本扶植的一个傀儡伪政权。因国际社会对伪满政权均不予承认，故被称作“伪满洲国”或“伪满”。故事发生在伪满时期的冰城哈尔滨，日军奴役下的冰城表面上风平浪静，暗地里确实怪事频频。所有的线索都暗指这片土地上的一个神秘信仰——萨满。日本关东军为了探查真相，网罗伪满洲国的奇人异士组成特委会专门负责调查这些怪事。探索奇闻异事的追风候、冥市冥商的奇珍异宝、间谍特工的危机四伏……到底是人性的泯灭，还是宿命的轮回？屠龙的勇士终究化为恶龙，真相前的面纱将由你亲手掀起……人物介绍：神秘人，男，年龄未知，身穿黑色长袍，头戴狰狞面具。黑袍下有着充满力量的身躯暗让人望而生畏。曾语蓉，女，33岁。女中豪杰，蕙质兰心。身着满洲国军装，配少校军衔，干净利落，一看就是巾帼不让须眉的女中豪杰。楚萧，男，31岁。一个身着灰色棉服，背后背着一个长条状神秘包裹的汉子，虽然长相平凡，但总感觉深藏不露。陆冉，女，27岁，目光清纯，甜美可爱，西式大小姐服装，拿着一个女式包。
二十四夜的祷告,http://www.vshang66.com/uploads/allimg/210823/1_0R323042232O.jpg,京都府北部，日本海蔚蓝深邃。距离海岸十余里，有一座海岛，这里曾经是二战...,稻草人工作室,7人本,推理/还原/硬核/城限,"游戏时长：4h,剧本简介：招租啦！招租啦！我们位置极佳，开窗可见野人骑熊猫，尽享原始生态;我们注重养生，距公交站至少20公里，能有效避免罹患高血压;我们品味奢华，采取复古式装修，但凡找出一块好的墙皮就能获赔付幸福小区的住户都需要通过严格筛选，为人正直善良。我们美名远扬，好名昭着，在此特邀诸位自诩“好人”的朋友与我们共同生活！当清晨的第一缕阳光斜落，十里坡键神顶着黑眼圈刚刚入睡，做着一刀99级的美梦;无敌好客负手散步，大骂行人走路顺拐;朝阳大妈煮了早饭，盘算今天也是要喂肥邻居的天;樱桃大丸子已经在看书，哭晕过去就当是睡回笼觉;剩女贞德刚送了丈夫出门，就立即抱怨他还不回家;晨跑的这个小哥不太冷，为了避免与人打招呼匍匐前进。嗯，这可真是个超友爱的小区呢，你确定不搬过来死…啊,呸，试试,人物介绍：无敌好客：以我无敌通天之力，为你端茶递水,这个小哥不太冷：快把空调打开，老子不够冷酷了,十里坡键神：蓬莱仙岛太远，我就在沙发上原地飞仙吧"
回到过去,http://www.vshang66.com/uploads/allimg/210823/1-210R3223R70-L.jpg,如果你想回到过去的话，你想回到过去的什么时候？...,WPS剧本,7人本,现代/情感/还原/城限,"游戏时长：5-9h,剧本简介：这是一个红与黑交错的故事,多年前解散的帮派，死灰复燃,多年前逝去的人物，再觅音讯,是误会、还是阴谋,是阴差阳错，还是另有隐情,警察、侦探、法医、记者重聚于此,到底谁是昔日故人,雨过天晴，谁又能重获新生"
当时我就壹剑戳死了那个小瘪犊子,http://www.vshang66.com/uploads/allimg/210822/1-210R21409540-L.jpg,月圆之夜，华山之巅。 原本名震江湖的“论剑大会”定在今日举行，华山脚下...,狄府剧制,7人本,古风/欢乐/机制/城限,"无法逃离的游戏,命运的赌局已经开启，,而赌注，,是你们的灵魂。可选角色:爱丽丝一美貌的少女,杰克一穿着白色衬衣的青年,彼得潘-面色沉稳的小男孩,尼尔斯一穿黑色马甲的青年,贝尔一尊贵的夫人"
致美好,http://www.vshang66.com/uploads/allimg/210818/1_0QR00234E56.jpg,六位性格、家庭背景迥异的同窗， 在花样的年纪， 被卷入了震惊世界的事件。...,猛萌猛萌工作室,6人本,欢乐/机制/还原/城限,"古云镇杨府杨老爷曾经乃是本朝大将军，所谓一人之下万人之上指的便是他。大将军与六大家族辅佐幼年太子继位成为了当今的皇帝陛下。后来皇帝为了感谢杨老爷还特地让一黄姓奇人制作了一件精美绝伦的嫁衣赐给杨老爷之女，杨老爷收到恩赐后表示每逢佳节必让女儿穿上以此铭记皇恩，数月后杨老爷便交出兵权带着其中两大家族告老还乡回到了古云镇。今天我们的故事便从这古云镇娓娓道来……人物角色：王故，男,斗笠男子，男,宁子德，男,苏欲，男,齐木，男,李琼，女,明月，女"
嘘2：大暗将至,http://www.vshang66.com/uploads/allimg/210807/1_0PH33451M07.jpg,“不要温和地走入那个良夜，要疯狂、疯狂地抗拒光的湮灭。” 当拯救更多的...,独角仙推理,7人本,恐怖/沉浸/逃杀/城限,剧本简介：19世纪以来，英国疯狂的对世界进行殖民扩张，尤其是在维多利亚时代，一度被誉为日不落帝国。随着二战结束，英国往日的辉煌一去不复返，为了重整旗鼓，为了夺回曾经的荣耀，一场一场可怕的研究在地底慢慢展开。一群熟悉又陌生的人聚集于杰士达医疗院的地下停尸间，锈迹斑斑的墙砖，永不停息的滴水声响。通往外界的大门已经被人反锁，在这漆黑无比的小房间内，人们惶恐不安，互相猜忌，而人群中似乎隐藏着一个可怕的恶魔…突如其来的开门声音打破了这份原本就不安的沉寂，两位脑袋裹着麻袋的人被丢进了停尸间，随后，屋外的人以最快的速度将门反锁。接着，一段诡异电音广播传来…人物介绍：埃尼斯特：英国政府神秘科研教授，毕业于斯坦福医学院，病毒微生物博士，是盖比教授的得意门生。西尔维亚：英国政府议会高官，授命于英国女王陛下，他是埃尼斯特的直属上级，智慧老者。黛芙妮护士：杰士达医疗院的女护士，面色苍老却依然风韵犹存，最近一直忙碌与于“黑藓疫”的病患之间。黛维娜：面色沧桑，花甲老妇，坐着西尔维亚的加长林肯轿车而来，身份未知，似乎也是杰士达医疗院的一位护工。伊登病患：杰士达医疗院0411病房的中年病患，和黛芙妮来往密切，似乎有什么不可告人的秘密。黑爵士面具人：？
忌念,http://www.vshang66.com/uploads/allimg/210807/1_0PH32911aZ.png,滴答，滴答，寂静的深夜是谁在靠近……黑沉沉的夜，仿佛无边的浓墨重重地涂...,奇闻当铺工作室,6人本,恐怖/日式/还原/城限,丝路鼎盛年代，大漠无垠，茶马古道千年如旧。传说中的安魂茶，产于东海安魂岛，途径蜀道，北上横跨塔克拉玛干，出玉门关入西域，过楼兰进大食国…安魂岛上最负盛名的茶道世家，当属叶家【肃饮堂】。楼兰女王【蟒】曾在多年前造访【肃饮堂】，与堂主【叶饮】混血染制了一枚【血光杯】。【血光杯】巧夺天工、名震天下。时光荏苒，【蟒】与【叶饮】的故事、【血光杯】的传说早归黄土，【叶饮】也已是年近花甲之人。今日，七名弟子以师父花甲大寿为契，齐聚【肃饮堂】，不料贺寿变吊丧，【叶饮】已于昨夜暴毙而亡…剧本短评:店家准备得比较充分，还原性较高，代入感较强。策略本的特点就是，每个人各自为战，但又需要找到对的队友，通力合作。每一位玩家都需要全身心地投入并且根据局势为了达到自己的目的，去合作，欺骗或者倒戈。玩法不限，代入角色去进行选择和行动，充分融入人物剧情，为达目的，不择手段，不到最后一刻，永远不知道你身边的人和你的选择是不是正确的。
扇下,http://www.vshang66.com/uploads/allimg/210807/1_0PH325019121.jpg,非常不错的古风硬核本，从故事背景到人物的描述，作者做了很细致的描述，分...,繁华工作室,6人本,古风/硬核/还原/城限,"剧本亮点：极致的沉浸体验。《你不知道的事》墨得创意联合山橘推理常州首发！剧本简介：那些发生在，离你很远，却又在你身边的，你不知道的事。这次，我想让你们倾听……人物介绍：杜亮,黄慧,贾晓晨,梁亚洲,郑杨帆,吴然"
古墓疑云之玉起昆仑,http://www.vshang66.com/uploads/allimg/210807/1_0PH3233S223.jpg,下墓过程没有任何bug整个过程很丝滑，每个人有不同的技能，四大盗墓门派也都...,SAPA剧研社,7人本,盗墓/探险/硬核/城限,"剧本亮点：作为一个七人案件，阴阳馆杀人事件将烧脑、推理、本格等字眼诠释得淋漓尽致，在不剧透的情况下…只能说这么多啦，剩余的答案，将交给你们来探索。剧本简介:昭和二十年 九月四日 星期日 东京警视厅,坐在警视厅的办公椅上，川岛摸着自己稀疏的头发，忍不住叹了一声气。由于战败的缘故，东京的治安每况愈下，川岛已经忙活了有一个月了。就在刚才，上司还因为一年前御岳山跑掉的那个通缉犯还未落网的事情向他们这些小警察施压呢。想到这里，川岛拿起了一边的酒壶，趁着四下无人抿了一口。再过几天就是松下久思的小儿，松下达夫的婚礼举行日了。川岛看着面前的邀请函，陷入了深深的回忆之中。说起来已经很久没有见过久思先生了，不如趁着这个机会回御岳山一趟，或许对于通缉犯的事情，自己可能还会有些新的发现。川岛心中这样想到。  然而，此时的川岛却没有料到，远在御岳山的那座阴阳馆，已经化作了吃人的恶魔，等待着众人的到来。"
子弹,http://www.vshang66.com/uploads/allimg/210803/1_0P3230I41503.jpg,曾经那是我心里的理想国， 现在他回来了。 一个动荡的时代，一段激情的岁月...,寒崖,7人本,情感/民国/谍战/城限,剧本简介：今天是2019年9月4日，一群互不相识的人受邀来到浓雾环绕的“筑梦居”，“筑梦居”的主人，彬彬有礼的白山却离奇惨死，这一切到底是恶灵作祟还是有人精心设计的屠杀盛宴？一桩桩匪夷所思的血腥命案，一场场毛骨悚然不停轮回的梦魇，这背后又隐藏怎样的惊天秘密？天黑请闭眼，闭眼后，你还是你吗？魔鬼还是天使？受害者还是施暴者？先别急着哭，下一个也许就是你！人物介绍：李梦远：女，31岁。温婉贤淑，小说家。白月蝶：女，18岁。清纯可爱，大学生。叶渺渺：女，28岁。美艳动人，新晋画家。宋臻蔚：男，29岁。沉默寡言，保险经纪人。孟非实：男，40岁。高大英武，富商，画廊老板。
左边人,http://www.vshang66.com/uploads/allimg/210802/1_0P216252D416.jpg,八年前，一场自杀式炸弹袭击，将如日中天的“长康自然医学集团”的丑恶嘴脸...,谜域文化,6人本,微恐/情感/还原/城限,2018年，鸠山市已经被毒品侵蚀已久，警方部署了大量警力，希望捣毁这深藏多年的贩毒集团。但鸠山市的经济发展似乎没有受到毒品泛滥的影响，各大产业百花齐放。这除了归功于先锋盾科技有限公司的领头作用外，也少不了鸠山大学每年为社会提供的优质人才。这不，就在今日，几个鸠山大学的老同学，相约在了这海边的别墅，举行了同学聚会，一诉多年未见之苦。没想到，在这看似和谐的聚会上，却有人死在了阴暗漆黑的密室中……谁，有不在场证明？谁，有不为人知的目的？谁，又是谁？人物介绍：【顾爱莲】女，23岁。
云端,http://www.vshang66.com/uploads/allimg/210730/1-210I02122520-L.jpg,我在梦境当中，我扮演信天翁，它是地球上最大，最能飞，最忠贞的飞鸟。 永...,西瓜发行工作室,6人本,情感/沉浸/立意/城限,"剧本简介:1918年11月11日,第一次世界大战接近尾声,为了让这场战争彻底画上句号,各国决定在法国巴黎举行和平会议(即巴黎和会)。1919年三月二十七日,当各国外交官抵达法国巴黎之际,一场看不见血腥的战场彻底拉开了序幕,这是一场属于强国的游戏,也是一场饕餮盛宴,胜利者瓜分国土,将野心彻底暴露在世人眼中。中国,作为战胜国,却在此时如同战败国一般。山东被日本觊觎,列强视中国如玩物。那触目惊心的条约让人胸火焚烧。国不将国,外敌环伺。作为中国的外交官只能在会议上据理力争,可换回来的只有冷眼和嘲笑,还有那冷冰冰的割让条约"
大山,http://www.vshang66.com/uploads/allimg/210727/1_0HGG3364461.jpg,“终于有一天，山顶的阴霾不在了。”“人们可以过得更好吗？”“不会，因为...,小道士,8人本,欢乐/微恐/立意/城限,"与你相遇、相识、相知、相爱、相厌、相怨、相恨、相离，人生无憾，此生无悔。我用尽前世所有的运气，换得与你回眸相视的初遇；用光今生所有的运气，换得和你相爱与共的半生。彼岸花开，忘忧入梦。雾锁恒隐，缘起缘落，古寺梵音，残念红尘。彼时，声泪俱下，双目肿若桃子，,一天后忆起，依然哽咽不已，泪如泉涌；,两天后忆起，依然黯然神伤、落泪无声。湛湛江水兮上有枫，萱草忘忧，忘忧？还是，忘掉一切？翩翩公子，目光如炬，恍惚之间，仿佛初遇时的你。可选角色："
七八/78,http://www.vshang66.com/uploads/allimg/210724/1_0H4232025I93.jpg,七八剧本杀是一个非常棒的本子，对于喜欢推理的玩家来说是一场真正的头脑风...,慢热TUO工作室,6人本,日式/推理/硬核/城限,剧本角色：【花山院真央】女，20岁。【长谷川八重】女，40岁。【水户正义】男，27岁。【福山公平】男，32岁。【我部龙一】男，42岁。【二宫佑介】男，47岁。
灵媒2灵媒2：还愿,http://www.vshang66.com/uploads/allimg/210722/1-210H2164S00-L.jpg,民国二十八年，传说能满足所有愿望的无匾宅，深夜偷吃木头的人，埋在床上的...,造梦人文创,6人本,恐怖/还原/城限,"民国二十八年，传说能满足所有愿望的无匾宅，深夜偷吃木头的人，埋在床上的尸体，坛子里婴儿的尸体，断手的菩萨像，牵着尸体做成的风筝……“求愿而不还，必受天谴。”人人都有欲望，但有人为了求其所愿，不断的尝试打开人性的枷锁，当一个又一个恐怖的秘密被人揭开，一桩又一桩阴晦的禁忌被人触碰，一切的故事，似乎是从这里开始，又似乎即将在这里结束……人物介绍：【孙斯咏】33岁，女。瘦弱柔婉，讲起话来总是轻声细语。【白禾苏】33岁，女。长相美艳，穿着旗袍，手肘里搭着一件白狐狸皮。【江心】33岁，女。形销骨立，看上去像纸一般单薄苍白。【徐海阳】34岁，男。脸部棱角分明，说话果断又带着狠劲,【傅行生】36岁，男。温文尔雅的医生，名声非常好,【晋子垚】39岁，男。不怎么爱说话，眼神像淬了毒的刀一样,剧本短评："
荒诞游戏,http://www.vshang66.com/uploads/allimg/210718/1-210GR251550-L.jpg,7个角色没有任何一个人边缘，丰满立体，粘合度很高，每个人剧本里都有不少...,刑天&蛇王,7人本,城限/硬核/情感/恐怖,故事简介：一封奇怪的邀请函，使你踏入与昔日好友的一场聚会之中，那些你期待出现的人，能否如期而至?多年来天各一方的彼此又经历了怎样的故事?当你从沉睡中醒来，发现自己的记忆混乱无序，身边的人亦敌亦友，而唯一像你做出指示的竟然是一个带着小丑面具的神秘人，他似乎知晓你的过去，并企图得到你的信任，你无法断定自己该做出怎样的判断，但你似乎只能从命。在这个月圆之夜，跟随记忆中的所有人，开始一场奇幻之旅……准备好了吗？游戏开始……
酉时三刻,http://www.vshang66.com/uploads/allimg/210717/1-210GG545580-L.jpg,上古时期，众神明各司其职，掌管世间万物，使得世界统一和谐：天上有五个神...,西安如约而至,5人本,古风/沉浸/情感/城限,"上古时期，众神明各司其职，掌管世间万物，使得世界统一和谐：天上有五个神殿，其中一个神殿里有一本神秘的古卷记载：五行合并可破风，风水相合五行破……现如今，三个国家战火不断，百姓流离失所，田地荒芜，饿殍遍野，此时的人们，无人再信仰神明，倘若神已无能为力，那便是魔度众生,不知何时起……天空竟出现绚烂的烟花“酉时三刻，烟花为讯，我们不见不散……”,人物介绍：【面色土气穿着麻衣的？】,虽然你已经是另一个人了，但我还是找到你了。【面容清秀的青衣的？】,想不到沧海桑田，我却还记得那承诺。【高贵华丽的蓝衣的？】,日后每每从梦中惊醒，都后悔，早知道……"
星空之下,http://www.vshang66.com/uploads/allimg/210715/1_0G51F5033610.jpg,一开始感觉不明白的问题到最后也会恍然大悟，分幕之间的衔接也没有突兀感，...,麦午仟禾,7人本,日系/欢乐/情感/城限,你做过那样的梦吗?在梦里，星辰与大海相伴，街边通明的灯火，延绵到家的方向，远处模糊的身影，仿佛触手可及。明明如此熟悉的感觉，梦醒时，却什么都不记得了，只有泪水，从眼角悄然滑落。是从什么时候开始的呢?独自一人的感觉。这或许不是什么悲伤的事，我们的时光不会消逝，流动着的记忆，证明过彼此的存在。至少，我们曾生活在，同一片星空之下。所以，求求你，不要再想起我了……剧本短评：至少，我们曾生活在，同一片星空之下。太喜欢这个欢乐又温馨的本了，朋友之间尽管会小打小闹，喜欢捉弄别人，也有着自己的小秘密。但都深爱着这个大家庭，愿意包容彼此，相互帮助相互鼓励着走出阴霾，甚至愿意牺牲自己来守护这一切，让人很难不为之动容。
梵高先生,http://www.vshang66.com/uploads/allimg/210714/1-210G4205U20-L.jpg,不断地反转，不断地轮回，到最终核诡呈现的震撼，真的是用心打磨，用心创作...,锡世文创&吾神剧制,6人本,恐怖/推理/硬核/城限,【凯丽】年龄18岁。一个年轻的女学生，喜欢艺术且家境殷实。【玛莎】年龄23岁。一个银行职员，与威廉是情侣关系，生活幸福。【贝斯蒂】年龄35岁。一位家庭妇女，外貌瘦弱精神萎靡。【文森特】年龄20岁。一个刚刚步入社会普通的公司职员。【威廉】年龄25岁。一个年轻的商行经济人，有着出色的商业技能，不过经常被上司打压。
小橘合唱团,http://www.vshang66.com/uploads/allimg/210712/1_0G221015V200.jpg,我还是个小孩的时候，心里总想着我绝对不要长大，因为只要这样，我就能永远...,橘·原创工作室,6人本,欢乐/机制/治愈/城限,嘿，你听说过小橘合唱团吗?我还是个小孩的时候，心里总想着我绝对不要长大，因为只要这样，我就能永远跟我的朋友们在一起了。我想和你们沐浴在蝉鸣里，走过石板路，在镜河公园的柳树下一起看爷爷们斗蟋蟀。我想和你们列队在礼堂中，穿过灯光，大声地唱响着整个夏天。你看见孙大爷了吗？如果看见他请记得帮我向他问声好，告诉他小橘合唱团回来了。如果你经过了小橘杂货铺，记得买一本同学录，用不会褪色的笔写下留言，因为那会是你这一生最隽永的回忆。朋友，请慢点长大。请记得这个夏天的一切，记得那张曾寄托着我们一切的歌声，记得那一年的我们，那一年的小橘镇。小橘合唱团！集合！
暗香,http://www.vshang66.com/uploads/allimg/210712/1_0G221004243V.jpg,《暗香》有两个版本，不同版本的玩法不一样，欢迎玩家朋友自己去尝试。...,公众人物剧本,6人本,推凶/还原/机制/城限,明朝国宝风雨飘零，霜雪剥落，同归于湮没。藏在光与影中的罗盘，洛阳铲掘开尘封旧事。是兰因絮果？还是花开花落自有时?梅花漏野，暗香浮动。人物介绍：【夏梦】19岁。明德艺术学院，摄影专业，大二学生。【言抉雪】19岁。明德艺术学院，表演专业，大二学生。【红绫】21岁。
一眨眼已不是少年,http://www.vshang66.com/uploads/allimg/210711/1_0G113035R111.jpg,时光荏苒，匆匆少年。 那些与青春有关的记忆，随着酒杯中的摇曳，慢慢变得...,鼠尾草剧制,6人本,青春/校园/沉浸/城限,"时光荏苒，匆匆少年。那些与青春有关的记忆，随着酒杯中的摇曳，慢慢变得清晰起来。你可曾记起，那个总是喜欢拽你马尾的坏小子。书桌里不知道是谁写的情书，对隔壁班的女孩不敢说出口的温柔。前桌女孩白皙的后颈，谁与谁不期而遇的眼神，会害羞的挪开视线。人生匆匆十年，一张少了ta的毕业照，抵不过易老的时光，,回过神来你是否还是当初那个少年，我们终将成为了那个我们不喜欢的人。无关于岁月，无关于青春，或许我们真正怀念的不是那些刻骨铭心的人。而是那个可以为了爱情与梦想奋不顾身的自己。人物介绍："
白事录,http://www.vshang66.com/uploads/allimg/210711/1_0G11302552D8.jpg,祭坛的鼓声敲响，他们虔诚的叩首，他们无声的祈祷。 海水围绕着千年的传说...,鱼老板.CO工作室,7人本,恐怖/民俗/还原/城限,祭坛的鼓声敲响，他们虔诚的叩首，他们无声的祈祷。海水围绕着千年的传说，诡异充斥着寂静的村落。随风而动的纸人藏匿着死相可怖的尸体，是谁唤醒了沉眠的恐惧……你们该如何逃离?人物介绍：【蒋梓晨】女。长发温婉的甜美女子。【赖雨翎】女。短发帅气的冰山女子。【易晓】女。
飞雪连天,http://www.vshang66.com/uploads/allimg/210711/1_0G11301503949.jpg,“飞雪连天射白鹿，笑书神侠倚碧鸳。” 如果曾经有过武侠梦的你，看到这句...,马邦德&爆米花文创,7人本,古风/武侠/进阶/城限,"公元1138年，金兵犯我中原，为避战事，大宋迁都于临安，以秦岭淮河为界，与金对峙，史称南宋。武林中人逢此乱世，自当以国家为重，各门各派相约于华山之巅，比武决出天下第一，带领武林，抗击金兵，收复山河。人物介绍：【沈意】,舐犊情深成妄语，举案齐眉泪千行。【王裳容】,山河破碎风飘絮，身世浮沉雨打萍。【鲍不平】,策杖只因图雪恨，横戈原不为封侯。【袁牧之】"
葬礼角斗2金三角,http://www.vshang66.com/uploads/allimg/210710/1-210G01S2510-L.jpg,以金三角地带为背景，讲述一群代理人来争夺总代理的故事，八个人人物里有毒...,福润,8人本,机制/阵营/现代/城限,"5.代理M 30岁左右 比较干练 东亚面孔,6.代理J 20岁左右 网红脸 东亚面孔,7.代理R 20岁左右 有些丑陋 东南亚面孔,8.代理T 40岁左右 徐娘半老 东南亚面孔,网友测评：这个本打底其实就要七个多小时，所有流程加上私聊时间，就算控了时也差不多每车都是八个小时这样，如果大家能聊的更多更深感觉可以十个小时了！讨论了一下，每车都是不一样刺激的玩法，喜欢阵营本的一定要冲这个本！首先吸引我的是题材，我第一次玩这种背景的阵营本，喜欢看港匪片的更加有兴趣～"
世界関,http://www.vshang66.com/uploads/allimg/210707/1-210FH23T00-L.jpg,当你觉得你觉得是你觉得的时候，真的只是你觉得。 最牛逼的地方是这个本居...,玄念无界,6人本,硬核/还原/机制/城限,当黑暗成为永恒，时间就是万物走向归零的倒数。2138年，“SIONS”病毒爆发，末日到来。与此同时，一所秘密的地下实验舱内正暗流涌动。面对着未知的一切，选择清醒还是善良?每一次不同的选择到底是走向破晓的黎明或是堕入深不见底的深渊?病毒战争的伊始，要从世界列强之间的疯狂活体实验说起。2138年，以M国为首等其他国家的首脑们联合起来召开了一场地下机密会议，组成了病毒战争的核心组织“CSA联署局”，试图以这种无声的形式打破世界资产链的格局，彻底掌握世界命脉。各首脑命其国内最顶尖的专家们组成了地下实验组，密谋制造出可以控制世界的超级病毒“SIONS”，同时研制出了唯一可以进行抗体免疫的“超级疫苗”。层层迷雾之下，六个互不相识的活体实验者从各自的冷冻舱内醒来，巨大又怪异的实验舱内早已布满尸体。六人为何侥幸躲过这场异常恐怖的屠杀？而冷冻舱外来历不明的疯子又隐藏了多少秘密?随着寻找逃生出口的屡次挫败，食物和供给不断地缩减，猜忌、怀疑的紧张情绪也空前高涨起来。在这样一个无法分清昼夜的封闭环境里，七人走向了崩溃和疯狂的边缘，在绝望中拼命挣扎着，所有人都在暗暗寻求最后的生机，而在实验舱外等待他们的，又会是什么？
周公游记2食梦记,http://www.vshang66.com/uploads/allimg/210707/1-210FH234430-L.jpg,周公1后，周公2，它终于来了！梦境一直是一个非常好的衍生、发挥的题材。作...,妄想剧场,6人本,盗梦空间/推理/机制/城限,"追逐的摄梦人；,守护的前哨人；,构筑的筑梦师；,暗藏梦境的伪装者；,还有不会离去的魅影…你是他们中的一员?或者你是被盯上的目标?迷乱的虚幻还是真实的世界?谁在操控这一切?子弹划破，"
販夢師·謎,http://www.vshang66.com/uploads/allimg/210707/1-210FH232080-L.jpg,作者文笔底子可以感觉得到很不错，逻辑缜密，文笔流畅，脑洞更不用说了，能...,艺坛文化,5人本,硬核/新本格/还原/城限,"清明梦意味着在梦境里的人，可以非常清醒地在梦中游玩；,可是一旦深陷在梦境深渊，轻则分不清现实与梦境，重则迷失自我，永远沉睡下去！梦不是逃离现实的工具，而是审视现实的另一种境界。清明梦是真实存在的，说不定就在你身边……人物介绍：【陈依】女，20岁。娇小内向的学好姐姐。【裴岚】女，21岁。干练气质的问梦馆社长。【周全】男，19岁。为人处事并不灵活的大学新生。【李然】男，21岁。喜欢研究学术类书籍的学长。【许白】男，21岁。略微高冷的学生会会长。"
蜃髅,http://www.vshang66.com/uploads/allimg/210707/1-210FH22K50-L.jpg,设定新颖，逻辑严密，环环相扣。 从整体构架和推理性角度来说，是非常有盘...,束禾文化,6人本,机制/硬核/推理/城限,你们六人，在读大学期间的一个暑假，相约回到了老家的一个海岛县上。那天晚上，聚餐结束后，你们看到了一场诡异的海市蜃楼。那场海市蜃楼呈现的，似乎是一起凶杀案的现场……你们因此误入了海市蜃楼之中，来到了一座死气沉沉的岛屿上，而岛屿湿漉漉的沙砾海滩边，竟布满了一只只巨型蛤蜊。随后，他们张开嘴，发出“咵唧咵唧”的声音朝你们快速地移动了过来。这时，你们分明看到，巨型蛤蜊体内那团软乎乎的肉，竟似包裹住了一张张正在试图向你们求救的人脸……人物介绍：【唐羽翎】亿万富豪唐青华的独女，从小含着金汤匙长大。不懂人情冷暖，自视为人上人。可谁又知道，她那张冷漠孤傲的脸之下，有多期盼有人能以真挚的温暖捂热她内心那把冰冷坚硬的金汤匙。【金晓声】我当然知道，做一个乖巧的女孩子，有多么讨长辈喜欢，又有多么令同龄人排斥。但没关系，你如果触到我的逆鳞，那你会很荣幸地看到我并不乖巧的那一面。【洛若】懦弱的人，也有自己舒适且自在的活法。懦弱的人并不可耻，直面自己的懦弱，承认自己的懦弱，不也是一种勇敢么。【穆良】作为一个重组家庭的老大，身为两个弟弟一个妹妹的大哥，又是父母眼中最棒的长子，同时还是学校最优秀的班长。一个人如果一味地背负优秀和善良，它有时是否会衍生出松懈的恶意呢？
饥饿游戏,http://www.vshang66.com/uploads/allimg/210707/1-210FH225500-L.jpg,七个人的逃生，一个玩家的获胜。 这是一个包括了硬核，逃生，立意，反转多...,梦境岭工作室,6人本,硬核/逃生机制/立意/城限,“哒、哒、哒”黑暗中，似乎有个人，不，是有只手不停在你耳边，重复机械地敲打着桌子又或者是某个坚硬的物体。“啪！”好像有什么东西被扯断了，那声音与你近在咫尺，但黑暗中你无法判断危险是否就在下一秒降临。“嗡——”你开始耳鸣，渐渐听不清周围人的对话交流，你努力适应周围的黑暗，但仅能看到人影却看不清他们的表情和喜怒哀乐。6个人像亡命之徒般疯狂跑向前方唯一的光源，紧接着前面的人突然大喊：“不！前面不是出口……不是出口！不是出口！快返回……”那话只来得及说到一半就硬生生被砍断了一般。你全身僵硬地站着，在你即将被迎面扑来的“洪水猛兽”吞噬的一刻，手臂突然被人紧急攥住，晕头转向间，你已被那人带着往回夺路狂奔……剧本短评：需要大家团结一致，才能逃脱出去。团结就是力量，中间的一些小游戏之类的都很烧脑，也很有乐趣。前期的话是一个很欢乐的环节，但其实每个人都各怀鬼胎。不断地在破解每个关卡，机制的设定很奈斯，强烈的是破解谜题的欲望，一直在推动玩家去尝试破解，全程不会掉线。
灵媒2：还愿,http://www.vshang66.com/uploads/allimg/210707/1-210FH224120-L.jpg,有人通灵，是为了见亡人一面，也有人通灵，是为了满足自己无底的私欲。 可...,造梦人文创,6人本,恐怖/还原/城限,民国二十八年，传说能满足所有愿望的无匾宅，深夜偷吃木头的人，埋在床上的尸体，坛子里婴儿的尸体，断手的菩萨像，牵着尸体做成的风筝……“求愿而不还，必受天谴。”人人都有欲望，但有人为了求其所愿，不断的尝试打开人性的枷锁，当一个又一个恐怖的秘密被人揭开，一桩又一桩阴晦的禁忌被人触碰，一切的故事，似乎是从这里开始，又似乎即将在这里结束……人物介绍：【孙斯咏】33岁，女。瘦弱柔婉，讲起话来总是轻声细语。【白禾苏】33岁，女。长相美艳，穿着旗袍，手肘里搭着一件白狐狸皮。【江心】33岁，女。形销骨立，看上去像纸一般单薄苍白。【徐海阳】34岁，男。
另一个我,http://www.vshang66.com/uploads/allimg/210629/1_06292232523353.jpg,一个哭腔，使还未完全代入情绪的我，瞬间失控，一声憨笑，让多年的仇恨，瞬...,小黑&源源,6人本,城限/情感/沉浸,"故事简介：我把自己关起来很久，因我忘记了我到底想要什么，也忘记了我到底想找寻什么。直到一束光照进我的房间，我想起来了，,那是我如发疯般寻找的另一个我······,剧本亮点：这世界上有两个我，一个假装快乐，一个真心难过,角色介绍：林栀,陈立夏,赵明慧"
匆匆那年,http://www.vshang66.com/uploads/allimg/210629/1_0629223033W52.jpg,剧本《匆匆那年》把主视角聚焦在6名男女主人公的青春时期（22岁大学毕业前）...,五六七八,6人本,城限/青春/情感/沉浸,"故事背景：“阳光下挥洒汗水的少年，清风中微微飘起的裙摆，人山人海中一眼就能看到的他…后来…”,“这么些年过去了，你还是你，有我一听就心颤的名字…你说我们究竟是在怀念那年的时光，还是在感叹时光匆匆？也许，都是…？”,“不管是什么，流年可笑掷，未来亦可期，你说呢？”,角色介绍：【张千予】,性格直爽，大大咧咧，比较话痨，班级里的活宝，朋友间的沙雕,【王萱萱】,安静可爱，心思细腻，呆头呆脑，性格温柔且内向的柔弱少女,【苏秋】"
可见光下,http://www.vshang66.com/uploads/allimg/210625/1-2106252349160-L.jpg,美是一种执念，因为，每个人对美的触感都不同。我们的双眼所见的一切，全来...,巴别塔文化,6人本,柏拉图/情感/沉浸/城限,美是一种执念，因为，每个人对美的触感都不同。我们的双眼所见的一切，全来源于可见光。最初的人类是一个圆团，生得两张面孔四条胳膊四条腿，那时人类有三种：男人，女人，阴阳人。那时的人类强大自信以至于不再信奉神。宙斯说，我有一个办法，将他们劈成两半，这样既可以削弱人类，削弱他们的力量，同时也会让他们能信奉我们的数量加倍。人类被分为两半后，一半想念着另一半，始终想要再合拢在一起，他们终生都在寻找着另一半。当他们找到时，他们便终生和对方一起生活，一刻都不肯分离。他们所渴望的一切，就是和爱人融为一块，二人合为一人。我们生来便是完整的，对于那种完整的希冀和追求，就是爱情。然而，你生命的另一半，在可见光外，又是何种面目，何种心肠？
阅神广记—云猫篇,http://www.vshang66.com/uploads/allimg/210625/1-2106252342550-L.jpg,都说这世界之大无奇不有，先生今日说一个这旧时湘西境内的奇闻。说起这湘西...,戲紙发行,6人本,沉浸/微恐/民俗/城限,"都说这世界之大无奇不有，先生今日说一个这旧时湘西境内的奇闻。说起这湘西之事，百语说不清这其中原委，千言道不尽这玄机半分，但挑挑拣拣也能说个囫囵，不论是仙人膝下之宠，还是赶尸匠那些秘传手法，先生都略知一二。而在这高台之下，巫师，草鬼婆，赶尸匠，药师，都齐聚于此了，你看我，我看你，众人皆想探寻这诡秘故事的来龙去脉。都说这“世人多磨难，唯得有心人。”,不如您也来听听先生我说的这一出大戏，如何?人物介绍：【颜婉】女，20岁。巫师之女，精通药理，温婉可人。【汶】女，20岁。百毒不侵，善用蛊术，冷若冰霜。【颜恒】男，17岁。"
得偿所怨,http://www.vshang66.com/uploads/allimg/210623/1_0623230S02010.jpg,开始阶段背景故事交代的清晰明了，没有过分的拖沓，但是人物性格刻画依然到...,剧堆出品,7人本,城限/恐怖/还原/机制,"人有喜怒哀乐，鬼有恶怒念怨。谗言偏方出，恶怒念怨现；悲忏悔时，孽已身上攀。百年执念游走于天地之间，这一生结束后下一次又将会是谁手握着它？我在污浊的世界寻找着他（她），而你们又在何处争渡?百年的执念种下了‘种怨’斩断了姻缘，自断了百年。当你们再次回到林宅是巧合还是命中注定，等待你们的又将是什么呢?人物介绍：夏沫,宋捷,杜宇恒,李时元,陈诚"
临崖,http://www.vshang66.com/uploads/allimg/210623/1_0623230G52C5.jpg,夜半时分厕所传出的低语，时不时回荡在教学楼中若有似无的脚步声。五年前发...,浮生工作室,8人本,恐怖/还原/机制/城限,夜半时分厕所传出的低语，时不时回荡在教学楼中若有似无的脚步声。五年前发生诡异的女大学生跳楼案，真相到底是什么，也许没有人知道。关于这座被废弃的教学楼，发生的一切是禁忌一般，再也没有人提起。所有人都避而远之的教学楼，在今晚迎来了一群“客人”，热闹了起来。看似毫无关系的众人，背后又有着千丝万缕的关联。为了唤出亡灵所施展的还魂之术……却发生诡异事件，究竟是为了掩盖更多秘密？还是为了揭开尘封已久的真相？你所看到的，真的就是你感受到的吗？在这一刻，请你看用心看清所发生的一切！人物介绍：【杨默】女，25岁。S大2017届毕业生。留着厚重的齐刘海，为人沉默、性格孤僻。职业不详。【李佳书】女，25岁。S大学2017届毕业生。曾获得S大校花票选第二名，在医疗器械公司任项目经理一职。【钟盈盈】女，29岁。白毅成的直播助理，是一名妇科医生。【唐鑫】男，23岁。身形瘦弱，带着十分神秘的气息。
渡,http://www.vshang66.com/uploads/allimg/210623/1_062323053332Y.jpg,一个简单的恐怖环节转场带来了新的变格故事，才知道游戏才刚刚开始，很顺畅...,糖太思,6人本,现代/恐怖/硬核/城限,故事背景：圆一寺，有缘的旅人都会来到这里，在思索中抽丝剥茧，在煎熬中脱胎换骨，在探寻中渡人渡己。哪些过往是最重和最深的伤害？又是什么让那些灵魂涅盘和重生?一切的背后是浮萍宿命，还是刻意为之?旅人们何去何从，只能由你们自我定夺，见证了云卷云舒，你们能找出一切真相吗?各位，我们的故事开始了…人物介绍：【楚蓓】女，1980年生。北京人，热情活泼，身材高挑，高个子，身份：卫佳璐的经纪人。【卫佳璐】女，1982年生。广东人，身材纤瘦，个子不高，身份：娱乐圈当红明星。【赵正】男，1957年生。河北人，语态威严，身材魁梧，高个子，身份：“华夏地产”董事长、总经理。
浮光掠影,http://www.vshang66.com/uploads/allimg/210623/1_0623225FV242.jpg,一座废弃的庄园，一封神秘的邀请函，是一场精心策划的阴谋，还是正义与邪恶...,八方阁剧本,6人本,欧式/本格/硬核/城限,剧本简介：一座废弃的庄园，一封神秘的邀请函，是一场精心策划的阴谋，还是正义与邪恶又一次的对决?恐怖的“食人魔”传说，惨绝人寰的“伯兰特庄园灭门悬案”，诡异的“彩虹连环杀人案”，离奇的“阁老会候选人失踪事件”，“执刑者”究竞是谁?这一切之间又有着怎样的联系？错综复杂的“五芒星连环密室”，是正义的审判？是来自地狱的复仇？还是亡者无言的控诉！欢迎来到帕拉城，阁老会二十年的爱恨情仇，终将被时间巨轮碾碎，扬撒入历史的洪流，犹如《浮光掠影》。
长生没有门,http://www.vshang66.com/uploads/allimg/210616/1_061623354W627.jpg,作者是起点修仙小说作者，有优秀的文字功底，对题材把控炉火纯青，脑洞很大...,灵犀影画,6人本,古风/机制/变格/城限,"“梦长生，求长生，长生山上得长生……”,传闻，神洲浩土内有一处巍峨高耸、幽险奇峻的仙山，名曰长生山。世人只道，长生山上灵脉纵横，珍禽异兽繁多，故谓之仙山。却鲜有人知，山中藏仙门，仙山方得名——修仙宗派“长生门”恰居于此。长生门门人不强求得道成仙、白日飞升，一心修炼各类生存法门，以期长生。修仙中人大多不耻为之，俗世之人却趋之若鹜。每逢长生门招收新弟子的仙缘大会，都能吸引众多凡人争相前来。但是，十年前变故骤生。长生门历届仙缘大会招收的新弟子均莫名失踪，无一幸免，至今仍杳无音讯，生死不明。神洲历庚子年某日，新一届仙缘大会开始。与往届不同的是，这一天恰逢长生门掌门寿长生渡劫飞升。掌门是否能够渡劫成功？神秘的失踪案是否会再次发生，又有哪些幸运儿可以真正获得长生……人物简介：【长生门女弟子】女。花信之年，向往修仙。是今天刚刚加入长生门的女弟子。"
曦和失焰,http://www.vshang66.com/uploads/allimg/210606/1_06062249391D4.jpg,在古代，卫大人家突然失火，8人同时死亡，这离奇的死亡现场到底是谁制作的...,稻草人工作室,7人本,机制/城限/硬核,伶人鼓瑟吹笙，宾客谈笑风生，忽然狂风大作，林鸟哀嚎飞鸣，瞑色笼罩庭帏，四野黯淡昏垂，曦和失去焰彩，昼夜白驹过隙，邻里争相走报，老稚互相喧呼，不知是何怪物，掩去清阳之晖……
