﻿Name,Img_url,Info,Writer,Num,Typ,Desc
大官,http://www.vshang66.com/uploads/allimg/211001/1-2110011555090-L.jpg,2003年汾州市政府元旦晚会，官员们欢笑齐聚一堂。 突如其来的一纸任命调书引...,万物可爱工作室,8人本,现代/欢乐/机制/本格,2003年汾州市政府元旦晚会，官员们欢笑齐聚一堂。突如其来的一纸任命调书引出了件件大事，贪污、受贿、涉黑、官官相护利益勾结。谁才能掌控权利，谁才能成为真正的大官？人物介绍：【赵小琴】汾州市检察院赵院长。时代可为，青年可为。【于盈盈】汾州市文化部于部长。不务治民事，而务治民心。【李大露】汾州市消防局李局长。有愿望才会幸福。【周慧珍】汾州市文化部周部长。洒在自己身上。【孙长庚】汾州市警察局孙局长。每个人都要有掌舵的准备。【吴立军】汾州市法院吴院长。壮而好学，如中日之光。
赘婿(IP本),http://www.vshang66.com/uploads/allimg/210930/1-210930205I20-L.jpg,作为一个欢乐机制本，游戏机制非常有意思，好几个小游戏累积财富，互相也能...,谜境档案,8人本,商战/运营/机制/欢乐,"时长：5-6h,故事简介：战火，硝烟，城外的白骨累累，城内的国泰民安。是乱世下求得一丝安定，还是掀杆而起，青史留名？西湖歌舞下的神秘酒楼，一个庞大的商业帝国崛地而起，下一个金融大鳄谁与争锋？小小赘婿掀起满城风雨！各路豪杰且看谁雄！,人物介绍：【刘西瓜】女，18岁。性烈如火，动如脱兔。【苏檀儿】女，21岁。温润如玉的苏家大小姐。【楼舒婉】女，22岁。温柔大方，绝色容颜。"
汇通天下,http://www.vshang66.com/uploads/allimg/210930/1-2109302039220-L.jpg,晋南一带地窄人稠，外出经商成为当地百姓的谋生之道。待到明清年间，晋商已...,探案笔记,8人本,古风/阵营/欢乐/商战,乔义：男，日昌颜料铺的东家，乔家大少爷，留洋归来。雷候：男，日昌颜料铺的掌柜，能力出众，颇得人心。乔悦：女，日昌颜料铺的账房，乔家二小姐，极善珠算。叶来：女，日昌颜料铺的帮工，温柔细心，善于交际。泰丰茶铺（常氏）：常德：男，泰丰茶铺的东家，常家家主，雷厉风行。常仁：男，泰丰茶铺的掌柜，常德之弟，风流多情。玛丽：女，泰丰茶铺的少奶奶，常仁之妻，异域风情。周平：男，泰丰茶铺的账房，平平无奇，尽忠职守。裕和药铺（曹氏）：
酒店大作战,http://www.vshang66.com/uploads/210907/1-210ZG5313W53.jpg,一个难度中上的欢乐推理本，有着温油/恐怖两种结局。属于CP互动为上的大型本...,四喜丸子,8人本,现代/欢乐/机制/本格,"2019年刚过完春节，以旅游业闻名全国的上河市斥巨资打造的地标性建筑“思丽酒店”终于落成投入试运营，作为本市第一家超五星奢华酒店，它肩负着提升城市品位、促进高端服务业发展而确立的重任。思丽酒店地处中心城区，毗邻上河，其完工后将成为本市最具流量和网红气质的打卡圣地，来者非富即贵。可最近，思丽酒店内部却不太平：职场潜规则、仙人跳、集团内卷还有内忧外患…不知不觉，你我都深陷泥沼…今天是4月30日，声势浩大的酒店开业仪式在上午隆重举办后，中午的酒会，新老员工和VIP客人们齐聚一堂…剧本短评：1.小八八,一个难度中上的欢乐推理本，有着温油/恐怖两种结局。属于CP互动为上的大型本，非常适合一些喜欢社交认识新朋友的玩家，或者是想要增进感情的玩家。剧本的背景发生在某一个新开的高档五星酒店里，因为经理叶灼灼一次偶然的失忆了，让大家齐聚一堂。试图帮她找回失去的记忆......却不知每个人身上都隐藏着某些不为人知的秘密和利益。剧本的话，核心的机制在于CP的组成，玩家可以随机选择和另一个玩家组成CP（如果你有喜欢的人不妨可以试着和他组成CP，也许会有意想不到的效果）通过不同的CP组合，对剧本的结局有着不同的影响，你可以试着保护CP，也可以试着出卖她，总之决定权在于玩家本身。而不是被剧本绑死。算是一个比较创新的尝试吧。总的来说算是一个新手友善的剧本，细节满满，中间埋藏着巨大的转折。不到最后，谁都不知道结局隐藏着什么。另外此本更是有着双版本。动机一样手法不同，非常值得二刷。PS：此本附送破冰小游戏，带上你心仪的人，冲鸭！,2.五五"
水静八奇,http://www.vshang66.com/uploads/allimg/210904/1-210Z41550300-L.jpg,《水镜八奇》主要是打斗的机制，每个人都有自己的技能，通过阵营的不同来进...,FB剧本发行,8人本,机制/阵营/对抗/城限,"汉朝末年，董卓挟天子以令诸侯,战神吕布为其征讨，四方群雄并起,水镜门下八奇，谋冠天下,明修栈道，暗度陈仓,火烧赤壁，空乘弹唱,甄姬运行，奉孝遗殇,铜雀春深，不诉悲凉,就在此时，一个商人悄然走进这个时代,牵出群英纷争，乱世无常……群雄逐鹿，大风骤起水镜八奇出山了"
水镜八奇,http://www.vshang66.com/uploads/allimg/210828/1-210RQ61G50-L.jpg,虽说是阵营本，但是，其中也有还原的凶案的地方，不过三个字，不重要，打就...,FB剧本发行,8人本,三国/机制/阵营/城限,"汉朝末年，董卓挟天子以令诸候，战神昌布为其征讨，四方群雄并起。水镜门下八奇，谋冠天下。明修栈道，暗度陈仓。火烧赤璧，空城弹唱。甄姬远行，奉孝遗殇。铜雀春深，不诉悲凉。就在此时，一个商人悄然走进这个时代，牵出群英纷争，乱世无常……群雄遂鹿，大风骤起水镜八奇出山了……剧本短评：真的太帅了吧！真的太帅了吧！真的太帅了吧！,这个本是一周前打的，但没有第一时间写测评，怎么说呢？太好玩了，从没有一个本可以让人回味这么久。本人其实对三国不怎么了解，兴趣也没有那么大，可能也就知道三顾茅庐，草船借箭了。但玩完这个本真的有冲动直接去把三国志看完。《水镜八奇》，一开始知道这个本名的时候，其实并没有抱很大的期望。只知道是个机制本。那就打斗就完事了。没想到，不一般啊。"
民初奇人传之狩猎奇人,http://www.vshang66.com/uploads/allimg/210828/1-210RQ615140-L.jpg,推理也有了，好玩的机制的有了，戏精的扮演欲也满足了，最后还体验了一把狼...,天作智合,8人本,民国/阵营/机制/城限,自古以来，正经的经营者们一直都有“三百六十行”的说法，然而大千世界无奇不有，偏偏就有八个行当不在其列，他们分别是墨班、千手、黑杀、谛听、商女、神通、仙流和易阳行。世人将他们统称为“外八行”，而这“外八行”的从业者们各个都是身怀绝技、手揽奇活之人，因此，八行的行者们也被称作“奇人”。1913年中旬，那时正值民国初期，北平刚刚兴起，坊间却突然传开了“外八行”乃“邪门歪道”的说法，此话一出，那些本就忌惮“外八行”的人们纷纷躁动起来，他们自发性地组织了一场名为“狩猎奇人”的行动，开始了针对奇人们长达数年的讨伐和追杀。在这场暴乱中，“外八行”一个接着一个消失，奇人们的身影也逐渐淡出江湖，无人问津。直到今天，有人目睹了八位形迹可疑的人同时现身于上海，并相继登上了一趟开往北平的火车，而就在火车开动后不久，伴随着一声惨叫，命案发生了……人物介绍：【锦然】女，22岁。“商女行”行主，天下第一花魁，只卖艺不卖身的歌舞伎。【祝涟漪】女，25岁。举止端庄且优雅的洋裙裁缝，扎着两股麻花辫。
我们都将死于29岁,http://www.vshang66.com/uploads/allimg/210828/1-210RQ524470-L.jpg,每条线都真的做到环环相扣，完全开放。而出局的玩家也依然还有另一条线，作...,W-工作室,8人本,情感/机制/惊悚演绎/城限,"很多人29岁就死了，80岁才埋。那些摇旗呐喊的热情，终携光阴渐远去。欢迎来到地狱。此刻的你，已经死亡。这里，是你的终点，也是开始。想要看清真相吗？来找我们吧。——《我们都将死于29岁》,剧本短评：“曾经的我想拥有全部，到最后我还是一无所有。”,开始的破冰环节特有心意，中间的机制更是巧妙绝伦。"
情乱鹊桥,http://www.vshang66.com/uploads/allimg/210824/1_0R4133542ZT.jpg,相传，织女是瑶姬和玉帝的爱女，那叫一个肤如凝脂、风华绝代呀。可谁能想到...,七柒,8人本,古风/欢乐/架空/开放,"游戏时长：3.5-4h,剧本亮点：七夕相亲欢乐撕逼向！汉子们能否赢得美娇娘？就看你们自己的努力了！,剧本简介：相传，织女是瑶姬和玉帝的爱女，那叫一个肤如凝脂、风华绝代呀。可谁能想到，这绝世美人的一颗芳心，竟然就这么被一个偷衣贼给偷去了，这不禁叫世人皆感叹这世事无常呀。就这样，织女和牛郎这个凡人在凡间偷偷结为夫妻，两人琴瑟和鸣，举案齐眉，还生了一儿一女，生活倒也快哉。然好景不长，凡人怎配与仙人相恋。那一天，雪虐风饕，一伙天兵冲进他们家，抓走了织女。牛郎带着一双儿女在一片白雪皑皑中苦苦追寻，眼见奇迹就要发生，两个人的手即将相握。只听「哗」的一声！一条波涛滚滚的天河从天而降，将他们分隔开来。两人那是哭的叫一个撕心裂肺呀，就连前来抓人的王母娘娘都不禁为之动容，许他们每年七夕鹊桥相会……而我们的故事，就发生在那的十年后。牛郎织女那叫一个情比金坚，两人坚持了数载，终是感动了玉帝和王母，许他们一世圆满姻缘。"
将至,http://www.vshang66.com/uploads/allimg/210823/1_0R3230Q542F.jpg,《将至》的人设和故事很有格局，哇，真的不是学院里小打小闹那种设计，上来...,殷无忧,8人本,武侠/机制/情义/打斗,有人说一水阁大都督尧，身份高贵，出道以来未尝败绩，是真正的天下第一人！当命运的九人相聚江南一水阁，惊世之战的主角便不止两位。少年啊，你是谁，你自何处来，你往何处去。少年啊，你这一生可有后悔之事，谁能阻止少年慷慨赴死啊，他们听不到。人物介绍：将成：32岁，天策上将军，大乾朝的中流砥柱。尧：27岁，一水阁大都督，号称棍之所及，天下无敌。王婉如：25岁，天下博约社一览先生，将成妻子。苏苏：19岁，一水阁月神，尧的妻子。黄夫人：38岁，面容俊秀，衣着华丽的珠宝商人。风子衣：36岁，女，江湖第一大派天山宫宫主。陈浮生：26岁，刚出道的新人剑客。苍生医师：42岁，厨神居二当家，着名医者。
非烟天下,http://www.vshang66.com/uploads/allimg/210822/1_0R21440095617.jpg,机制上来说，真的是市面上没有的机制！机制在整场游戏中，就只用两个字表现...,先见剧本,8人本,古风/机制/阵营/本格,宋朝年间，朝内暗流涌动，朝外风起云涌。宋廷软弱，以和为主，赋税增加，百姓苦不堪言；民间组建汉盟，旨在为百姓谋福祉，吸引了很多的有志之士加入，汉盟的存在令宋廷十分头疼。外部大金蠢蠢欲动，无数密探特工渗透入大宋，大金以宋金互市为由，在宋金陵城开设金河钱庄，而所有人都知道，表面上金河钱庄为互市互利，实则为金在宋的密探基地。对于宋廷来说，攘外需安内；对于汉盟来说，更多是要为百姓着想；对于大金来说，南下已箭在弦上。三方鼎立，最终谁会得胜？人物角色：刘萱，女，34岁，刘氏布庄老板。刘暮，男，26岁，金河钱庄老板。刘旭，男，18岁，临安书院学生。杨挚，男，30岁，大宋禁军统领。林曼，女，18岁，商音坊头牌。飞燕，女，25岁，大宋贵妃。
谁杀了河狸爸爸,http://www.vshang66.com/uploads/allimg/210822/1_0R2143UaB0.jpg,诺诺妙奇岛上住着各式各样的小动物，大家过着平静快乐的生活……...,林无知,8人本,欢乐/变格/还原,最近岛上正在举行一场大胃王美食大赛，奖品是瑞由贝特家族赞助的一对价值连城的超大“夜明珠”，小动物们纷纷报名参赛，希望自己能获得第一名……
我在明朝当海盗,http://www.vshang66.com/uploads/allimg/210822/1_0R2143K35204.jpg,全新海战机制，全程无尿点，主持难度低，机制平衡性极强，无边缘角色，每个...,羲和工作室,8人本,古风/阵营/机制,想找到传说中富可敌国的宝藏吗？现任海盗首领徐海的大寿之日，海盗们齐聚一堂，更有葡萄牙人和倭寇的到来，看似风平浪静下，实则暗涛汹涌。….准备好了吗？
那皇军不是白来了么？,http://www.vshang66.com/uploads/allimg/210807/1_0PH3332X641.jpg,全程四个小时，笑了我三个半小时，这个本的机制太好玩了，有好多东西啊。啥...,打个鸡蛋文创,8人本,民国/欢乐/阵营,"鬼子又打败仗了！曲阳县的狗子——小田少佐带人出去扫荡，结果除了连滚带爬跑回来的诸队长，剩下的人连影都没有。据跑回来的汉奸诸队长说，队伍刚出县城，还没来得及撒野，就被八路稀里糊涂包了饺子，打的那叫一个惨。小田少佐见状想要自杀殉国，举起手枪，朝自己脑袋砰砰砰连开三枪，结果自己一点事儿没有，反而打死了两个日本兵。武田中佐听后破口大骂，这枪射的，还没老子撒尿准。但事儿出了，总得解决。虽然仗已经打到了快投降的地步，但输了这么多次，怎么的也得赢一次了吧？这还不算完，上级不知道怎么，竟然知道了这件事情，打来电话给武田一顿臭骂，要求一星期内必须有个处理结果。于是武田安逸给伪军孙队长和跑回来的诸队长下个了死命令，一定在短时间内抓住奸细！,人物介绍：【赵雅蕊】聚福茶馆的员工，相貌突出，是曲阳县城内数一数二的大美女。【夏岚】聚福茶馆的老板，听说是靠卖茶叶发家的商人。【王妈】陈星星的母亲，非常痛恨日本鬼子和汉奸，很欣赏赛先生！"
神王鉴·三星坠,http://www.vshang66.com/uploads/allimg/210802/1_0P21631205956.jpg,独家体量转限求关注，硬核推理阵营世界观，引人入胜的史前文明，无边缘角色...,灰原娱乐,8人本,架空/推理/阵营/硬核,"游戏时长：5h,剧本简介：在不远处的青铜巨拄上，一个人冷冷地看着这所有的一切，看着绵延的大海，看着远处喷薄的山火，看着地底冲击而出直到天际的天世孽焰，他的子民在大海中生灵涂炭，他的隋庸在地狱里苦苦求生，他的王国被付之一炬，这都不能让空中的他有半分动作，因为他已经死了，先于他们所有人死在了这地狱来临之前。就在三个日夜之前，他就看见了这一切，他想教他们所有人也想杀他们所有人。而现在，他的尸体在百米的高空上，而所有人标要为他陪莽，在这场灭世的滔天孽焰中，只有他脚下广场中的青铜神树仿佛已经矗立了万年，而他们却被永远地忘在了这群山之中。直到。万年之后……"
升仙宴,http://www.vshang66.com/uploads/allimg/210801/1_0P1231941Qb.png,大夏立国五十余载，新帝武皇登基后，以其出色的能力制定了不少利国利民的政...,未知,8人本,推理/还原/独家,"待到众人来到太清殿一探究竟，果真已不见武皇齐人……翌日，珑妃吕楽榕和掌印太监劳德乐联合昭告朝堂：武皇飞升成仙福泽大夏子民,为此将举办一场盛大的升仙盛宴,人物介绍：那拉,女26岁，不知道何时出现的王妃，行事低调，颇有并域风情。据爱八卦的宫女说并不受宠,柳聘婷,女26岁，掌管宫中人员饮食的女官，小家碧玉，清雅秀丽。对针炎之术颇有研完，连太医院的人都望尘莫及,柏威,男28岁，太医，为人和善。见谁都是笑脉昧的。世袭太医职位，太医院年轻一代的锁军人物，但举手投足有些畏畏缩编。"
湖心岛次元重启,http://www.vshang66.com/uploads/allimg/210801/1_0P123132B210.jpg,《湖心岛次元重启》，属于非常细节的本，还原故事找出凶手，字里行间和线索...,周星星,8人本,科幻/机制/硬核,当你们以为解开所有的谜题，然后一切才刚刚开始。人物介绍：李航，男，42岁，生物系副院长。苏梅，女，42岁，家庭妇女。周海明，男，45岁，社会学教授。李素儿，女，18岁，大学生。苏慧，女，X岁，职业未知。雪琼，女36岁，家庭妇女。苏琳，女，X岁，职业未知。刘富贵，男，56岁，船夫。
"大郎,该喝药了",http://www.vshang66.com/uploads/allimg/210729/1_0H92322464K9.jpg,暑期翻台神器，不吃主持人，葵花发行首个欢乐机制阵营爆笑8人本震撼来袭…...,不浪大叔,8人本,古风/欢乐/阵营/本格,"游戏时长：3.5-4h,剧本简介：明州城的国医馆外，人声鼎沸。在那人群之中，看上去有些年长的妻子为何愁容满面，而在其身边相对年少的夫君又为何满脸苍白，虚弱不堪？不远处的另一对夫妇，那英气逼人的夫人为何看其相公满寒霜，而她身边的相公又为何满脸淤青遍布，唯唯诺诺？眼前的国医馆内，一阵阵微弱的呻吟声从何而来？阴暗角落处，又是谁端着热气腾腾的药碗，阴笑着对着怀中的人儿说道：“大郎，该喝药了……”,人物介绍：陆戎：三十有二，英俊潇洒，面色苍白，满脸淤青,西门冬青：三十有九，腰圆膀粗，满面油光，人称西门大官人,王不留：四十有三，身高九尺，满脸胡腮的粗糙大汉"
灯下黑,http://www.vshang66.com/uploads/allimg/210729/1_0H92321306409.jpg,灯下黑剧本杀故事背景超赞，既写实又有想象空间，会让人代入感很强，有一种...,TLS剧本工作室,8人本,阵营/争夺/机制,"时间到了1932年，白家传到了9代家主白飒手里，他是陕西神木县有名的贾商，但也是为虎作伥，抽大烟逛窑子赌牌九五毒俱全，然而当年十月的某日，有八人齐聚在了白家大院，由于昏暗的灯光，没有人能认清其他人的脸。当晚家主暴毙对外宣称是家里遭了强盗，难道是为了传说中的闯王宝藏？白家就此没落。然而三年后的今天，这八个人又回到了白家大院，当年失踪的穆管事亦从黑暗中走出。告诉大家家族的冤魂要回来索命了，还托梦给他，要他找到当年害死家主的三个人！,巧合？亦或是阴谋？白家大院的秘密，只是表面上那么简单吗？每个人的命运又会有什么改变？各路人马，闯王宝藏，争夺一触即发。可选角色：郝清恬（女）：工程学女博士,贺丹山（男）：郎中,李国赫（男）：私人保镖,刘    煌（男）：退伍军人,牛    瑾（女）：报社记者,宋兰岳（男）：机关术大师,田格林（男）：留洋文学博士"
暮唐,http://www.vshang66.com/uploads/allimg/210729/1_0H923203J9C.jpg,和其他的本类似，这个本也是打着阵营、情感的标签，但是这个阵营不是传统的...,竹空见道,8人本,阵营/机制/感情,景龙元年(公元707年)，又一条金龙划过夜空，坠入大唐邻近的殷国，被殷国国君所拾获。殷国国君没多久即被人暗杀，国家很快也被多国铁蹄踏破。天宝二年(公元743年)，大唐盛世达到了巅峰，国富兵强，百姓生活多姿多彩，作为执行者的唐明皇心里有说不出的骄傲与自豪。此时民间开始有传言，李姓江山早就气数已尽，靠武则天最后时刻念旧才勉强延续，如今大唐盛世马上就要终结，上古四凶混沌、穷奇、杌、饕餮将要再次降临人世，东方将有异人来挽救这场灾难，江山也会因此易主。天宝三年(公元744年)，大唐境内每个月均有一个小镇发生惨案，小镇上的生灵全被吸干精血，这种怪事一连十二个月，月月均有发生，朝廷派人严查，可是一无所获，根据推测，只知道这法术叫傚万血丹。百姓一度非常恐慌，不少人开始逃离大唐，躲避灾难。天宝四年(公元745年)，这些民间传言传到了唐明皇李隆基的耳边，李隆基非常害怕，他询问了国师晴石最近是否有什么奇怪的事情发生，国师说星象最近的确很奇怪，前几天赤虹贯日，洛阳城外有四个方位均有黑气冒出，派人出去打探时一无所获。李隆基害怕预言成真，于是发布诏书，号召天下异人前来各施所长，共同应对洛阳城外的异象。此时一名扶桑圣女山田雪柔远道前来，说是可以帮助唐明皇破解眼下的困境。剧本角色：九灵，男，终日戴着一个红色鬼面具，身穿金黄色绸缎衣服，一头白发，身材高大。子白，男，一身白衣，终日蒙着白面纱，身林瘦削，手中握着一把剑。火因花，女，明眸皓齿，披肩白发，穿着红白相间的齐胸襦裙。玲珑，女，身穿扶桑忍者传统服饰，一身黑衣，黑布蒙着脸面，只露出眼睛和长马尾辫。迷途老人，男，长眉白发，仙风道骨，个子不高，衣服土黄色，破破烂烂，拄着一根拐杖。
大山,http://www.vshang66.com/uploads/allimg/210727/1_0HGG3364461.jpg,“终于有一天，山顶的阴霾不在了。”“人们可以过得更好吗？”“不会，因为...,小道士,8人本,欢乐/微恐/立意/城限,"“终于有一天，山顶的阴霾不在了。”,“人们可以过得更好吗？”,“不会，因为是人。”,人类，这个词当你听到的时候，便倍感沉重。剧本短评：人是一切事的尺度，是存在者之存在，不存在者之不存在的尺度。——柏拉图,从前有一座山，从前山上有一座村庄，从前山上有一座村庄，村庄里住着一群人。从前山上村庄里的这群人只建造一座小庙，在这座小庙里，他们供奉的，是人性。人是在动物与神之间绷紧的一根绳子，一根跨过深渊的绳子。你仿佛永远都战战兢兢地扶着这根绳子从此岸到达彼岸，抬头看是遮天蔽日的阴霾，低头看是同样凝视着你的无尽深渊……"
镜花水月,http://www.vshang66.com/uploads/allimg/210727/1_0HGA5063215.jpg,【镜花水月】的游戏时长高在四个小时左右。无论是感染力强烈的剧情还是多走...,萧谨之,8人本,古风/情感/机制,剧本亮点：选取背景宏大，人妖仙三界混杂，恩怨纷乱如麻。剑断不平事，唯不斩情丝，到最后，又是谁负了谁。剧本简介：数百年前，尘世间突然开始兴起修仙一说，于是太虚境便在这种环境下应声而起，经过数百年漫长的发展，终成为世人眼中的修仙圣地，可望而不可即。而随着时代变迁，太虚境弟子除了修仙以外，也开始将斩妖除魔视为己任。三年前，太虚境交到了一女弟子的手中。这位新任掌门虽是女儿之身，却诚然是修行上的佼佼者，太虚境在她的带领下达到鼎盛。然而天妒英才，在文曦二十四年八月初十那日，那位女掌门死在了太虚境自己的地盘上，魂魄散得干干净净，四海八荒，连一缕残魂都找不到。也不知道是受人命令还是心照不宣，太虚境上下都对女掌门的死因缄口不提。九月廿九，女掌门尸体在法华寺停灵七七四十九后，将会在京城最大的客栈『镜花水月』暂留一晚，次日送回太虚境祖陵安葬。而这天，这所客栈却来了一些不同寻常的客人……人物介绍：1.花想容：京城最大客栈『镜花水月』老板娘，眉间一点艳红花钿，一袭红裳掩不住衣底风情，执着美人团扇，笑得慵懒而勾人。
时间商店,http://www.vshang66.com/uploads/allimg/210722/1_0H2163J15A3.jpg,剧本亮点：庞大剧情，多重案件串起故事，注重人物行为逻辑和情感逻辑，点到...,沸文桌游,8人本,现代/科幻/推理/硬核,"游戏时长：5-9h,剧本简介：8位年轻人相聚在一家特殊的商店里，商店主人说这里唯一的商品只有“时间”,每个人可以购买时间回溯到过去某一个美妙的瞬间，但是他们必须要做岀专属于自己的选择：爱情，亲情，友情，理想，正义或是自由……你会选择哪一个？故事背景：21世纪40年代，人类已跨入了一个全新的时代随着智能科技的发展，人与人之间的贫富差距被无限拉大。每个城市的中心地带(以往的城区)被命名为繁荣区，只有富人能出钱居住;而那些周边地带(以往的乡镇)被命名为贫民区，那里居住着一群连温饱都难以解决的穷人。繁荣区的富人们过着顶级奢华的生活，享受着最为先进的人工智能和科技发明;而贫民区的穷人们则生活在一个极度落后的环境中(接近于20世纪末期),人工智能和科技产品与他们无关，他们甚至连自己的姓名都不配拥有。另外一个明显的生活差异体现在生育上，繁荣区的女性进入了无孕时代，即不用生孩子，这是身份尊贵的象征。富人想要孩子会通过试管婴儿，或者去孤儿院领养一个基因好的;与此相反的是，贫民区的人们虽然习惯生育，但是产下的孩子却无力抚养，因此有绝大多数贫民区的夫妇在生下孩子后就将他们扔在富人区或者送给孤儿院，祈望他们有一个好的归宿。然而事实却是，大部分被遗弃的孩子死在了饥寒之中。人物介绍：孟向阳，男，30岁，181cm,嫉恶如仇大侦探,张胜男，女，24岁，164cm,好胜强势女总裁,萧子源，男，24岁，175cm,弱不禁风科二代,何家初，男，24岁，175cm,冷静沉稳富二代,谢恩豪，男，24岁，180cm,身强体壮男保安"
重申,http://www.vshang66.com/uploads/allimg/210722/1_0H21635263T9.jpg,本子最佳游戏人数6人，可开7人版本！(6人版本演绎效果更佳，7人版本可开无...,沸沸,8人本,现代/科幻/推理/硬核,"游戏时长：5-9h,剧本简介：这是一个红与黑交错的故事,多年前解散的帮派，死灰复燃,多年前逝去的人物，再觅音讯,是误会、还是阴谋,是阴差阳错，还是另有隐情,警察、侦探、法医、记者重聚于此,到底谁是昔日故人,雨过天晴，谁又能重获新生"
重返15岁—高考,http://www.vshang66.com/uploads/allimg/210718/1-210GR306330-L.jpg,虽然说这是个欢乐机制本，但是真的玩完之后仔细思索一下，里面折射出来的一...,老付,8人本,欢乐校园/模拟人生,"可选角色：“忧郁男孩” 陈浩南| 外形俊朗、似有心事,“文艺青年” 顾胜男| 性格开朗、充满自信,“低调学霸” 王招娣| 表情严肃、神情内敛,“能量小子” 刘金榜| 清爽干练、双目有神,“灵活小胖” 樊   鑫| 身宽脸圆、可爱呆萌,“校园女神” 陈雨霏| 窈窕淑女、吹气胜兰,“电竞少年” 高   兴| 锦衣玉食、养尊处优,“可爱萌妹” 毛利兰| 伶俐乖巧、家喻户晓,“运动少年” 谯   丹| 高大健壮、阳光帅气"
绝响,http://www.vshang66.com/uploads/allimg/210718/1-210GR254580-L.jpg,时过境迁，不谈今况前时，不论初心报负。 一切都是你的选择，保持叛逆，无...,海马,8人本,欢乐/机制/阵营/还原,很多人以为时代和科技的发展，总是越来越美好。实际上，科技的发展与人文的素质紧密相关。试想一下，如果古代就出现了强大的现代武器，电子设备。那么整个世界的历史，甚至人类的未来将变得岌岌可危。人类世界在这漫长的发展中，只要出现一个微小的偏差，整个世界的未来就会变得愈发扭曲。所谓的【赛博朋克】时代，不过是扭曲的科技树，扭曲的政府，扭曲的人性带来的扭曲产物罢了。在这个时代，人类将自己的意识储存在云端服务器中，并通过【数据盘】的备份和更换，达成了理想中的永生。然而无尽的寿命，带给人类的却是永远无法逾越的阶级鸿沟。千年来一直在幕后操控一切的【神族】面世，利用千年累积的财富与科技一举统治了全世界。非人的统治，无法逾越的阶级，永生的寿命，笼罩着全人类。2090年3月4日。一场民间举办的非法演唱会，在贫民区的【晓月孤儿院】拉开帷幕。这场被称为【绝响】的演唱会，宣言将会给人类带来真正的'自由’。我们，拭目以待……人物介绍：【浸水雷】 男 27岁|虚拟实景游戏测试人员，给富人们的游戏环境提供初期安全测试。因此浑身残破不堪，身体多处部位换上了廉价的人造义体。【苏晴】 女 24岁|知名流行乐女歌手，但在这个一切都能通过科技解决的时代。女歌手的价值已经从多年前的明星，变为最普通廉价的职业。【雪瞳】 女24岁|贫民区卖牛肉，猪肉的女屠夫，隐藏在大大咧咧的性格和外表下，是独自一人赚钱撑起整个家庭的辛劳。
加油加油我最棒,http://www.vshang66.com/uploads/allimg/210717/1-210GG615060-L.jpg,最后有意思的点是剧情的演绎和揭穿现实我们活着地艰辛～生活不易，总是在理...,多米互娱|SSS,8人本,机制/沉浸/爆笑/欢乐,"这是一个接地气立意有很高的良心剧本！"",“这是一个低成本实现沉浸式剧场，还可结合酒水套餐，高收益的绝佳剧本！”,故事背景：钱，权，色的时代，可能所谓成功的背后，有太多不为人知的秘密。何为成功，如何成功。在SSS市，铺天盖地的传单吸引了无数人的眼球，“何讲师”的成功课堂，多少人成功的必经之路。要成功！先发疯！,听到这样的至理名言，难道你还在犹豫吗？各式各样的人聚集到“何讲师”讲堂……“你想要成功吗？跟我喊起来！加油！加油！我最棒！加油！加油！我最强”,故事复盘：事情要从双胞胎姐妹贾佑一、贾佐一小的时候开始说起。她们两人的真名是分别是甄艺婷和甄艺美，两人从小是被奶奶一手带大，长大后由于家里只能供起一个人读书，所以两人都以“甄艺婷”的名字轮流上学，甄怡婷上一、三、五，甄艺美上二、四。小时候甄艺美还由于喜欢一只发卡，偷走了班上的班费，导致同班同学张大宝被冤枉后退学。两姐妹上了小学之后便不再上学了，两人做做女红补贴家用，张大宝也因为这件事情退学了……"
见钱眼开,http://www.vshang66.com/uploads/allimg/210715/1_0G51AK3V10.jpg,本市一则爆炸新闻空 筏而来! 远近闻名的六粮液集团市场部总监秦 迈因涉婚贪...,文氓,8人本,欢乐/机制/阵营,"剧本简介∶,本市一则爆炸新闻空袭而来！,远近闻名的六粮液集团市场部总监秦迈因涉婚贪污披散职，这引起社会的广泛关注。接踵面来的便是六粮液集团斥重金向全社会急聘市场部总监一职。王牌企业的王牌职位，无疑是吸金吸到手软的香饽饽！,究竞何方神圣能够成功问鼎？请开始你的表演！,角色简介：钟泠，女，风情万种，不可方物。林子怀，男，虚怀若谷，貌似人高无害。简飞柏，男，英俊潇酒、走路带着风。"
咆哮吧！恶龙,http://www.vshang66.com/uploads/allimg/210711/1_0G1130Q95491.png,这个本子主打的是欢乐机制，机制总共分为三个部分，每个部分都有其特殊且强...,野生千岁,8人本,架空/欢乐/机制/还原,"作者：三撇,故事背景：梦幻而纯粹的伊甸园，,一座华丽耀眼的粉色城堡。黄昏的金色洒在漫天飞舞的泡泡上，,将光明折射成七彩照进每个人的梦里。传说环绕着梦幻城堡的河流尽头，,居住着曾经毁灭世界的恶龙那个肮脏污秽的亡者国度。四处散落着恶龙几千年累积的财宝，,无数冒险者视那里为终极梦想。"
伦敦1888,http://www.vshang66.com/uploads/allimg/210710/1-210G01T2490-L.jpg,“开膛手杰克”是否潜藏其中？又该如何拨开迷雾找出真凶？智商与情商的角逐...,囚鸟/坨坨/子翔,8人本,推理/列车/对抗,"剧本类型：本格推理,角色人数：8人,故事背景：19世纪末，大英帝国最为繁荣的年代。而潜伏在伦敦雾影之下的，却是贫富差异巨大、犯罪猖獗、人心堕落的黑暗。被贫困、肮脏、疾病、苦难所包围的伦敦东区，无疑成为了犯罪者的温床。1888年8月—10月，“开膛手杰克”在白教堂一带以残忍的手法疯狂杀害了多名妓女，整个伦敦都笼罩在血色的阴影之中。警方对此展开了铺天盖地的调查，却始终未将其抓入法网，杰克的身份也成为了历史悬案。1888年12月1日，没有人知道，一列从伦敦驶向达灵顿的普通列车上，却承载着抓住杰克最后的希望……【角色介绍】,庄园主索菲：一位雍容华贵的庄园主，大约六、七十岁的年纪。她匆匆赶来，惊讶的轻轻捂住了嘴，拉低了帽檐，眼神中带有一丝疑惑和不安。上校劳伦斯："
葬礼角斗2金三角,http://www.vshang66.com/uploads/allimg/210710/1-210G01S2510-L.jpg,以金三角地带为背景，讲述一群代理人来争夺总代理的故事，八个人人物里有毒...,福润,8人本,机制/阵营/现代/城限,"5.代理M 30岁左右 比较干练 东亚面孔,6.代理J 20岁左右 网红脸 东亚面孔,7.代理R 20岁左右 有些丑陋 东南亚面孔,8.代理T 40岁左右 徐娘半老 东南亚面孔,网友测评：这个本打底其实就要七个多小时，所有流程加上私聊时间，就算控了时也差不多每车都是八个小时这样，如果大家能聊的更多更深感觉可以十个小时了！,讨论了一下，每车都是不一样刺激的玩法，喜欢阵营本的一定要冲这个本！首先吸引我的是题材，我第一次玩这种背景的阵营本，喜欢看港匪片的更加有兴趣～"
嫁衣,http://www.vshang66.com/uploads/allimg/210704/1_0F41440341093.jpg,《嫁衣》（八人本）这个本子欢乐，阵营，机制为主，还原推凶为辅。特殊的机...,手刃,8人本,古风/架空/欢乐/机制,"古云镇杨府杨老爷曾经乃是本朝大将军，所谓一人之下万人之上指的便是他。大将军与六大家族辅佐幼年太子继位成为了当今的皇帝陛下。后来皇帝为了感谢杨老爷还特地让一黄姓奇人制作了一件精美绝伦的嫁衣赐给杨老爷之女，杨老爷收到恩赐后表示每逢佳节必让女儿穿上以此铭记皇恩，数月后杨老爷便交出兵权带着其中两大家族告老还乡回到了古云镇。今天我们的故事便从这古云镇娓娓道来……人物角色：王故，男,斗笠男子，男,宁子德，男,苏欲，男,齐木，男,李琼，女,明月，女"
桑北花杀,http://www.vshang66.com/uploads/allimg/210704/1_0F4143Tc296.jpg,桑北的故事很清晰，有复杂的人物关系，但是主线很清晰。人设都非常好，抓住...,闻暖,8人本,机制/情感/沉浸/家国,"元景瑞：桑北大皇子,元景川：桑北二皇子,怀初先生：幕僚大臣,梁宵：北梁小将军,梁月：北梁将军府郡主,唐梦西：大皇子侍女,元朵朵：桑北小公主,静和公主：西凌公主,剧本测评：市场上不缺关于家国情怀的本，也不少有情感至深的本，不缺有深度，有内涵的本，也不缺架空历史的本。我没有想过桑北花杀能融众多元素一体，也没想过这本能给我带来这么持久且扑面而来的震撼感。"
光复,http://www.vshang66.com/uploads/allimg/210702/1_0F223045322Y.jpg,自1931年起，日本开始入侵中华，无数国家英雄挺身而出，不畏生死，以自己血...,曼巴剧制,8人本,情感/立意/本格/进阶,"游戏时长：4-4.5h,剧本简介：自1931年起，日本开始入侵中华，无数国家英雄挺身而出，不畏生死，以自己血肉之躯来重铸华夏山河，作为后辈，我们自当牢记，不负先人之志。人物介绍：刘梅，21岁,韩凝，20岁,秦旭，24岁,肖远，24岁,宋毅，19岁,杨小兰，19岁"
瘆2:五月二十七,http://www.vshang66.com/uploads/allimg/210702/1_0F22250414941.jpg,晚上九点，我坐在电脑桌前，突然一阵头晕目眩，身体的力量一下子被抽空。我...,天津第一现场,8人本,现代/恐怖/机制/开放,"游戏时长：4-5h,剧本亮点：8人恐怖硬核机制追逐,剧本简介：晚上九点，我坐在电脑桌前，突然一阵头晕目眩，身体的力量一下子被抽空。我是谁？我在哪？我在干嘛？简直荒谬，我怎么可能不知道自己是谁？我叫…我叫？我叫……不行，我要清醒一下！,水喷射在我脸上，我终于清醒过来，等等，镜子里的人是谁？我拿起一旁的剃须刀，朝手腕划去……找到你了。”别跑了，这是地狱的狂欢夜！"
干掉盗版剧本,http://www.vshang66.com/uploads/allimg/210702/1_0F222464Y5G.jpg,剧本王国里有很多小剧本，他们每天快快乐乐的生活着。国王作为欢乐机制阵营...,十库剧本,8人本,现代/架空/欢乐/阵营,"游戏时长：3.5-4h,剧本亮点：《干掉盗版剧本》8人欢乐阵营机制立意,8人假期必备神器机制阵营只会比《干掉天眼玩家》更有趣,剧本简介：剧本王国里有很多小剧本，他们每天快快乐乐的生活着。国王作为欢乐机制阵营本，这一种族越发壮大，人群极速增长。又到了一年一度选举的时刻，小剧本争相恐后的表现着自己的能力。没想到，意外发生了，剧本王国里竟然混入了大量不法分子，图谋不轨，选举迫在眉睫，小剧本们是否能成功揪出不法分子，换届成功，敬请期待！,人物介绍："
庇护所,http://www.vshang66.com/uploads/allimg/210702/1_0F22243134312.jpg,2230年，第三次世界核战争爆发好几年了，世界进入了冷战阶段一座饱受战火，...,velonoca塔楼猫,8人本,阵营/现代/机制/本格,"剧本亮点：新机制，深立意，无边缘角色,故事背景：2230年，第三次世界核战争爆发好几年了，世界进入了冷战阶段一座饱受战火，但未被核污染的X城，在凛冬将至的时候，终于有了一点活人迹象。8名战争的幸存者，为了生存而挣扎，他们陆续加入了一个半烧毁的建筑物，并把那里命名为庇护所""。在庇护所里，大家虽然有了避风的港湾，却同样要面临生存的压力，每天宰苦搜索来的食物，还要上缴大部分给建筑物拥有者当做房租租金，苦不堪言。而在发现庇护所里不少人都与自己曾经有过仇恨的过往时你是否还能保持本心？在人性遭遇巨大挑战的时候你还有信心让自己保留足够的人性吗？人物介绍：销售员-凯特琳娜 女：29岁，销售员出身，口才很好，讲价高手。性感，热情。前跑酷冠军-布鲁斯 28岁，前跑酷世界冠军，因伤退役，生计无法维持，开始偷窃为生。厨师-安德森 31岁，厨艺精湛，沉默寡言、内敛，是个有故事的人"
云卷千岚,http://www.vshang66.com/uploads/allimg/210630/1_06301054491K2.png,《云卷千岚》故事人物背景故事丰富，且细心为其伪造背景故事。人物爱恨纠葛...,烧脑/推理/本格,8人本,吊儿郎当桌游,剧本简介：瑾国30年，瑾胜帝起兵四境，讨伐不断，所向披靡。瑾国63年，瑾衡帝收服南赢，瑾国进入鼎盛时代。瑾国83年，瑾衡帝三子争储，制衡之术行于朝政，瑾国内亏而不自知。国运之形，诡谲深涌，有不知名之势，有不知意之人。居庙堂之上，一叶障目；处江湖之远，暗怀鬼胎。静水深流，终有燕过点水，涟漪起伏。这一日，在远在西南边陲的江湖首帮“千岚盟”的分堂”月照堂”中，一起突然却不意外的命案，如一盅鲜血，倾入牛乳，搅浑了看似平静纯粹的逍遥快活。而这惊魂一案，却仅仅是一个故事的开始而已。人物介绍：殷易磊：男，35岁，月照堂堂主，为人潇洒豁达，对施毒 暗杀之术颇为精通。十年前迎娶千岚盟盟主万云往长女万 卿雯。万卿雯：女，28岁，容貌姣好，风韵不减。殷易磊唯一的妻子，万云往独女，从小受父亲教导，身手甚佳，十年前嫁与殷易磊，被世人传为英雄佳人。江腾凌：男，33岁，风波堂堂主，与殷易磊是挚友故交， 为人喜欢研究弓箭暗器，似乎对其他的事情并没兴趣。
鉴心,http://www.vshang66.com/uploads/allimg/210628/1_062Q535215415.jpg,世间万物有真也有假，鉴宝一行更是如此，因为一次失误可能就会导致倾家荡产...,选剧本发行,8人本,欢乐/机制/本格,"剧本时长：4小时,阅读体量：6000字左右,剧本亮点：游戏过程极其欢乐，新颖的机制题材，DM与玩家互动性高，不吃DM。剧本简介：世间万物有真也有假，鉴宝一行更是如此，因为一次失误可能就会导致倾家荡产，所以古董界里有“三年不开张，开张吃三年”一说。但鉴古行也流传着“鉴古易，鉴人难”的说法，与其说是鉴宝，不如说鉴宝之前需先鉴人，人看得准，是否可靠，鉴宝时才更多几分把握。2008年，本该平淡的一年就这样过去，可在年底，一条重磅消息震动了整个沧海市：在2009年1月1日，地下拍卖行将拍卖一批国宝级古董，诚邀沧海市所有大亨前来竞拍，同时也将有资深专业评委进行现场鉴定。一场古董拍卖，将会引起怎样的轩然大波，一切谜底，只能静静等待新年的到来。"
小丑竟是我自己,http://www.vshang66.com/uploads/allimg/210628/1_062Q5220J922.jpg,公元2060年，地球联邦提议并通过了多项禁令，于是各国政府便有了针对装逼罪...,贩罪现场,8人本,现代/欢乐/开放/新手,"剧本简介：公元2060年，地球联邦提议并通过了多项禁令，于是各国政府便有了针对装逼罪犯的完整刑法，撒谎者三年起步，装逼者最高死刑。而凭借着发达的科技手段，智能设备覆盖地球的每个角落，罪犯终无处可匿。一百年后的今天，全球范围内再也没有了撒谎装逼者，这是全新的时代。今天沙特王子谢赫·哈曼顿·穆德感覃·本·拉希德·阿勒马克汉姆来到了杭州市，他邀请了几位朋友来参加他的Party。而我们的故事便从这荒诞之中开始了……人物介绍：斯内克，男，知名律师，什么？你竟然问我的最高水平？那当然是无期呀,朱蛋蛋，男，文学网友，很生气现在竟然还有人怀疑奥特曼的存在，键来！,王多钱，男，杭州首富，我对钱没有兴趣，我最快乐的是和队友们一起踢足球的日子,云卷，男，大数据工程师，上级跟我说了，我是当之无愧的国士之才。秀儿，女，网红主播，老铁们，今天给大家表演一个绝活,木星，女，知名企业家，我做的容颜巨瘦公司，是真正造福人类的公司。"
标王风云,http://www.vshang66.com/uploads/allimg/210627/1_062G540431594.jpg,在这金本位的社会体系中，一种扭曲的消费方式正在悄然滋生，那就是超前消费...,海尔摩斯,8人本,现代/阵营/机制/本格,"游戏时长：4h,剧本亮点：新颖的机制,剧本简介：在这金本位的社会体系中，一种扭曲的消费方式正在悄然滋生，那就是超前消费，各式各样的信用卡，种类繁多的贷款类型应运而生，大家的生活似乎都已离不开超前消费，这是不平静的一年，全球经济动荡，以至于波及到我们日常生活，一场惊心动魄的竞争游戏愈演愈烈，风云暗积，商业之战，没有烽火硝烟，却同样残酷激烈。竞标之上，生死大战已悄无声息地拉开帷幕，一场接一场的厮杀不间断地进行着，究竟谁能运筹帷幄，决胜千里…这是一场考验演技与头脑的博弈，到底谁能一枝独秀拔得头筹成为今日的标王？人物介绍：樊磊，男，172cm,身体强健憨厚老实一本正经,李小亨，男，170cm,巧舌如簧足智多谋右臂纹身,张南，女，168cm,身材妙曼雍容华贵i默高冷,袁来，男，175cm,温文儒雅傲气傲骨西装革履,崔冰霜，女，168cm,面容请致都市丽人清纯靓丽"
最美丽的你,http://www.vshang66.com/uploads/allimg/210626/1_06261P0593E9.jpg,很久很久以前，这里是一座美丽的小岛，小岛上的居民靠着渔业幸福快乐的生活...,北峰,8人本,现代/情感/推理,"很久很久以前，这里是一座美丽的小岛，小岛上的居民靠着渔业幸福快乐的生活着，各种各样的水产鱼让人们应接不暇，慕名而来的游客数不胜数，一切都是那么的让人向往，温馨的情感萦绕在人们的心间，直到小岛上的花店少女神秘失踪，人们整整找了七天七夜，最后却不得不放弃后，一切都发生了改变……八年后，当一位渔夫在养殖场捞鱼时，竟然捞上来一具残缺不全的尸骨，经警方调查比对，发现死者是小岛书院院长的儿子……那些隐藏在人们心底最深处的秘密即将浮出水面，请你扮演小岛上的某位居民，认真进行探索，偏剧情向，《最美丽的你》献给最美丽的你们！,人物介绍：徐老板：小岛花店的店长，体型高大肥硕，面容憔悴，满脸皱纹，人到中年便白了头。周院长：小岛上赫赫有名的欲蟑书院的院长，一头乌黑的秀发格外扎眼，小岛上的居民都会亲切的称呼他为德高望重的老前辈。周美妇：周院长的现任妻子，不知其真实姓名，是一名风情万种的中年美妇。刘大姐：一名体型矮小身材瘦弱的环卫工人，慈眉善目的样子，总是对人温和的笑。李渔夫：小岛原住民，体型高大身材壮硕，是一名兼具打渔和养殖的水产大户，为人老实敦厚。杨小姐：专业的心理医生，体态娇媚，近几年才定居小岛，凭借着出色的外貌当选了小岛美女排行榜的第三名。"
夜半无人时,http://www.vshang66.com/uploads/allimg/210624/1_0624153QA017.png,你拖着疲惫不堪的身躯， 行尸走肉般在伸手不见五指的过道里前行， 空气中弥...,氓山道士,8人本,恐怖/还原/反转,"剧本简介：你拖着疲惫不堪的身躯，,行尸走肉般在伸手不见五指的过道里前行，,空气中弥漫着腐烂不堪的的气息，,听见了吗？那些来自尘埃里的叹息，,那充满了贪婪 以及不知名的憎恨，,你可曾听闻夜半无人之时？举头三尺有神明,夜半无人鬼敲门"
临崖,http://www.vshang66.com/uploads/allimg/210623/1_0623230G52C5.jpg,夜半时分厕所传出的低语，时不时回荡在教学楼中若有似无的脚步声。五年前发...,浮生工作室,8人本,恐怖/还原/机制/城限,"夜半时分厕所传出的低语，时不时回荡在教学楼中若有似无的脚步声。五年前发生诡异的女大学生跳楼案，真相到底是什么，也许没有人知道。关于这座被废弃的教学楼，发生的一切是禁忌一般，再也没有人提起。所有人都避而远之的教学楼，在今晚迎来了一群“客人”，热闹了起来。看似毫无关系的众人，背后又有着千丝万缕的关联。为了唤出亡灵所施展的还魂之术……却发生诡异事件，究竟是为了掩盖更多秘密？还是为了揭开尘封已久的真相？你所看到的，真的就是你感受到的吗？在这一刻，请你看用心看清所发生的一切！,人物介绍：【杨默】女，25岁。S大2017届毕业生。留着厚重的齐刘海，为人沉默、性格孤僻。职业不详。【李佳书】女，25岁。S大学2017届毕业生。曾获得S大校花票选第二名，在医疗器械公司任项目经理一职。【钟盈盈】女，29岁。白毅成的直播助理，是一名妇科医生。【唐鑫】男，23岁。身形瘦弱，带着十分神秘的气息。"
九小时,http://www.vshang66.com/uploads/allimg/210617/1-21061H312530-L.png,“本场游戏，没有鬼，没有替身，没有镜子，没有做梦，没有稀奇古怪的杀人机...,暮锦,8人本,硬核/逻辑/干盘/推理,故事简介：一场实验，双子大楼，九个小时。十个研究员，还有一条人命。没有鬼，没有做梦，没有镜子。没有谁是谁的爹，没有谁跟谁上了床。用逻辑来玩，你能依靠的只有你的逻辑。角色简介：【吴芳】女，23岁。不想当研究员的研究员。【钱同】女，26岁。
韶光错,http://www.vshang66.com/uploads/allimg/210616/1_061623304bC8.jpg,昭德年间，王朝熙攘繁盛。然，外有强敌环伺，内有严苛礼教，强盛的世家威胁...,鑫梦剧本工作室,8人本,古风/情感/还原/开放,剧本简介：昭德年间，王朝熙攘繁盛。然，外有强敌环伺，内有严苛礼教，强盛的世家威胁着皇权，山雨欲来风满楼。昭德十九年秋，有人从睡梦中醒来，一睁眼，王朝的命运开始改变。前路多风雨，亲人、爱人、友人，还可以信任吗？一生最美的情感，是否错付了韶光？两个真心相爱的人，能否相守白头？三段曲折离奇的牵扯，缘起何处？若痴心错付，归途末路。问一问天道命数，能不能在此停驻？人物介绍：
生死棋,http://www.vshang66.com/uploads/allimg/210608/1_060Q5414Dc7.jpg,"剧本亮点：全新的欺诈阵营模式,专属新颖的配套定制道具(隐形紫光印章),围棋...",溯光工作室,8人本,古风/架空/阵营/机制/本格,"游戏时长：4.5-5h,剧本简介：传说【生死棋】由天地混沌之气化成,得之可掌控万物。肃朝开国太祖皇帝在此帮助下夺取江山。至此百年间肃朝风调雨顺、安居乐业。太祖皇帝驾崩前,将所得的金银财宝与生死棋秘密藏于一地,以保肃朝江山长久不衰……百年后,肃朝二皇子密谋篡位成功,太子一脉遭到肃清。肃朝一四六年,江湖传岀【生死棋】岀世的消息。一群神秘人来到卧佛岭之上的有间客栈,暗流开始在众人之间涌动起来…"
九门,http://www.vshang66.com/uploads/allimg/210608/1_060Q529431G3.jpg,长沙展会参展作品《九门》，集机制、推理、还原为一身！突出点是玩家之间的...,夏若幻,8人本,机制/推理/还原,"2010年，已经秘密进行了8年的”超兵计划”引来了第八批祭品....被军方秘密绑架带到实验室的你们，出现在眼前的是一扇又一扇......人物介绍：熊大 : 20岁的美丽少女。黑色短发,神情冷漠。二狗:22岁的金发青年，眼神凌厉但是态度却非常温和。猫三:25岁的男青年，身形健硕，总是散发着无形的杀气。四猴 : 48岁中年男子，身形消瘦有着浓厚的黑眼圈，但是双眼闪动着智慧的光芒。龙五: 22岁的男青年，样貌普通。总是没睡醒的样子。牛六 : 22岁的长发女青年。温婉可人，一身书卷气。虎七 : 22岁的男青年，左眼有刀疤，给人一种凶悲的感觉。"
一枝红杏,http://www.vshang66.com/uploads/allimg/210606/1_0606224S61F1.jpg,一枝红杏剧本杀随机组合阵营，独特的不同组合不同的组合技，十分的新颖。可...,盛世剧制,8人本,古风/欢乐/阵营,"莫文郡：妖娆动人小眼神那叫一个勾人,慕容婵：落落大方那嘴上功夫那叫一个绝,彩诗诗：小家碧玉一看就是个顽皮的主,上官玉儿：倾国倾城哎哟好想去呵护她,冷凌云：眼神犀利只能看到眼我还能说什么,夏侯彧：面容俊秀非主流还染一撮红毛,萧玠：衣冠得体身上带的东西比娘们还多,永安：温文尔雅我感觉这个是最正常的"
