﻿Name,Img_url,rating,comment,Price,District,Type,标签,优惠券,Event,是否有外卖标识,是否有广告标识,Adress,Url,Lat,Lng,Tel
目马推理社,https://p1.meituan.net/merchantpic/2b5ca9e67874b767475a526c99fe4dec107354.jpg,50,260,71,大学城,剧本杀,当前有1场在拼,,98元 「城限剧本杀」新人券,,,勤业路学府印象23132314室,https://m.dianping.com/shoplist/101/search?from=m_search&keyword=目马推理社,27.917038,120.704962,18815135510
藏狐剧本推理社,https://p0.meituan.net/dpmerchantpic/23053b0a85383a1558f1dd730ebba5b5616657.jpg,40,94,74,车站大道,剧本杀,,,62元 【剧本杀】新人体验票,,,交行广场15C,https://m.dianping.com/shoplist/101/search?from=m_search&keyword=藏狐剧本推理社,27.990965,120.685775,17365851096
逐鹿沉浸式实景探案馆,https://p1.meituan.net/dpmerchantpic/7bf9f49d40c42aa27b985a5fa9609823382315.jpg,45,120,106,五马街/大南门,剧本杀,,,,,,五马街蝉街商厦f栋302室,https://m.dianping.com/shoplist/101/search?from=m_search&keyword=逐鹿沉浸式实景探案馆,28.011342,120.654936,13736335593
玖月推理探案馆,https://p1.meituan.net/merchantpic/c86d87db879952012f6e203ec931516641692.jpg,50,134,96,东瓯智库,剧本杀,团购满588抵5,,1元 盒装剧本杀【新客优惠】拼组代金券,,,花源路云创空间文化创意园37号306室,https://m.dianping.com/shoplist/101/search?from=m_search&keyword=玖月推理探案馆,28.001979,120.70762,19941232326
白日梦想家沉浸式剧本推理社,https://p0.meituan.net/merchantpic/321f2753784f20b1b3f1a66e92858475117537.jpg,40,81,89,东瓯智库,剧本杀,,,77元 新人剧本杀优惠券,,,万源路八百七十二弄26号,https://m.dianping.com/shoplist/101/search?from=m_search&keyword=白日梦想家沉浸式剧本推理社,#N/A,#N/A,18066464695
我是谁沉浸式剧本推理社,https://p1.meituan.net/merchantpic/4253755a8175103b7d098a9155c0872429353.jpg,35,22,87,万达广场,剧本杀,,,,,,永强路万达广场1号写字楼721,https://m.dianping.com/shoplist/101/search?from=m_search&keyword=我是谁沉浸式剧本推理社,27.921314,120.810982,13626584289
作幺探案馆·剧本杀,https://p0.meituan.net/dpmerchantpic/4e7a00a46a8081f87e880942becd6735287399.jpg,35,63,110,欧洲城,剧本杀,,,88元 年少不知软饭香,,,待入驻,https://m.dianping.com/shoplist/101/search?from=m_search&keyword=作幺探案馆·剧本杀,#N/A,#N/A,待入驻
诡谷·推理探案馆,https://p0.meituan.net/merchantpic/032f3f65c0bcc2bdfadd16e60a7a308e262560.jpg,35,44,,银泰百货/大南路,剧本杀,,,88元 古木吟,,,大南路鸿瑛大厦M层201,https://m.dianping.com/shoplist/101/search?from=m_search&keyword=诡谷·推理探案馆,28.008823,120.663763,13336927603
嘻游沉浸式剧本推理社(五马街店),https://p0.meituan.net/dpmerchantpic/c213416acfd971d94caf19ecdb2159c6104243.jpg,35,64,115,五马街/大南门,剧本杀,,,108元 情感类【电话预约】,,,府前街康泰大楼2楼207,https://m.dianping.com/shoplist/101/search?from=m_search&keyword=嘻游沉浸式剧本推理社(五马街店),#N/A,#N/A,18058320229
真相只有一个推理馆,https://p0.meituan.net/merchantpic/9dc7f42e38c744c476789555c01c149d1041188.jpg,50,130,104,五马街/大南门,剧本杀,,,1元 单人剧本杀8.8折,,,第一桥中荣城市广场B区4楼（李八哥旁玻璃电梯4楼蓝色房子）,https://m.dianping.com/shoplist/101/search?from=m_search&keyword=真相只有一个推理馆,28.010672,120.65892,057788286611
GX·浮生之谜剧本杀,https://p0.meituan.net/merchantpic/04386ea87329950872875e7b06b680cf289939.jpg,50,159,84,安阳街道,剧本杀,,,88元 【特惠剧本杀·恐怖主题】-一人起订-6人成团-,,,镇府路520号1单元301-302室,https://m.dianping.com/shoplist/101/search?from=m_search&keyword=GX·浮生之谜剧本杀,#N/A,#N/A,13587710975
叁千世界沉浸式剧本体验馆,https://p0.meituan.net/dpmerchantpic/4cde1abb9aa5dbb2fc251df190586577212881.jpg,35,52,100,五马街/大南门,剧本杀,,,168元 【剧本杀】双人剧本优惠券,,,人民东路中侨大厦2层2-1号10室,https://m.dianping.com/shoplist/101/search?from=m_search&keyword=叁千世界沉浸式剧本体验馆,#N/A,#N/A,18367709799
不在场剧本社(欧洲城店),https://p1.meituan.net/merchantpic/5f7fb5197815b1da412859e6441273b9101756.jpg,40,53,97,欧洲城,剧本杀,,,98元 请君入瓮,,,飞霞北路240-248号401室-2,https://m.dianping.com/shoplist/101/search?from=m_search&keyword=不在场剧本社(欧洲城店),#N/A,#N/A,18989760839
极光情报局·剧本杀体验馆,https://p0.meituan.net/merchantpic/cb399fac7a85833c76ac8fd21dba8fac54368.jpg,40,24,78,马鞍池,剧本杀,,,78元 「剧本杀新人」体验券,,,荷花锦园A幢8号（坦前基督教堂旁）,https://m.dianping.com/shoplist/101/search?from=m_search&keyword=极光情报局·剧本杀体验馆,#N/A,#N/A,18368329402
心计之蛙沉浸式剧本杀,https://p0.meituan.net/merchantpic/47f0bab0e777e9643b4e361873dec11a252378.jpg,35,64,73,大学城,剧本杀,,,88元 拆迁,,,茶山大学城商务中心学府印象2705、2711室,https://m.dianping.com/shoplist/101/search?from=m_search&keyword=心计之蛙沉浸式剧本杀,#N/A,#N/A,19537998847
疑厂剧本杀·全息馆,https://p0.meituan.net/dpmerchantpic/3c40e926cf7d595ccb28e90cfc04c23e53433.jpg,35,53,83,五马街/大南门,剧本杀,,,88元 一枝红杏,,,五马街道第一桥128号温州饭店内6幢201室,https://m.dianping.com/shoplist/101/search?from=m_search&keyword=疑厂剧本杀·全息馆,#N/A,#N/A,18906678673
Q TIME剧本推理社,https://p1.meituan.net/merchantpic/9d2916df9b35305a0fb394cad49fe4ef449378.jpg,40,46,104,黎明立交桥,剧本杀,当前有1场在拼,,98元 在逃公主,,,高田路13-1号,https://m.dianping.com/shoplist/101/search?from=m_search&keyword=Q TIME剧本推理社,28.013489,120.68437,待入驻
木马牛沉浸式超级密室·演绎剧本杀,https://p0.meituan.net/dpmerchantpic/d644e4aa74099953d2fedcbfa6c97b51367589.jpg,40,81,147,欧洲城,密室,"温州密室热门榜第8名
剧情密室
付费停车",,13.14元 生日专享特惠,,,矮凳路欧洲城一期5幢307室,https://m.dianping.com/shoplist/101/search?from=m_search&keyword=木马牛沉浸式超级密室·演绎剧本杀,#N/A,#N/A,18066317585
007推理社,https://p0.meituan.net/merchantpic/5948b8ddd77b660341d3345436bb2b19345697.jpg,40,86,,大学城,剧本杀,,,58元 『盒装剧本杀』新人体验券,,,茶山街道舜岙寮后巷13号,https://m.dianping.com/shoplist/101/search?from=m_search&keyword=007推理社,27.925054,120.717362,待入驻
小世界剧本推理馆,https://p1.meituan.net/merchantpic/39a051c5f19ba65999cb921c66f39613804206.jpg,40,32,69,柳市镇,剧本杀,,,68元 剧本杀单人券,,,柳市兴达路121号佳乐公寓B401室,https://m.dianping.com/shoplist/101/search?from=m_search&keyword=小世界剧本推理馆,28.042539,120.898196,18257415423
G.X.Y银河探案馆,https://p0.meituan.net/dpmerchantpic/b12118a6266d84d6d3327a7c4b4a24f072276.jpg,35,30,116,五马街/大南门,剧本杀,,,570元 沉浸式剧本杀团券,,,谢池通讯商场二楼少年派,https://m.dianping.com/shoplist/101/search?from=m_search&keyword=G.X.Y银河探案馆,28.011274,120.664927,待入驻
G咖狼牙城堡,https://p0.meituan.net/dpmerchantpic/29c5f21da90bc44c5f51c79249f63f4b119523.jpg,40,45,101,五马街/大南门,剧本杀,,,158元 【城市限定】金陵有座东君书院,,,大南门龙泉巷侨村别墅B幢,https://m.dianping.com/shoplist/101/search?from=m_search&keyword=G咖狼牙城堡,#N/A,#N/A,17357775562
津渡探案府,https://p0.meituan.net/merchantpic/90dc1f798c37e1dba8a2b7be46bf7487143897.jpg,40,52,90,五马街/大南门,剧本杀,,,88元 【情感】舍离2断念,,,中荣科创大厦1006室,https://m.dianping.com/shoplist/101/search?from=m_search&keyword=津渡探案府,#N/A,#N/A,17706644616
老槐巷剧本杀,https://p0.meituan.net/dpmerchantpic/7e9cf15857dc7484a8a1d757c69b4331137016.jpg,35,66,81,大学城,剧本杀,,,62元 【剧本杀】新客体验券,,,卧龙路欧尚春天太一酒店公寓5单元3楼,https://m.dianping.com/shoplist/101/search?from=m_search&keyword=老槐巷剧本杀,#N/A,#N/A,13395873637
黑猫剧本杀推理社(置诚广场店),https://p1.meituan.net/merchantpic/18076f8b9e863fe268c7fffc6e1dec9a258105.jpg,,25,,瓯北,剧本杀,,,98元 【爱幼妇产医院】,,,江北社区新江路置诚广场余氏宗祠3楼,https://m.dianping.com/shoplist/101/search?from=m_search&keyword=黑猫剧本杀推理社(置诚广场店),#N/A,#N/A,15557582276
光影·女仆沉浸式剧本探案馆,https://p1.meituan.net/merchantpic/e05793ca53a39e5e077c622a43c22df4289207.jpg,35,70,77,乐成市区,剧本杀,,,78元 单人剧本杀体验劵,,,汇丰路2号3楼(全季酒店停车场后门),https://m.dianping.com/shoplist/101/search?from=m_search&keyword=光影·女仆沉浸式剧本探案馆,28.108042,120.961738,13767337521
唐人街推理馆,https://p0.meituan.net/dpmerchantpic/79c871c162285d6ba1b4ad10a81b89d6115885.jpg,35,23,,五马街/大南门,剧本杀,,,68元 剧本杀新人体验券,,,小南路42号国鼎商务楼404,https://m.dianping.com/shoplist/101/search?from=m_search&keyword=唐人街推理馆,28.0038,120.658944,13757870224
推門·沉浸式剧本探案馆,https://p0.meituan.net/merchantpic/49d89e47228acecfd425083ca6e9313791542.jpg,40,33,,五马街/大南门,剧本杀,,,88元 刑事侦缉档案-献祭者（人数不限）,,,莲花路185号3楼,https://m.dianping.com/shoplist/101/search?from=m_search&keyword=推門·沉浸式剧本探案馆,#N/A,#N/A,18867784215
51区推理社实景换装-剧本杀-狼人杀(车站大道店),https://p1.meituan.net/dpmerchantpic/bf774e5716f4fc9008fed5e2a94976c5202394.jpg,35,49,72,车站大道,剧本杀,,,,,,车站大道2号华盟商务广场3501室,https://m.dianping.com/shoplist/101/search?from=m_search&keyword=51区推理社实景换装-剧本杀-狼人杀(车站大道店),27.982986,120.685837,待入驻
诡雾推理社沉浸式剧本杀,https://p0.meituan.net/dpmerchantpic/e7cfca359f89098782958e93d5510ebb90425.jpg,,8,,财富广场,剧本杀,,,88元 诡雾推理社沉浸剧本杀,,,龙港大道136-162号二楼,https://m.dianping.com/shoplist/101/search?from=m_search&keyword=诡雾推理社沉浸式剧本杀,#N/A,#N/A,13025000236
困鹿山剧社,https://p0.meituan.net/merchantpic/ff86d961c5254386386fefaea1d656b1140055.jpg,35,16,,五马街/大南门,剧本杀,,,48元 剧本杀学生专属体验券,,,飞霞南路华纳大楼208室,https://m.dianping.com/shoplist/101/search?from=m_search&keyword=困鹿山剧社,#N/A,#N/A,17758122081
HC千奇事件馆·沉浸式剧本杀(永楠店),https://p0.meituan.net/dpmerchantpic/139d01399893bebb3813531b3daed1f7107837.jpg,45,82,92,欧洲城,剧本杀,,,88元 单人剧本杀优惠券,,,永楠路永楠公寓5、6栋202室,https://m.dianping.com/shoplist/101/search?from=m_search&keyword=HC千奇事件馆·沉浸式剧本杀(永楠店),28.020763,120.669868,18658736965
51区推理社 实景换装-剧本杀-狼人杀(蝉街店),https://p0.meituan.net/dpmerchantpic/b6c47860ecb50a471a6eb835526fa2a3157778.jpg,35,54,85,五马街/大南门,剧本杀,,,88元 单人剧本杀优惠,,,信河街新国光商住广场地下室 14号,https://m.dianping.com/shoplist/101/search?from=m_search&keyword=51区推理社 实景换装-剧本杀-狼人杀(蝉街店),#N/A,#N/A,13057980177
答案推理社,https://p1.meituan.net/merchantpic/7156445de1508a882e79e4f18a64530c74452.jpg,35,27,62,五马街/大南门,剧本杀,,,78元 赶尸人,,,中荣科创大厦807,https://m.dianping.com/shoplist/101/search?from=m_search&keyword=答案推理社,28.010599,120.669637,17328848795
HC水月推理馆,https://p0.meituan.net/dpmerchantpic/5366e82562b53287df2c4d3f9456c47d72039.jpg,40,24,,锦绣路,剧本杀,,,88元 单人剧本杀优惠券,,,下吕浦锦园1幢1404室,https://m.dianping.com/shoplist/101/search?from=m_search&keyword=HC水月推理馆,#N/A,#N/A,15158596614
你不对劲剧本杀推理社,https://p0.meituan.net/merchantpic/ff877c4f2ea0ce39399fde6e2ad7a8a62454505.jpg,35,28,,柳市镇,剧本杀,,,39.9元 首单体验价,,,世纪商务大厦F栋二单元2002,https://m.dianping.com/shoplist/101/search?from=m_search&keyword=你不对劲剧本杀推理社,#N/A,#N/A,19906679980
香蕉剧本推理工场,https://p0.meituan.net/merchantpic/7adc46348b7349e79552173b314f563a77043.jpg,45,101,117,东瓯智库,剧本杀,,,88元 98剧本杀单人券,,,花源路东瓯智库36号楼5楼,https://m.dianping.com/shoplist/101/search?from=m_search&keyword=香蕉剧本推理工场,#N/A,#N/A,17816315699
不鸽沉浸式剧本杀推理馆,https://p0.meituan.net/dpmerchantpic/cbc503c755b598f5d85efe2e4d1d04d5130432.jpg,35,18,,东山街道,剧本杀,,8.8元可购20元代金券,158元 梵高先生,,,仓关前2号,https://m.dianping.com/shoplist/101/search?from=m_search&keyword=不鸽沉浸式剧本杀推理馆,27.760825,120.64645,15869690052
危房VRoom真人密室(东欧智库店),https://p0.meituan.net/dpmerchantpic/cda4a9cb869bfd390312252f9b0b1939109592.jpg,50,423,156,东瓯智库,密室,"温州密室好评榜第1名
恐怖密室
真人NPC",,20元 生日代金券,,,花源路131号电梯二楼（红画坊进，南山咖啡楼上）,https://m.dianping.com/shoplist/101/search?from=m_search&keyword=危房VRoom真人密室(东欧智库店),#N/A,#N/A,18072167978
巨目7·311剧本杀,https://p0.meituan.net/dpmerchantpic/a3d8f743d4a42747abe7c8409ad20d3778416.jpg,,36,,万达广场,剧本杀,,,78元 【盒装剧本杀】单人体验券,,,永定路万达广场7号写字楼311-312室,https://m.dianping.com/shoplist/101/search?from=m_search&keyword=巨目7·311剧本杀,27.919271,120.813577,15888462656
YZ沉浸式剧本杀,https://p1.meituan.net/merchantpic/963c637b60d0314f938ae1f3300cfba569468.jpg,,31,,吾悦广场,剧本杀,,,108元 特惠剧本杀（换装）,,,吾悦广场金街2楼2072,https://m.dianping.com/shoplist/101/search?from=m_search&keyword=YZ沉浸式剧本杀,#N/A,#N/A,13064546979
嘻游沉浸式剧本推理社(欧洲城店),https://p0.meituan.net/dpmerchantpic/42445dea47a567f0a13dda2e3b319de11055347.jpg,40,127,104,欧洲城,剧本杀,,,,,,江滨西路欧洲城中心大楼709室,https://m.dianping.com/shoplist/101/search?from=m_search&keyword=嘻游沉浸式剧本推理社(欧洲城店),28.018711,120.669884,18066300256
TanMi707沉浸式剧本杀推理馆,https://p0.meituan.net/dpmerchantpic/cd813af23a29c5f7e871d3eb85e3c9331114337.jpg,,6,,虹桥镇,剧本杀,,,67元 剧本杀,,,虹南路327号,https://m.dianping.com/shoplist/101/search?from=m_search&keyword=TanMi707沉浸式剧本杀推理馆,#N/A,#N/A,13185816856
是谁剧本杀推理社,https://p0.meituan.net/merchantpic/4098c5e46a4ba1f385f915b82b07aa19125615.jpg,35,24,107,灵溪镇,剧本杀,,,88元 死者在幻夜中醒来,,,灵溪镇车站大道东方景园19幢401室,https://m.dianping.com/shoplist/101/search?from=m_search&keyword=是谁剧本杀推理社,27.515809,120.421523,待入驻
戏精的自我修养,https://p0.meituan.net/dpmerchantpic/f975df64dfc0aa4ce7216dbab99c847b38778.jpg,35,85,,银泰百货/大南路,剧本杀,,,69元 那时的我们,,,待入驻,https://m.dianping.com/shoplist/101/search?from=m_search&keyword=戏精的自我修养,#N/A,#N/A,待入驻
初心沉浸式剧本推理社,https://p0.meituan.net/merchantpic/15a0862fbd06cabc02512bad8503e659183435.jpg,35,24,,乐成市区,剧本杀,,,156元 初心剧本杀双人券,,,乐城街道阳光大厦1栋1单元1502,https://m.dianping.com/shoplist/101/search?from=m_search&keyword=初心沉浸式剧本推理社,#N/A,#N/A,18066373793
扯淡文娱·剧本杀探案桌游馆,https://p0.meituan.net/merchantpic/8b2489d9d7e26cca092ca3c9c012ede1447199.jpg,35,17,,上塘,剧本杀,,,68元 剧本杀新人体验券,,,上塘镇秀水路上善居6幢501室万潮广场200米,https://m.dianping.com/shoplist/101/search?from=m_search&keyword=扯淡文娱·剧本杀探案桌游馆,#N/A,#N/A,15967466572
来闹剧本推理社,https://p0.meituan.net/merchantpic/d448c9c37ca6ad78dd44521ea461a6bf25373.jpg,35,17,,大学城,剧本杀,,,58元 【剧本杀】盒装新人券,,,中心南路高教园区商务中心二期1910室,https://m.dianping.com/shoplist/101/search?from=m_search&keyword=来闹剧本推理社,#N/A,#N/A,17816044242
小竹子剧本推理社(正大广场店),https://p0.meituan.net/merchantpic/5d7859bf179fea324843717c15e151e5108801.jpg,30,22,,乐成市区,剧本杀,,,29.8元 盒装剧本初次体验券,,,城南街道百珍西路南城嘉园c栋一单元702室,https://m.dianping.com/shoplist/101/search?from=m_search&keyword=小竹子剧本推理社(正大广场店),#N/A,#N/A,15267708603
Begin推理社,https://qcloud.dpfile.com/pc/2SAIukls8c_cAkbjMLwQ_4LBmiBH7FP7YYfEM1KSSLo8OCdmbYbp2NysSALtgfL0FoXqu0G3iT2T27qat3WhLVEuLYk00OmSS1IdNpm8K8sG4JN9RIm2mTKcbLtc2o2vfCF2ubeXzk49OsGrXt_KYDCngOyCwZK-s3fqawWswzk.jpg,40,29,100,五马街/大南门,剧本杀,,,,,,待入驻,https://m.dianping.com/shoplist/101/search?from=m_search&keyword=Begin推理社,#N/A,#N/A,待入驻
剧一聚剧本研究推理社,https://p1.meituan.net/merchantpic/a534ba132265a2a2a96954046d44ae63152391.jpg,35,21,,乐成市区,剧本杀,,,1元 「勿拍」,,,城东街道旭阳路988—1008号兰庭公馆A幢2单元901室,https://m.dianping.com/shoplist/101/search?from=m_search&keyword=剧一聚剧本研究推理社,#N/A,#N/A,13291535161
屿风沉浸式剧本体验店,https://p1.meituan.net/merchantpic/2d70d073415cd9367c78497de7a0cac7862647.jpg,,27,,灵溪镇,剧本杀,,,78元 年轮,,,城南横街1号,https://m.dianping.com/shoplist/101/search?from=m_search&keyword=屿风沉浸式剧本体验店,#N/A,#N/A,17858479124
六扇门推理馆·剧本杀,https://p0.meituan.net/dpmerchantpic/a380afcfedae3ce90bc97a040d552a8960110.jpg,,7,,动车南站,剧本杀,,,78元 剧本杀新人体验券,,,潘桥街道宁波路港龙商业广场2栋1214,https://m.dianping.com/shoplist/101/search?from=m_search&keyword=六扇门推理馆·剧本杀,#N/A,#N/A,18968998096
明灯推理馆,https://p0.meituan.net/merchantpic/ea45c5cc29773d05018e1337c91037b8320832.jpg,40,55,108,五马街/大南门,剧本杀,,,29.9元 新客29.9剧本杀,,,金锁匙巷10号,https://m.dianping.com/shoplist/101/search?from=m_search&keyword=明灯推理馆,28.0164,120.653652,13705886061
少东家推理馆·剧本杀·狼人杀·桌游棋牌,https://p0.meituan.net/dpmerchantpic/3058ffec34a36ea89e0811c7925e21cd1442594.jpg,,6,,龙港镇,剧本杀,,,68元 单人剧本杀,,,德雅花园20幢206,https://m.dianping.com/shoplist/101/search?from=m_search&keyword=少东家推理馆·剧本杀·狼人杀·桌游棋牌,#N/A,#N/A,17769528318
第一嫌疑人剧本推理馆,https://p0.meituan.net/merchantpic/220e8f02c62549406717c9f28cf48e5247226.jpg,,37,,汤家桥,剧本杀,,,1元 整组剧本杀发车代金券,,,大自然三期B区2a2302,https://m.dianping.com/shoplist/101/search?from=m_search&keyword=第一嫌疑人剧本推理馆,#N/A,#N/A,15857787783
荒井沉浸式剧本推理馆,,35,30,85,安阳街道,剧本杀,,,88元 团建推荐 |  精品盒装剧本杀,,,拱瑞山路284号,https://m.dianping.com/shoplist/101/search?from=m_search&keyword=荒井沉浸式剧本推理馆,#N/A,#N/A,15558750737
十五号推理馆,,35,16,,学院路,剧本杀,,,88元 剧本杀,,,上陡门人才大厦c幢1506室,https://m.dianping.com/shoplist/101/search?from=m_search&keyword=十五号推理馆,28.004116,120.698051,15258794051
诡计推理社,,30,21,,乐清市其他,剧本杀,,,128元 金陵有座东君书院,,,旭阳路乐清总部经济园1号楼11楼,https://m.dianping.com/shoplist/101/search?from=m_search&keyword=诡计推理社,#N/A,#N/A,13029681821
头号玩家剧本杀,,,7,,水头镇,剧本杀,,,66元 【剧本杀】新手体验券,,,水头镇振德东路146-148号,https://m.dianping.com/shoplist/101/search?from=m_search&keyword=头号玩家剧本杀,27.636697,120.336661,待入驻
最后一刻密室逃脱(龙港财富店),https://p0.meituan.net/dpmerchantpic/eb565a6872dbc05f48db2b22277098f2226304.jpg,35,124,92,财富广场,密室,"恐怖密室
桌游",,500元 剧本杀狼人杀桌游房包场票,,,待入驻,https://m.dianping.com/shoplist/101/search?from=m_search&keyword=最后一刻密室逃脱(龙港财富店),#N/A,#N/A,待入驻
探月剧本推理馆,https://p0.meituan.net/merchantpic/c44fb19fd541f97c8cd0eddc6a444dec59793.jpg,,,,安阳街道,剧本杀,,,68元 【剧本杀-良品卷】-单人卷-6人成团,,,待入驻,https://m.dianping.com/shoplist/101/search?from=m_search&keyword=探月剧本推理馆,#N/A,#N/A,待入驻
听狼说沉浸式推理探案馆,https://p1.meituan.net/dpmerchantpic/d7e91d977f73aa6f1eda9f1d9094975536033.jpg,,34,,乐成市区,剧本杀,团购满68抵13,,70元 剧本杀单次体验劵,,,城东街道双雁路564号,https://m.dianping.com/shoplist/101/search?from=m_search&keyword=听狼说沉浸式推理探案馆,28.11869,120.975714,待入驻
兔子剧本杀推理桌游馆,https://p0.meituan.net/merchantpic/534984d37476a90a3f8317df9d72a64125806.jpg,,8,,瓯北,剧本杀,,,68元 单人剧本杀体验券,,,待入驻,https://m.dianping.com/shoplist/101/search?from=m_search&keyword=兔子剧本杀推理桌游馆,#N/A,#N/A,待入驻
真象·全息沉浸式剧本推理馆,https://p1.meituan.net/merchantpic/6e064615c3ab3afc76cf65f19d157fd050537.jpg,,,,安阳街道,剧本杀,,,88元 花田囍事,,,待入驻,https://m.dianping.com/shoplist/101/search?from=m_search&keyword=真象·全息沉浸式剧本推理馆,#N/A,#N/A,待入驻
4Y剧本杀,https://p1.meituan.net/merchantpic/66ebe3c11b500c13b5c41e0de57ecf81242110.jpg,,11,,大学城,剧本杀,,,59.9元 4Y剧本杀骨折券,,,待入驻,https://m.dianping.com/shoplist/101/search?from=m_search&keyword=4Y剧本杀,#N/A,#N/A,待入驻
玩客联盟轰趴馆,https://p0.meituan.net/merchantpic/f3e43c69e7f7ec6d5abe7cf50d3c562d234906.jpg,35,37,38,乐清市中心城区,轰趴馆,"桌游
投影仪
免费停车",,36元 剧本杀畅玩一天,,,待入驻,https://m.dianping.com/shoplist/101/search?from=m_search&keyword=玩客联盟轰趴馆,#N/A,#N/A,待入驻
Z·X·D悬疑推理社,https://p0.meituan.net/dpmerchantpic/dde72ba41238a45e6f15fca2420fb2d0193303.jpg,,13,,瞿溪,剧本杀,,,58元 剧本杀新人体验券,,,燎原华庭1栋1单元26楼2603室,https://m.dianping.com/shoplist/101/search?from=m_search&keyword=Z·X·D悬疑推理社,27.972528,120.559132,待入驻
有猫腻推理社,https://p1.meituan.net/merchantpic/e3105e679f90002624cc855e3be675e5330438.jpg,,7,,乐成市区,剧本杀,,,48.8元 剧本杀首单体验券,,,待入驻,https://m.dianping.com/shoplist/101/search?from=m_search&keyword=有猫腻推理社,#N/A,#N/A,待入驻
理想主义者沉浸式剧本推理馆,https://p0.meituan.net/dpmerchantpic/1f9dc7a9670c7623dc64e1aa16d9a9ea201323.jpg,,1,,大学城,剧本杀,,,68元 山之神,,,待入驻,https://m.dianping.com/shoplist/101/search?from=m_search&keyword=理想主义者沉浸式剧本推理馆,#N/A,#N/A,待入驻
Lat music bar花狗堂·剧本杀俱乐部,https://img.meituan.net/mogu/2d35730ea4d6bbd95067142bf8673ca3673942.jpg,40,35,94,车站大道,清吧,嘻哈/Hip-Hop,,,,,待入驻,https://m.dianping.com/shoplist/101/search?from=m_search&keyword=Lat music bar花狗堂·剧本杀俱乐部,#N/A,#N/A,待入驻
易丨探案馆,https://p1.meituan.net/dpmerchantpic/5148364ac6a78b720bd4ad3084e64d15251900.jpg,,11,,瑞安市区,剧本杀,,,128元 城市限定剧本杀单次体验,,,待入驻,https://m.dianping.com/shoplist/101/search?from=m_search&keyword=易丨探案馆,#N/A,#N/A,待入驻
不眠推理社,https://p0.meituan.net/merchantpic/e9d46e34cb2488b6c721b90f83e42b1751727.jpg,,1,,泰顺县中心城区,剧本杀,,,48元 上路,,,待入驻,https://m.dianping.com/shoplist/101/search?from=m_search&keyword=不眠推理社,#N/A,#N/A,待入驻
二氧化探推理社,https://p0.meituan.net/dpmerchantpic/b5929fe39a1b82e4fa0df72b3e47dc70381587.jpg,,9,73,上望镇,剧本杀,,,88元 病娇男孩的精分日记,,,明镜佳园A幢2单元1002,https://m.dianping.com/shoplist/101/search?from=m_search&keyword=二氧化探推理社,27.776891,120.669247,待入驻
洛初沉浸推理馆,https://p0.meituan.net/merchantpic/017b219edc0087b4057a424b1d9498a2370256.jpg,,1,,灵溪镇,剧本杀,,,78元 云上有个供销社,,,广场南路海西科技创业园14幢主楼1607,https://m.dianping.com/shoplist/101/search?from=m_search&keyword=洛初沉浸推理馆,27.525843,120.413663,待入驻
一起玩剧本桌游狼人杀,https://p0.meituan.net/dpmerchantpic/c013d1a3b865ee3abdc466d68e4f72f7627520.jpg,,3,,龙港市,剧本杀,,,68元 似灵寺2,,,待入驻,https://m.dianping.com/shoplist/101/search?from=m_search&keyword=一起玩剧本桌游狼人杀,#N/A,#N/A,待入驻
谜肆探案社,https://p1.meituan.net/dpmerchantpic/ddc4adac09a591f4de0e0f2fe7f53a361887493.jpg,,7,,安阳街道,剧本杀,,,79元 谁动了我的奶酪,,,待入驻,https://m.dianping.com/shoplist/101/search?from=m_search&keyword=谜肆探案社,#N/A,#N/A,待入驻
影雾推理社,https://p0.meituan.net/merchantpic/6659e50b454999162f4644c58f61d5de49796.jpg,,,,大学城,剧本杀,,,68元 (剧本杀）新人券,,,茶山街道卧龙路662号睦祥锦园7栋1单元502室,https://m.dianping.com/shoplist/101/search?from=m_search&keyword=影雾推理社,27.912926,120.69766,待入驻
归宿剧本杀,https://p0.meituan.net/dpmerchantpic/bbdd81fd26a15285e67893f6420f5bb2150327.jpg,,14,,大学城,剧本杀,,,88元 黑色麻花辫,,,待入驻,https://m.dianping.com/shoplist/101/search?from=m_search&keyword=归宿剧本杀,#N/A,#N/A,待入驻
零派真人密室(灵溪银泰店),https://p0.meituan.net/dpmerchantpic/af36bbcfc00a274d524fa0900bb4f7b9573374.jpg,,37,,苍南银泰城,密室,"恐怖密室
桌游
免费停车",,[含剧本杀]128元 《桃花咒》真人换装实景搜证剧本杀,,,待入驻,https://m.dianping.com/shoplist/101/search?from=m_search&keyword=零派真人密室(灵溪银泰店),#N/A,#N/A,待入驻
第二人生推理社,https://p1.meituan.net/dpmerchantpic/705423139082ebc8721884a472b8264f86916.jpg,,12,,中楠广场,剧本杀,,,78元 单人剧本杀优惠劵,,,待入驻,https://m.dianping.com/shoplist/101/search?from=m_search&keyword=第二人生推理社,#N/A,#N/A,待入驻
不安全推理社(乐成时代广场店),https://p0.meituan.net/merchantpic/33fe0c1bc6091a4906ca82b480e345b9979171.jpg,,5,,乐成市区,剧本杀,,,68元 剧本杀单场券,,,欣业大厦,https://m.dianping.com/shoplist/101/search?from=m_search&keyword=不安全推理社(乐成时代广场店),28.108401,120.973326,待入驻
GX•浮生之谜(平阳万达店),https://p1.meituan.net/searchscenerec/c0320f5860e99b1aeff6201f8a9a8e85296901.png,,,,万达广场,剧本杀,,,88元 【新店特惠】单人盒装剧本杀体验,,,待入驻,https://m.dianping.com/shoplist/101/search?from=m_search&keyword=GX•浮生之谜(平阳万达店),#N/A,#N/A,待入驻
寻间沉浸式剧本推理社,https://p0.meituan.net/merchantpic/e78538f1017222cd71a991a7934076bc478627.jpg,,16,,安阳街道,剧本杀,,,73元 盒装本新客体验,,,待入驻,https://m.dianping.com/shoplist/101/search?from=m_search&keyword=寻间沉浸式剧本推理社,#N/A,#N/A,待入驻
夜行推理社,https://p0.meituan.net/merchantpic/5192290015eb6321dda833b71fd031d5110600.jpg,,3,,虹桥镇,剧本杀,,,78元 单人剧本杀体验券,,,虹桥镇虹桥中路156号,https://m.dianping.com/shoplist/101/search?from=m_search&keyword=夜行推理社,28.211138,121.033922,待入驻
蛛丝马迹推理社,https://p0.meituan.net/merchantpic/6e60f52a7718400d04e637dc7bb5d390423953.jpg,,7,,万达广场,剧本杀,,,1元 剧本杀组局拼车请咨询,,,待入驻,https://m.dianping.com/shoplist/101/search?from=m_search&keyword=蛛丝马迹推理社,#N/A,#N/A,待入驻
人生如戏推理社,https://p0.meituan.net/merchantpic/46c9b743a470544df3e98b5a5d0f2a68886304.jpg,,11,,乐成市区,剧本杀,,,68元 单人剧本杀体验券,,,清远路欣业大厦1单元501室,https://m.dianping.com/shoplist/101/search?from=m_search&keyword=人生如戏推理社,28.109621,120.97024,待入驻
者者居,https://p0.meituan.net/dpmerchantpic/c55e9ab60517ca1aebea66c82a814493193263.jpg,,,,乐成市区,剧本杀,,,68元 新客代金券,,,待入驻,https://m.dianping.com/shoplist/101/search?from=m_search&keyword=者者居,#N/A,#N/A,待入驻
剧本杀·人生彩排室,https://p0.meituan.net/dpmerchantpic/8c687a0de6cabede1518dc018fa15c7c391661.jpg,,5,,滨海园区,剧本杀,,,,,,待入驻,https://m.dianping.com/shoplist/101/search?from=m_search&keyword=剧本杀·人生彩排室,#N/A,#N/A,待入驻
星辰造梦所,https://p1.meituan.net/dpmerchantpic/b26ba32b3edfc9233b122088c302ba92152100.jpg,,1,,体育中心,剧本杀,,,88元 鲸鱼马戏团,,,待入驻,https://m.dianping.com/shoplist/101/search?from=m_search&keyword=星辰造梦所,#N/A,#N/A,待入驻
思瓜推理社,https://p0.meituan.net/dpmerchantpic/10f51538c2b8accd1b8ef18cd6c7fde376123.jpg,,,,大学城,剧本杀,,,58元 【盒装】周末剧本杀新人券,,,待入驻,https://m.dianping.com/shoplist/101/search?from=m_search&keyword=思瓜推理社,#N/A,#N/A,待入驻
第二人生沉浸式推理馆,https://p1.meituan.net/merchantpic/35d7365fc98ec3c1f5142d737a9004ec379052.jpg,,2,,平阳银泰城,剧本杀,,,,,,待入驻,https://m.dianping.com/shoplist/101/search?from=m_search&keyword=第二人生沉浸式推理馆,#N/A,#N/A,待入驻
南柯o梦推理社,https://p1.meituan.net/dpmerchantpic/c32fd5c384ab850cb4d0cf0fe20ef725279384.jpg,,3,,乐成市区,剧本杀,,,1元 生日代金劵,,,待入驻,https://m.dianping.com/shoplist/101/search?from=m_search&keyword=南柯o梦推理社,#N/A,#N/A,待入驻
忘忧推理社,https://p0.meituan.net/dpmerchantpic/93eabc58de48557a9a4f30d69c5db5e4163300.jpg,,1,,昆阳镇,剧本杀,,,88元 窗边的女人,,,待入驻,https://m.dianping.com/shoplist/101/search?from=m_search&keyword=忘忧推理社,#N/A,#N/A,待入驻
小剧蛋推理社,https://p0.meituan.net/merchantpic/0475f8136afdc8613e140701c31dcd6b146062.jpg,,6,,瑞安市其他,剧本杀,,,72元 单人盒装剧本杀,,,待入驻,https://m.dianping.com/shoplist/101/search?from=m_search&keyword=小剧蛋推理社,#N/A,#N/A,待入驻
灵魂分析师,https://p1.meituan.net/merchantpic/ffb2e11fca3e0b61a37b8319e28bbdb2286672.jpg,,12,,锦绣路,剧本杀,,,68元 老槐树,,,待入驻,https://m.dianping.com/shoplist/101/search?from=m_search&keyword=灵魂分析师,#N/A,#N/A,待入驻
凌晨两点半剧本杀推理社,https://p0.meituan.net/merchantpic/7c7e05c3a58cb165c944e9084727e0d4134228.jpg,,13,,瓯北,剧本杀,,,88元 剧本杀优惠体验券,,,瓯北新华路新桥大厦A幢一单元2102室(近大悦里),https://m.dianping.com/shoplist/101/search?from=m_search&keyword=凌晨两点半剧本杀推理社,28.038439,120.646133,待入驻
脑壳儿疼,https://p0.meituan.net/merchantpic/cc5aa4e519ecad81623d9e806caef22539529.jpg,,12,,乐成市区,剧本杀,,,68元 剧本杀新人体验价,,,待入驻,https://m.dianping.com/shoplist/101/search?from=m_search&keyword=脑壳儿疼,#N/A,#N/A,待入驻
寻生客栈,https://p0.meituan.net/merchantpic/75068bcdc9b2a9f70a488d3da8b5a127932293.jpg,,43,,大学城,剧本杀,,,88元 剧本杀·K的系列,,,待入驻,https://m.dianping.com/shoplist/101/search?from=m_search&keyword=寻生客栈,#N/A,#N/A,待入驻
江楠劇社,https://p1.meituan.net/dpmerchantpic/1904a943f19f9ab1d1cb83e6a871f37075984.jpg,,44,,茶山,剧本杀,,,,,,待入驻,https://m.dianping.com/shoplist/101/search?from=m_search&keyword=江楠劇社,#N/A,#N/A,待入驻
别敲门沉浸式推理馆,https://p0.meituan.net/merchantpic/6f4c80467461ba542854f82b2e1a06af1014039.jpg,,17,,柳市镇,剧本杀,,,69元 【剧本杀】任意盒装本,,,待入驻,https://m.dianping.com/shoplist/101/search?from=m_search&keyword=别敲门沉浸式推理馆,#N/A,#N/A,待入驻
陌剧游戏馆·剧本·桌游·狼人杀,https://p0.meituan.net/merchantpic/a5e3a84d17e366ab9444d2fe81b309cc20119.jpg,,25,,龙港镇,剧本杀,,,98元 剧本杀,,,待入驻,https://m.dianping.com/shoplist/101/search?from=m_search&keyword=陌剧游戏馆·剧本·桌游·狼人杀,#N/A,#N/A,待入驻
幻空推理社,https://p1.meituan.net/merchantpic/b1666cd0e04b462537792fdbaf735058272743.jpg,,2,,虹桥镇,剧本杀,,1元可购20元代金券,58元 禁闭凶间,,,虹桥镇飞虹南路555号天元广场C5幢202-203室,https://m.dianping.com/shoplist/101/search?from=m_search&keyword=幻空推理社,28.205248,121.044624,待入驻
不速之客沉浸式推理社,https://p0.meituan.net/merchantpic/b9e5e1bb162f0de824fc93ffec25c9e2343510.jpg,,16,,大学城,剧本杀,,,56.8元 【剧本杀】新人券,,,待入驻,https://m.dianping.com/shoplist/101/search?from=m_search&keyword=不速之客沉浸式推理社,#N/A,#N/A,待入驻
晓云聚桌游馆,https://qcloud.dpfile.com/pc/aY3FJkGkGJ-ehfEEFF6NcEnAO-9b3VIKqLav4QOjZBF-FuZ3w5EpWFPvAI_GsRmdFoXqu0G3iT2T27qat3WhLVEuLYk00OmSS1IdNpm8K8sG4JN9RIm2mTKcbLtc2o2vfCF2ubeXzk49OsGrXt_KYDCngOyCwZK-s3fqawWswzk.jpg,,3,,乐成市区,剧本杀,,,,,,待入驻,https://m.dianping.com/shoplist/101/search?from=m_search&keyword=晓云聚桌游馆,#N/A,#N/A,待入驻
零派轰趴馆(银泰店),https://p0.meituan.net/merchantpic/194d5f10aeaccfe80268990db93e3fc8526304.jpg,,13,,苍南银泰城,轰趴馆,"KTV
有会议室",,58元 剧本杀套餐,,,待入驻,https://m.dianping.com/shoplist/101/search?from=m_search&keyword=零派轰趴馆(银泰店),#N/A,#N/A,待入驻
世外逃源,https://p0.meituan.net/dpmerchantpic/6e143ee731ebef36b9c60e4ac4fcfa5d92895.jpg,,11,,乐成市区,密室,"恐怖密室
桌游",,868元 实景互动剧本杀《瘮》7人变格本7份,,,待入驻,https://m.dianping.com/shoplist/101/search?from=m_search&keyword=世外逃源,#N/A,#N/A,待入驻
DM推理社,https://p1.meituan.net/searchscenerec/268fcf0cf9da6ee9de81082cd414d859167595.png,,1,,乐成市区,剧本杀,,,,,,待入驻,https://m.dianping.com/shoplist/101/search?from=m_search&keyword=DM推理社,#N/A,#N/A,待入驻
不安全推理社(柳市三里一路店),https://p0.meituan.net/merchantpic/897dd4d1f9acab55ca6aff98bcaea864980413.jpg,,25,,柳市镇,剧本杀,,,68元 剧本杀单场券,,,待入驻,https://m.dianping.com/shoplist/101/search?from=m_search&keyword=不安全推理社(柳市三里一路店),#N/A,#N/A,待入驻
東門密室,https://p0.meituan.net/dpmerchantpic/d404ec396e951828dc66ea105065b52f228111.jpg,,24,,安阳街道,密室,"当前有1场在拼
恐怖密室
桌游
免费停车",,58元 【剧本杀Z系列3-9人本】,,,待入驻,https://m.dianping.com/shoplist/101/search?from=m_search&keyword=東門密室,#N/A,#N/A,待入驻
惊叹号剧本推理社,https://p1.meituan.net/searchscenerec/c0320f5860e99b1aeff6201f8a9a8e85296901.png,,,,泰顺县,剧本杀,,,,,,待入驻,https://m.dianping.com/shoplist/101/search?from=m_search&keyword=惊叹号剧本推理社,#N/A,#N/A,待入驻
月.谜推理社,https://p1.meituan.net/merchantpic/0796ed57470ed1afad45c17719edf601173208.jpg,,5,,柳市镇,剧本杀,,,50元 剧本杀普通盒装本,,,柳黄路377号5楼,https://m.dianping.com/shoplist/101/search?from=m_search&keyword=月.谜推理社,28.036964,120.899513,待入驻
拾贰推理社,https://p0.meituan.net/merchantpic/16e5d4e5bbd1981a8679844e001082821190619.jpg,,57,,瓯北,剧本杀,,78元可购98元代金券,88元 虫儿飞,,,待入驻,https://m.dianping.com/shoplist/101/search?from=m_search&keyword=拾贰推理社,#N/A,#N/A,待入驻
温州德信私人调查私家侦探公司,https://p1.meituan.net/searchscenerec/c0320f5860e99b1aeff6201f8a9a8e85296901.png,,,,上江,剧本杀,,,,,,待入驻,https://m.dianping.com/shoplist/101/search?from=m_search&keyword=温州德信私人调查私家侦探公司,#N/A,#N/A,待入驻
枭潜实景桌游推理社,https://p0.meituan.net/merchantpic/8b380f0bdd4324f35617e0ac727dacbc188919.jpg,,6,,大学城,剧本杀,,,,,,待入驻,https://m.dianping.com/shoplist/101/search?from=m_search&keyword=枭潜实景桌游推理社,#N/A,#N/A,待入驻
解忧剧本推理馆,https://p1.meituan.net/searchscenerec/c0320f5860e99b1aeff6201f8a9a8e85296901.png,,,,安阳街道,剧本杀,,,,,,佳欣华庭7栋20A,https://m.dianping.com/shoplist/101/search?from=m_search&keyword=解忧剧本推理馆,27.772694,120.663208,待入驻
零伍柒柒逻辑研究所,https://p1.meituan.net/searchscenerec/c0320f5860e99b1aeff6201f8a9a8e85296901.png,,,,新桥,剧本杀,,,,,,待入驻,https://m.dianping.com/shoplist/101/search?from=m_search&keyword=零伍柒柒逻辑研究所,#N/A,#N/A,待入驻
人间失格探案馆,https://p1.meituan.net/searchscenerec/c0320f5860e99b1aeff6201f8a9a8e85296901.png,,,,乐成市区,剧本杀,,,,,,待入驻,https://m.dianping.com/shoplist/101/search?from=m_search&keyword=人间失格探案馆,#N/A,#N/A,待入驻
夜昼推理社,https://p0.meituan.net/merchantpic/23b3e3d0ba33ab86754bd4485ab09aef1264090.jpg,,3,,大学城,剧本杀,,,,,,南白象街道安湖公寓东山排挡二楼,https://m.dianping.com/shoplist/101/search?from=m_search&keyword=夜昼推理社,27.920151,120.685279,待入驻
LIENOW-来闹全息沉浸式推理社,https://p1.meituan.net/searchscenerec/c0320f5860e99b1aeff6201f8a9a8e85296901.png,,,,乐清市其他,剧本杀,,,,,,待入驻,https://m.dianping.com/shoplist/101/search?from=m_search&keyword=LIENOW-来闹全息沉浸式推理社,#N/A,#N/A,待入驻
一九推理社,https://p1.meituan.net/searchscenerec/c0320f5860e99b1aeff6201f8a9a8e85296901.png,,,,龙湾区,剧本杀,,,,,,待入驻,https://m.dianping.com/shoplist/101/search?from=m_search&keyword=一九推理社,#N/A,#N/A,待入驻
摘星人剧本杀推理社,https://p1.meituan.net/merchantpic/e6d0922a9a6d1f11a5934857d84a84f6176484.jpg,,2,,瓯北,剧本杀,,,,,,待入驻,https://m.dianping.com/shoplist/101/search?from=m_search&keyword=摘星人剧本杀推理社,#N/A,#N/A,待入驻
藏狐推理馆(大学城店),https://p1.meituan.net/searchscenerec/c0320f5860e99b1aeff6201f8a9a8e85296901.png,,,,大学城,剧本杀,,,,,,待入驻,https://m.dianping.com/shoplist/101/search?from=m_search&keyword=藏狐推理馆(大学城店),#N/A,#N/A,待入驻
soul灵魂陪玩工作室,https://p0.meituan.net/merchantpic/1b2be8750af6901c76adc39cc19a3bd1288419.jpg,,,,乐成市区,新奇体验,,,100元 【新奇体验】剧本杀指导,,,待入驻,https://m.dianping.com/shoplist/101/search?from=m_search&keyword=soul灵魂陪玩工作室,#N/A,#N/A,待入驻
诡雾剧本杀,https://p1.meituan.net/searchscenerec/c0320f5860e99b1aeff6201f8a9a8e85296901.png,,,,苍南县其他,剧本杀,,,,,,待入驻,https://m.dianping.com/shoplist/101/search?from=m_search&keyword=诡雾剧本杀,#N/A,#N/A,待入驻
边界探案馆,https://p1.meituan.net/searchscenerec/c0320f5860e99b1aeff6201f8a9a8e85296901.png,,,,大学城,剧本杀,,,,,,待入驻,https://m.dianping.com/shoplist/101/search?from=m_search&keyword=边界探案馆,#N/A,#N/A,待入驻
聚变推理社,https://p1.meituan.net/searchscenerec/c0320f5860e99b1aeff6201f8a9a8e85296901.png,,,,瓯北,剧本杀,,,,,,待入驻,https://m.dianping.com/shoplist/101/search?from=m_search&keyword=聚变推理社,#N/A,#N/A,待入驻
侦探事务所,https://p1.meituan.net/searchscenerec/c0320f5860e99b1aeff6201f8a9a8e85296901.png,,,,茶山,剧本杀,,,,,,待入驻,https://m.dianping.com/shoplist/101/search?from=m_search&keyword=侦探事务所,#N/A,#N/A,待入驻
失落迷城密室逃脱,https://p0.meituan.net/dpmerchantpic/5e27184b4c953bde4ee80249317b5a2e56175.jpg,,28,,虹桥镇,密室,"恐怖密室
桌游
免费停车",,148元 【密室】【古风怨歌】《绣花鞋》,,,待入驻,https://m.dianping.com/shoplist/101/search?from=m_search&keyword=失落迷城密室逃脱,#N/A,#N/A,待入驻
池铃阁汉服体验馆,https://p0.meituan.net/merchantpic/3c861eb725f3af827291bec3cf43e83d676948.jpg,,1,,雁荡镇,新奇体验,,,89元 古风换装剧本杀,,,待入驻,https://m.dianping.com/shoplist/101/search?from=m_search&keyword=池铃阁汉服体验馆,#N/A,#N/A,待入驻
天机阁沉浸式剧本杀推理馆(瑞安店),https://p0.meituan.net/merchantpic/752cecb6a4ebe6e4221c7e28e192e7dd170290.jpg,,3,,吾悦广场,剧本杀,,,,,,待入驻,https://m.dianping.com/shoplist/101/search?from=m_search&keyword=天机阁沉浸式剧本杀推理馆(瑞安店),#N/A,#N/A,待入驻
秋宵吟沉浸式剧本杀,https://p0.meituan.net/merchantpic/d494f5815974b1361ee28fe8d8d7a29e56772.jpg,,,,车站大道,剧本杀,团购满99抵15,,68元 盒装本单人券,,,时代商住广场南幢2705室,https://m.dianping.com/shoplist/101/search?from=m_search&keyword=秋宵吟沉浸式剧本杀,#N/A,#N/A,15967421427
芒果探案馆VR,https://p0.meituan.net/dpmerchantpic/66b1e8f76adcab3d74e3c06103050cbd534777.jpg,,,,欧洲城,剧本杀,,,158元 VR剧本杀单人券,,,待入驻,https://m.dianping.com/shoplist/101/search?from=m_search&keyword=芒果探案馆VR,#N/A,#N/A,待入驻
剧中人沉浸式剧本推理馆,https://p0.meituan.net/merchantpic/122471293eadd4eb2799171d69b8f2c1473730.jpg,,9,,乐成市区,剧本杀,,,,,,香江丽苑1幢2单元2103室,https://m.dianping.com/shoplist/101/search?from=m_search&keyword=剧中人沉浸式剧本推理馆,28.09909,120.969997,待入驻
幻境剧本杀,https://p0.meituan.net/dpmerchantpic/4423e126f26b7a07c804f00effd4edb7181443.jpg,,36,,南塘风貌街,剧本杀,,,,,,待入驻,https://m.dianping.com/shoplist/101/search?from=m_search&keyword=幻境剧本杀,#N/A,#N/A,待入驻
秘密剧本杀推理社,https://p0.meituan.net/merchantpic/abd0764b8dbc9dac912456e97629aa1b258496.jpg,,5,,瓯海区,剧本杀,,,,,,待入驻,https://m.dianping.com/shoplist/101/search?from=m_search&keyword=秘密剧本杀推理社,#N/A,#N/A,待入驻
戏精House剧本杀·酒馆·轰趴,https://p1.meituan.net/searchscenerec/c0320f5860e99b1aeff6201f8a9a8e85296901.png,,,,玉海街道,剧本杀,,,,,,待入驻,https://m.dianping.com/shoplist/101/search?from=m_search&keyword=戏精House剧本杀·酒馆·轰趴,#N/A,#N/A,待入驻
以梦之名剧本推理社,https://p1.meituan.net/searchscenerec/c0320f5860e99b1aeff6201f8a9a8e85296901.png,,,,灵溪镇,剧本杀,,,,,,灵溪镇春晖路14-16号,https://m.dianping.com/shoplist/101/search?from=m_search&keyword=以梦之名剧本推理社,27.522509,120.426733,待入驻
般若,https://p1.meituan.net/searchscenerec/c0320f5860e99b1aeff6201f8a9a8e85296901.png,,,,五马街/大南门,剧本杀,,,,,,待入驻,https://m.dianping.com/shoplist/101/search?from=m_search&keyword=般若,#N/A,#N/A,待入驻
乌鸦全息推理社,https://p1.meituan.net/searchscenerec/c0320f5860e99b1aeff6201f8a9a8e85296901.png,,,,柳市镇,剧本杀,,,,,,待入驻,https://m.dianping.com/shoplist/101/search?from=m_search&keyword=乌鸦全息推理社,#N/A,#N/A,待入驻
