﻿id,name,Lat,Lng,cityname,adname,address,tel,url
B0HARC19LC,YZ沉浸式剧本杀推理馆,120.664217,27.781557,温州市,瑞安市,安阳街道新城吾悦广场3幢停车楼2层2072-2074号,13064546979,https://m.dianping.com/shoplist/101/search?from=m_search&keyword=YZ沉浸式剧本杀推理馆
B0H2RB22VY,剧满楼沉浸剧本杀,120.536232,27.579245,温州市,龙港市,德雅花园公交站后面,18057743339;15968148753,https://m.dianping.com/shoplist/101/search?from=m_search&keyword=剧满楼沉浸剧本杀
B0HUKZ8D6S,4Y剧本杀推理社,120.685318,27.912059,温州市,瓯海区,山澜苑6-112商铺,15705777706;13250866816,https://m.dianping.com/shoplist/101/search?from=m_search&keyword=4Y剧本杀推理社
B0HD0U017J,梦境剧本杀,120.890248,28.045358,温州市,乐清市,,17816248214,https://m.dianping.com/shoplist/101/search?from=m_search&keyword=梦境剧本杀
B0HGRCOC3Q,六扇门探案馆·剧本杀,120.813494,27.919261,温州市,龙湾区,万达广场七号写字楼7楼720,15205879712;18875800885,https://m.dianping.com/shoplist/101/search?from=m_search&keyword=六扇门探案馆·剧本杀
B0H25UNEPK,扯淡剧本杀推理馆,120.685065,28.148431,温州市,永嘉县,上塘镇秀水路上善居6幢501室万潮广场200米,13750915103;15967466572,https://m.dianping.com/shoplist/101/search?from=m_search&keyword=扯淡剧本杀推理馆
B0HD5ZGD1V,极光情报局•剧本杀体验馆,120.660092,28.004776,温州市,鹿城区,荷花锦园A幢8号（极光情报局剧本杀体验馆）,18368329402,https://m.dianping.com/shoplist/101/search?from=m_search&keyword=极光情报局•剧本杀体验馆
B0H1KR3KFV,疑厂剧本杀全息馆,120.659017,28.010699,温州市,鹿城区,五马街道第一桥128号温州饭店内6幢201室,18906678673,https://m.dianping.com/shoplist/101/search?from=m_search&keyword=疑厂剧本杀全息馆
B0G3MR2UMH,盗社桌游剧本杀狼人杀,120.955107,28.117371,温州市,乐清市,山前路49号,,https://m.dianping.com/shoplist/101/search?from=m_search&keyword=盗社桌游剧本杀狼人杀
B0HA3H2W21,戏中角剧本杀龙港店,120.552815,27.581155,温州市,龙港市,,17682348700,https://m.dianping.com/shoplist/101/search?from=m_search&keyword=戏中角剧本杀龙港店
B0HA6CDDG7,诡雾剧本杀推理社,120.542564,27.581518,温州市,龙港市,龙港大道136-162号,15658713541;13025000236,https://m.dianping.com/shoplist/101/search?from=m_search&keyword=诡雾剧本杀推理社
B0HUMAUVZR,两世人剧本杀,120.889713,28.04982,温州市,乐清市,柳市镇柳江村柳江北路138号南首门302室,15888245134,https://m.dianping.com/shoplist/101/search?from=m_search&keyword=两世人剧本杀
B0H1UDWRA9,异途剧本杀推理社,120.984432,28.116628,温州市,乐清市,伯乐东路美好家园5栋703,15157779101,https://m.dianping.com/shoplist/101/search?from=m_search&keyword=异途剧本杀推理社
B0GKBHH5EH,戏中角剧本杀推理馆,120.556163,27.595379,温州市,平阳县,塘古北路15-1号,18958090068;17682348700,https://m.dianping.com/shoplist/101/search?from=m_search&keyword=戏中角剧本杀推理馆
B0H2CSU3O5,临江剧本杀探案馆,120.692486,28.151694,温州市,永嘉县,屿后巷129号,18334496863;19518179523,https://m.dianping.com/shoplist/101/search?from=m_search&keyword=临江剧本杀探案馆
B0H1D1PRGX,胖哒剧本杀,120.685585,27.992336,温州市,鹿城区,车站大道金城大厦D607室,17357781350,https://m.dianping.com/shoplist/101/search?from=m_search&keyword=胖哒剧本杀
B0HUVA0MTN,奇闻沉浸式剧本杀推理管,120.802535,27.927637,温州市,龙湾区,繁青路泰亨温学府西边肯德基边上电梯直达8楼,18758727986,https://m.dianping.com/shoplist/101/search?from=m_search&keyword=奇闻沉浸式剧本杀推理管
B0H3BA1TBP,有戏沉浸式剧本杀推理馆,121.157014,28.405615,温州市,乐清市,大荆镇荆山南路65-71号金万福2层,19548614046;13738759292,https://m.dianping.com/shoplist/101/search?from=m_search&keyword=有戏沉浸式剧本杀推理馆
B0H04S8CU8,罗小黑全息沉浸式剧本杀,120.990828,28.115691,温州市,乐清市,G104(千帆东路),18857947983,https://m.dianping.com/shoplist/101/search?from=m_search&keyword=罗小黑全息沉浸式剧本杀
B0FFLMRLY9,小竹子剧本杀桌游店,120.967655,28.089782,温州市,乐清市,城南街道南城嘉园c栋1单元702室,15257778800,https://m.dianping.com/shoplist/101/search?from=m_search&keyword=小竹子剧本杀桌游店
B0H13AJWUD,寻生客栈剧本杀,120.713988,27.924582,温州市,瓯海区,茶山街道舜岙路15号高教游泳馆对面,15825652525,https://m.dianping.com/shoplist/101/search?from=m_search&keyword=寻生客栈剧本杀
B0HR9Y6158,头号玩家剧本杀,120.336661,27.636697,温州市,平阳县,水头镇振德东路146-148号,18267823872,https://m.dianping.com/shoplist/101/search?from=m_search&keyword=头号玩家剧本杀
B0H335V0ZQ,喷火龙剧本杀推理社,120.705148,27.91721,温州市,瓯海区,茶山高教园区大学城学府印象2001室,,https://m.dianping.com/shoplist/101/search?from=m_search&keyword=喷火龙剧本杀推理社
B0HUFZW0G0,戏精的自我修养剧本杀,120.664834,28.006162,温州市,鹿城区,世贸大厦3605-24,13566273785,https://m.dianping.com/shoplist/101/search?from=m_search&keyword=戏精的自我修养剧本杀
B0H2O4AXJI,巨目7·311剧本杀,120.813577,27.919271,温州市,龙湾区,永定路万达广场7号楼写字楼311-312室,15888462656;15726895728,https://m.dianping.com/shoplist/101/search?from=m_search&keyword=巨目7·311剧本杀
B0H0A4Q9IZ,是谁剧本杀推理社,120.421523,27.515809,温州市,苍南县,灵溪镇车站大道东方景园19幢401室,15158520106,https://m.dianping.com/shoplist/101/search?from=m_search&keyword=是谁剧本杀推理社
B0H2YO0351,夜剧推理社剧本杀,120.407623,27.520996,温州市,苍南县,宫后陈小区1-3幢124号,17774101566,https://m.dianping.com/shoplist/101/search?from=m_search&keyword=夜剧推理社剧本杀
B0H11UPL3H,第二人生剧本杀推理社,120.617237,28.046414,温州市,永嘉县,瓯北镇张堡东路679号,15057576532,https://m.dianping.com/shoplist/101/search?from=m_search&keyword=第二人生剧本杀推理社
B0HGOMVY3I,心计之蛙沉浸式剧本杀·桌游·狼人杀,120.705062,27.917258,温州市,瓯海区,茶山大学城商务中心学府印象2711,19537998847,https://m.dianping.com/shoplist/101/search?from=m_search&keyword=心计之蛙沉浸式剧本杀·桌游·狼人杀
B0H1777RCU,陌巷沉浸式剧本杀探案馆,120.631493,27.778467,温州市,瑞安市,玉海街道会文里七号,15258711207,https://m.dianping.com/shoplist/101/search?from=m_search&keyword=陌巷沉浸式剧本杀探案馆
B0HU11E7J4,lat花狗堂剧本杀俱乐部,120.688611,28.00415,温州市,鹿城区,学院中路小坝坊12幢2楼,18657769433,https://m.dianping.com/shoplist/101/search?from=m_search&keyword=lat花狗堂剧本杀俱乐部
B0FFLP6LGT,HC千奇事件馆·沉浸式剧本杀(永楠店),120.669868,28.020763,温州市,鹿城区,永楠路永楠公寓5、6栋202室,18658736965;18590330609,https://m.dianping.com/shoplist/101/search?from=m_search&keyword=HC千奇事件馆·沉浸式剧本杀(永楠店)
B0HRTC6E9X,灵犬推理社全息剧本杀,120.672537,28.141476,温州市,永嘉县,上塘镇振兴路嘉景嘉园4栋2001室,18066299395;15058367729,https://m.dianping.com/shoplist/101/search?from=m_search&keyword=灵犬推理社全息剧本杀
B0H0KZJ002,思瓜演绎推理社·剧本杀,120.705051,27.917176,温州市,瓯海区,茶山街道春风集市二期三楼307室,17710040286;15990708796,https://m.dianping.com/shoplist/101/search?from=m_search&keyword=思瓜演绎推理社·剧本杀
B0HRMRHK21,不鸽沉浸式剧本杀推理馆,120.64645,27.760825,温州市,瑞安市,东山街道仓关前2号,15382500512;15869690052,https://m.dianping.com/shoplist/101/search?from=m_search&keyword=不鸽沉浸式剧本杀推理馆
B0H2O4CFV6,凌晨两点半剧本杀推理社,120.646133,28.038439,温州市,永嘉县,瓯北新华路新桥大厦A幢一单元2102室(近大悦里),18757788756,https://m.dianping.com/shoplist/101/search?from=m_search&keyword=凌晨两点半剧本杀推理社
B0H1TCK5ND,红桃探案馆·剧本杀(瑞安店),120.658424,27.770237,温州市,瑞安市,安阳街道开泰大厦1幢4单元1608室,17328828144;15224137083,https://m.dianping.com/shoplist/101/search?from=m_search&keyword=红桃探案馆·剧本杀(瑞安店)
B0HG05Y8Y7,少东家推理馆桌游剧本杀狼人杀,120.535868,27.579038,温州市,龙港市,德雅花园20幢206,17769528318,https://m.dianping.com/shoplist/101/search?from=m_search&keyword=少东家推理馆桌游剧本杀狼人杀
B0G2AK1EWU,黑猫剧本杀推理社(置城广场店),120.640228,28.039129,温州市,永嘉县,江北社区新江路置诚广场余氏宗堂3楼,15557582276,https://m.dianping.com/shoplist/101/search?from=m_search&keyword=黑猫剧本杀推理社(置城广场店)
B0HDHHDSXH,幽存悬案馆沉浸式剧本杀,120.639689,28.039755,温州市,永嘉县,瓯北街道建设路2号,18870903500,https://m.dianping.com/shoplist/101/search?from=m_search&keyword=幽存悬案馆沉浸式剧本杀
B0HUX7KUDS,CAJIFUN剧会玩剧本杀体验馆,120.657795,27.781817,温州市,瑞安市,安阳街道瑞祥大道清莲小区北区6幢三单元401室,18358752861;18958971166,https://m.dianping.com/shoplist/101/search?from=m_search&keyword=CAJIFUN剧会玩剧本杀体验馆
B0HGZC2VHW,木马牛沉浸式超级密室演绎剧本杀,120.670203,28.017252,温州市,鹿城区,欧洲城一期五幢307室,15157781390,https://m.dianping.com/shoplist/101/search?from=m_search&keyword=木马牛沉浸式超级密室演绎剧本杀
B0HDPRLX9R,第二人生沉浸式剧本杀馆,120.567424,27.603217,温州市,平阳县,鳌江镇志澄路泰悦府7-117，7-118,19519754208;18058323258,https://m.dianping.com/shoplist/101/search?from=m_search&keyword=第二人生沉浸式剧本杀馆
B0H137LPNE,三只小猪探案馆·沉浸式剧本杀,120.662239,27.772083,温州市,瑞安市,安阳街道罗阳大道辅路佳欣华庭2号楼3层303商铺,13566166718;17858034807,https://m.dianping.com/shoplist/101/search?from=m_search&keyword=三只小猪探案馆·沉浸式剧本杀
B0H3YA5V3Z,第二人生体验馆·沉浸式剧本杀,120.655178,27.796862,温州市,瑞安市,安阳街道瑞枫景园6幢1单元2502室,15382523520,https://m.dianping.com/shoplist/101/search?from=m_search&keyword=第二人生体验馆·沉浸式剧本杀
B0H1SAHOG3,晓云聚桌游·剧本杀·轻食·换装探案馆,120.96921,28.111291,温州市,乐清市,清雁花园A幢3单元501,19975313328,https://m.dianping.com/shoplist/101/search?from=m_search&keyword=晓云聚桌游·剧本杀·轻食·换装探案馆
B0GRD9JW19,51区推理社实景换装-剧本杀-狼人杀(车站大道店),120.685837,27.982986,温州市,鹿城区,车站大道2号华盟商务广场3501室,17681792881;15558933267,https://m.dianping.com/shoplist/101/search?from=m_search&keyword=51区推理社实景换装-剧本杀-狼人杀(车站大道店)
B0H317ZGUI,来闹剧本杀,120.704847,27.917043,温州市,瓯海区,茶山街道高教园区中心区商务中心二期1910室,17816044242,https://m.dianping.com/shoplist/101/search?from=m_search&keyword=来闹剧本杀
B0HD6SBP8E,第一嫌疑人剧本杀推理馆,120.712225,27.992838,温州市,鹿城区,大自然家园3期B区2A2302,15857787783,https://m.dianping.com/shoplist/101/search?from=m_search&keyword=第一嫌疑人剧本杀推理馆
B0HAK6EXAP,one trurh狼人杀剧本社,120.556166,27.556792,温州市,龙港市,世纪大道东方世贸1-502,15968148753,https://m.dianping.com/shoplist/101/search?from=m_search&keyword=one trurh狼人杀剧本社
B0HAUCTESC,剧一聚剧本研究社,120.990941,28.108329,温州市,乐清市,旭阳路兰庭公馆A幢2单元901,18532112467;13291535161,https://m.dianping.com/shoplist/101/search?from=m_search&keyword=剧一聚剧本研究社
B0HUJA0GWQ,夜剧推理社,120.407868,27.520524,温州市,苍南县,灵溪镇宫后陈小区1-3幢124号,17681720673,https://m.dianping.com/shoplist/101/search?from=m_search&keyword=夜剧推理社
B0H3LXRGE1,屿风推理社,120.563951,27.602674,温州市,平阳县,鳌江镇黎前东路93-99,15355926580;18758339627,https://m.dianping.com/shoplist/101/search?from=m_search&keyword=屿风推理社
B0HRURJIFZ,月.谜推理社,120.899513,28.036964,温州市,乐清市,柳黄路377号5楼,13587452050,https://m.dianping.com/shoplist/101/search?from=m_search&keyword=月.谜推理社
B0HRAZMDCJ,寻间·沉浸式推理馆,120.661103,27.779684,温州市,瑞安市,华祥家园5幢四单元401,13706888189,https://m.dianping.com/shoplist/101/search?from=m_search&keyword=寻间·沉浸式推理馆
B0HG2504UB,作幺探案馆(温州店),120.668641,28.0182,温州市,鹿城区,欧洲城1期6幢116-5号,13626561852,https://m.dianping.com/shoplist/101/search?from=m_search&keyword=作幺探案馆(温州店)
B0HAVRACGO,六扇门推理馆,120.589119,27.96216,温州市,瓯海区,港龙商业广场2幢1214室,18968998096,https://m.dianping.com/shoplist/101/search?from=m_search&keyword=六扇门推理馆
B0HAUMRS98,七壹推理社,120.340521,27.641711,温州市,平阳县,水头镇金世纪花园1栋1单元201室,18870099775,https://m.dianping.com/shoplist/101/search?from=m_search&keyword=七壹推理社
B0GKBHGRB3,戏中角,120.556045,27.595211,温州市,平阳县,鳌江镇塘古北路15-1号,19957726997;17682348700,https://m.dianping.com/shoplist/101/search?from=m_search&keyword=戏中角
B0HUADZITY,陌剧游戏馆,120.540721,27.578093,温州市,龙港市,西城路57-59号,17706878521,https://m.dianping.com/shoplist/101/search?from=m_search&keyword=陌剧游戏馆
B0HATSXE8Q,摘心人剧本推理社,120.645752,28.03741,温州市,永嘉县,瓯北街道新桥新建路新桥中新大厦三单元二十楼2005号,13587885701,https://m.dianping.com/shoplist/101/search?from=m_search&keyword=摘心人剧本推理社
B0H1T7IXQM,罗小黑探案记,120.990724,28.115911,温州市,乐清市,城东街道千帆东路555号蝴蝶广场3号楼3楼3306,13798096609;18857847983,https://m.dianping.com/shoplist/101/search?from=m_search&keyword=罗小黑探案记
B0H3XU1OCM,芒果探案馆,120.669802,28.01819,温州市,鹿城区,欧洲城内环B区1号入口二楼,,https://m.dianping.com/shoplist/101/search?from=m_search&keyword=芒果探案馆
B0HDK5EF68,推門沉浸式剧本探案馆,120.661294,28.008451,温州市,鹿城区,莲花路185号3楼,13736711168,https://m.dianping.com/shoplist/101/search?from=m_search&keyword=推門沉浸式剧本探案馆
B0HAOAH4IH,光影女仆沉浸式剧本探案馆,120.969496,28.096743,温州市,乐清市,,13767337521;18767776917,https://m.dianping.com/shoplist/101/search?from=m_search&keyword=光影女仆沉浸式剧本探案馆
B0HD2ACW8R,诡谷·推理探案馆,120.663763,28.008823,温州市,鹿城区,虞师里29号M层201-2,13336927603,https://m.dianping.com/shoplist/101/search?from=m_search&keyword=诡谷·推理探案馆
B0H3RRJ4FB,白昼梦沉浸式探案馆,120.32721,27.632256,温州市,平阳县,水头镇曼顿商业中心A-BC幢001-002-003室,,https://m.dianping.com/shoplist/101/search?from=m_search&keyword=白昼梦沉浸式探案馆
B0G3A7H68E,玖月推理探案馆,120.70762,28.001979,温州市,鹿城区,东欧智库云创空间文化创意园37号B栋306室,19941232326,https://m.dianping.com/shoplist/101/search?from=m_search&keyword=玖月推理探案馆
B0G2AK1VBH,逐鹿沉浸式实景探案馆,120.654936,28.011342,温州市,鹿城区,,13736335593,https://m.dianping.com/shoplist/101/search?from=m_search&keyword=逐鹿沉浸式实景探案馆
B0H2CASSJS,G.X.Y银河探案馆,120.664927,28.011274,温州市,鹿城区,谢池通讯商场二楼少年派,15058725755;18958903393,https://m.dianping.com/shoplist/101/search?from=m_search&keyword=G.X.Y银河探案馆
B0H05AD9LC,光影·女仆沉浸式剧本探案馆,120.961738,28.108042,温州市,乐清市,全季酒店(乐清店)停车场进后门3楼,,https://m.dianping.com/shoplist/101/search?from=m_search&keyword=光影·女仆沉浸式剧本探案馆
B0HDJSU233,听狼说沉浸式推理探案馆,120.975714,28.11869,温州市,乐清市,城东街道双雁路564号,15372831933,https://m.dianping.com/shoplist/101/search?from=m_search&keyword=听狼说沉浸式推理探案馆
B0H0YCK75I,谜肆·MISI·沉浸式剧本探案社,120.663688,27.771531,温州市,瑞安市,嘉宁路84号,18072170041,https://m.dianping.com/shoplist/101/search?from=m_search&keyword=谜肆·MISI·沉浸式剧本探案社
B0H3SCND6R,不易丨探案馆,120.648239,27.781231,温州市,瑞安市,阳光北路288号,18042330827;15728008175,https://m.dianping.com/shoplist/101/search?from=m_search&keyword=不易丨探案馆
B0H2O4BLB9,十五号推理馆,120.698051,28.004116,温州市,鹿城区,上陡门人才大厦c幢1506室,15258794051,https://m.dianping.com/shoplist/101/search?from=m_search&keyword=十五号推理馆
B0HRPH4UVU,答案推理社,120.669637,28.010599,温州市,鹿城区,飞霞南路中荣科创大厦8楼807室,0577-89886923;17328848795,https://m.dianping.com/shoplist/101/search?from=m_search&keyword=答案推理社
B0H14ST0EG,不眠·推理社,119.717445,27.551622,温州市,泰顺县,罗阳镇文祥家苑3幢1-2号2层,17601243914,https://m.dianping.com/shoplist/101/search?from=m_search&keyword=不眠·推理社
B0HD3AMP7N,kc推理馆,120.657028,28.011682,温州市,鹿城区,府前街利府大楼五楼(沿街边电梯上来),13957784382,https://m.dianping.com/shoplist/101/search?from=m_search&keyword=kc推理馆
B0HRPC4OBQ,未来推理社,120.654291,28.01054,温州市,鹿城区,信河街新国光大厦D幢302室,18968848918,https://m.dianping.com/shoplist/101/search?from=m_search&keyword=未来推理社
B0HD0ZX6AC,真象推理社,120.64795,27.76887,温州市,瑞安市,拱瑞山路378号华瑞豪庭华安庭1栋402,17769502171,https://m.dianping.com/shoplist/101/search?from=m_search&keyword=真象推理社
B0H3P54DD8,夜行推理社,121.033922,28.211138,温州市,乐清市,虹桥镇虹桥中路156号,13057800002;13276818320,https://m.dianping.com/shoplist/101/search?from=m_search&keyword=夜行推理社
B0FFLGPSDY,不安全推理社,120.898143,28.03851,温州市,乐清市,柳市镇三里一路69号正后门三楼,13587786953;18867735579,https://m.dianping.com/shoplist/101/search?from=m_search&keyword=不安全推理社
B0HUOUG7JU,影雾推理社,120.69766,27.912926,温州市,瓯海区,茶山街道卧龙路662号睦祥锦园7栋1单元502室,18814945853,https://m.dianping.com/shoplist/101/search?from=m_search&keyword=影雾推理社
B0H2VUX453,目马推理剧场,120.70617,27.916967,温州市,瓯海区,高教园区商务中心一期304室-7,,https://m.dianping.com/shoplist/101/search?from=m_search&keyword=目马推理剧场
B0HD4MGHUU,目马推理社,120.704962,27.917038,温州市,瓯海区,"学府印象2313,2314室",18815135510;15228847997,https://m.dianping.com/shoplist/101/search?from=m_search&keyword=目马推理社
B0HRRRX9Y5,二氧化探推理社,120.669247,27.776891,温州市,瑞安市,明镜佳园A幢2单元1002,15967702202,https://m.dianping.com/shoplist/101/search?from=m_search&keyword=二氧化探推理社
B0HD1A4B2H,幻空推理社,121.044624,28.205248,温州市,乐清市,虹桥镇飞虹南路555号天元广场C5幢202-203室,17601090688;13029695389,https://m.dianping.com/shoplist/101/search?from=m_search&keyword=幻空推理社
B0H3H705AB,51区推理社,120.65425,28.009908,温州市,鹿城区,信河街新国光大厦E栋产业301,15558933267,https://m.dianping.com/shoplist/101/search?from=m_search&keyword=51区推理社
B0GKAC4I1F,香蕉剧本推理工厂,120.707406,28.002043,温州市,鹿城区,东瓯智库36号5楼,17816315699,https://m.dianping.com/shoplist/101/search?from=m_search&keyword=香蕉剧本推理工厂
B0HAPHSHSQ,007推理社,120.717362,27.925054,温州市,瓯海区,茶山街道舜岙寮后巷13号,13626513968,https://m.dianping.com/shoplist/101/search?from=m_search&keyword=007推理社
B0H6MCGOAX,明灯推理馆,120.653652,28.0164,温州市,鹿城区,城西街金锁匙10号(城西教堂旁),13705886061,https://m.dianping.com/shoplist/101/search?from=m_search&keyword=明灯推理馆
B0H1AC4TKH,南柯一梦推理馆,120.97563,28.118067,温州市,乐清市,城东街道双雁路488号502室,,https://m.dianping.com/shoplist/101/search?from=m_search&keyword=南柯一梦推理馆
B0H051I6LG,解忧剧本推理馆,120.663208,27.772694,温州市,瑞安市,佳欣华庭7栋20A,13858846679,https://m.dianping.com/shoplist/101/search?from=m_search&keyword=解忧剧本推理馆
B0H3AABGPB,叁回推理社,120.958757,28.108311,温州市,乐清市,宋湖路7号音乐之城风之谷4楼,15381588706,https://m.dianping.com/shoplist/101/search?from=m_search&keyword=叁回推理社
B0HD4ZHC15,乐清市诡计推理社,121.01041,28.098965,温州市,乐清市,总部经济园一栋11楼,,https://m.dianping.com/shoplist/101/search?from=m_search&keyword=乐清市诡计推理社
B0H2A77O1O,诡雾推理社,120.542443,27.581534,温州市,龙港市,龙港大道150号新华大楼后面二单元二楼,,https://m.dianping.com/shoplist/101/search?from=m_search&keyword=诡雾推理社
B0FFM9SHUI,夜昼推理社,120.685279,27.920151,温州市,瓯海区,南白象街道安湖公寓东山排挡二楼,18072004361,https://m.dianping.com/shoplist/101/search?from=m_search&keyword=夜昼推理社
B0HR17EUMZ,小剧蛋推理馆,120.670664,27.779419,温州市,瑞安市,锦佳华庭A区1号楼二单元702,18767711657;13567766988,https://m.dianping.com/shoplist/101/search?from=m_search&keyword=小剧蛋推理馆
B0HRZCMP2F,你不对劲推理社,120.52671,27.572154,温州市,龙港市,国发花园北门工业街102号,13695727374;17757740555,https://m.dianping.com/shoplist/101/search?from=m_search&keyword=你不对劲推理社
B0H6FC448M,唐人街推理馆,120.658944,28.0038,温州市,鹿城区,小南路42号国鼎商务楼404,13757870224;15825698956,https://m.dianping.com/shoplist/101/search?from=m_search&keyword=唐人街推理馆
B0HUSZK5WH,人生如戏推理社,120.97024,28.109621,温州市,乐清市,清远路欣业大厦1单元501室,13456020709,https://m.dianping.com/shoplist/101/search?from=m_search&keyword=人生如戏推理社
B0HRTK5SLZ,沉浸式剧本推理馆,120.649712,27.770505,温州市,瑞安市,拱瑞山路284号,15558750737,https://m.dianping.com/shoplist/101/search?from=m_search&keyword=沉浸式剧本推理馆
B0HDSH7J7X,Begin全息沉浸推理社,120.669703,28.010627,温州市,鹿城区,飞霞南路918弄3号中荣科创大厦701室,13736431566,https://m.dianping.com/shoplist/101/search?from=m_search&keyword=Begin全息沉浸推理社
B0HUOAFJHF,戏精·剧本推理馆,120.662201,27.777949,温州市,瑞安市,罗阳大道18-23号,13566140725;19129301996,https://m.dianping.com/shoplist/101/search?from=m_search&keyword=戏精·剧本推理馆
B0HRG7BIK3,七月沉浸式剧本推理馆,120.630633,27.780178,温州市,瑞安市,大沙堤13-1号,19817504724,https://m.dianping.com/shoplist/101/search?from=m_search&keyword=七月沉浸式剧本推理馆
B0H2N7GUGG,茶山来闹剧本推理社,120.70498,27.917139,温州市,瓯海区,茶山商务中心学府印象1910,15320202843;17816044242,https://m.dianping.com/shoplist/101/search?from=m_search&keyword=茶山来闹剧本推理社
B0HRAZK2DB,琉光女仆推理社,120.974838,28.121733,温州市,乐清市,银河花园17栋101室,18857907132,https://m.dianping.com/shoplist/101/search?from=m_search&keyword=琉光女仆推理社
B0HAKXKP1H,戏精剧本推理馆,120.661526,27.767802,温州市,瑞安市,隆山东路宏都小区25幢1单元402,13989788091,https://m.dianping.com/shoplist/101/search?from=m_search&keyword=戏精剧本推理馆
B0HRLC1556,初心沉浸式推理社,120.974249,28.116946,温州市,乐清市,双雁路459号阳光大厦1栋1单元1502,18066373793,https://m.dianping.com/shoplist/101/search?from=m_search&keyword=初心沉浸式推理社
B0FFLH57RO,NINES推理馆(温州店),120.669776,28.018445,温州市,鹿城区,江滨西路355号附近欧洲城中心大楼7层703,0577-86118153;18064772725,https://m.dianping.com/shoplist/101/search?from=m_search&keyword=NINES推理馆(温州店)
B0HRBSVI45,洛初沉浸推理馆,120.413663,27.525843,温州市,苍南县,广场南路海西科技创业园14幢主楼1607,17681896612;15868552404,https://m.dianping.com/shoplist/101/search?from=m_search&keyword=洛初沉浸推理馆
B0HG9CPNQA,小世界剧本推理馆,120.898196,28.042539,温州市,乐清市,柳市兴达路121号佳乐公寓B401室,18257415423,https://m.dianping.com/shoplist/101/search?from=m_search&keyword=小世界剧本推理馆
B0H3T5FTZC,银月沉浸式推理社,120.970121,28.109167,温州市,乐清市,清远路305号民生公寓B幢1单元406室,,https://m.dianping.com/shoplist/101/search?from=m_search&keyword=银月沉浸式推理社
B0FFM1KI2L,真相只有一个推理馆,120.65892,28.010672,温州市,鹿城区,第一桥中荣城市广场B区4楼,0577-88286611;13345875550,https://m.dianping.com/shoplist/101/search?from=m_search&keyword=真相只有一个推理馆
B0H11ROK74,Q TIME剧本推理社,120.68437,28.013489,温州市,鹿城区,高田路13-1号,15381555000;13616616707,https://m.dianping.com/shoplist/101/search?from=m_search&keyword=Q TIME剧本推理社
B0H3NH0IDM,以梦之名剧本推理社,120.426733,27.522509,温州市,苍南县,灵溪镇春晖路14-16号,13958704202;17357766033,https://m.dianping.com/shoplist/101/search?from=m_search&keyword=以梦之名剧本推理社
B0HUKH6XX2,剧中人沉浸式剧本推理馆,120.969997,28.09909,温州市,乐清市,香江丽苑1幢2单元2103室,13626567771,https://m.dianping.com/shoplist/101/search?from=m_search&keyword=剧中人沉浸式剧本推理馆
B0GKHX6GY1,不安全推理社(乐成时代广场店),120.973326,28.108401,温州市,乐清市,欣业大厦,18867735579;13587786953,https://m.dianping.com/shoplist/101/search?from=m_search&keyword=不安全推理社(乐成时代广场店)
B0GKUXMOAK,藏狐剧本推理社,120.685775,27.990965,温州市,鹿城区,车站大道160号交行广场15C,17365851096,https://m.dianping.com/shoplist/101/search?from=m_search&keyword=藏狐剧本推理社
B0G0HHIILP,谜鹿沉浸式剧本推理社,120.705526,27.916665,温州市,瓯海区,茶山街道高教园区商务中心二期25楼2510室,13353321481,https://m.dianping.com/shoplist/101/search?from=m_search&keyword=谜鹿沉浸式剧本推理社
B0H3K7Z2NU,Z·X·D悬疑推理社,120.559132,27.972528,温州市,瓯海区,燎原华庭1栋1单元26楼2603室,15957416783,https://m.dianping.com/shoplist/101/search?from=m_search&keyword=Z·X·D悬疑推理社
B0H2N5FZVD,我是谁沉浸式剧本推理社,120.810982,27.921314,温州市,龙湾区,永强路万达广场1号写字楼721,13626584289,https://m.dianping.com/shoplist/101/search?from=m_search&keyword=我是谁沉浸式剧本推理社
B0H21C86R2,竹之幻境剧本推理社(乐清正大广场店),120.971964,28.086818,温州市,乐清市,正大广场3层L-3002商铺,15267708603,https://m.dianping.com/shoplist/101/search?from=m_search&keyword=竹之幻境剧本推理社(乐清正大广场店)
B0HDUMIHO5,嘻游剧本推理社(府前街店),120.657882,28.010655,温州市,鹿城区,康泰大楼二楼215-222,18058320229,https://m.dianping.com/shoplist/101/search?from=m_search&keyword=嘻游剧本推理社(府前街店)
B0G2BS9W7M,ODD调查局沉浸式实景剧本推理馆,120.65334,28.00899,温州市,鹿城区,松台大厦A幢1401,0577-88280235;18906631500,https://m.dianping.com/shoplist/101/search?from=m_search&keyword=ODD调查局沉浸式实景剧本推理馆
B0G0MONKQT,嘻游沉浸式剧本推理社(欧洲城店),120.669884,28.018711,温州市,鹿城区,江滨西路欧洲城中心大楼709室,18066300256,https://m.dianping.com/shoplist/101/search?from=m_search&keyword=嘻游沉浸式剧本推理社(欧洲城店)
B0HATUZMBS,鸿道循经针推理疗馆,121.152578,28.406581,温州市,乐清市,大荆镇石门路77号2层,13968781649,https://m.dianping.com/shoplist/101/search?from=m_search&keyword=鸿道循经针推理疗馆
B0H3ZAG2UX,惊蛰剧本轰趴酒馆,120.679626,27.780901,温州市,瑞安市,莘塍育才小区c幢15号,19818569524,https://m.dianping.com/shoplist/101/search?from=m_search&keyword=惊蛰剧本轰趴酒馆
B0HRZ7O5YG,人生无限公司,120.647946,27.769836,温州市,瑞安市,华瑞豪庭3幢703号,13567773052,https://m.dianping.com/shoplist/101/search?from=m_search&keyword=人生无限公司
